ADD,nexthop,11101000010001110010010111101110,111111111,0
ADD,nexthop,00000110011000001111001011110100,011111111,0
ADD,nexthop,10001010011010010000101001111110,101111111,0
ADD,nexthop,01110110101001111011101001100110,001111111,0
ADD,nexthop,00100011000101001101110011110010,110111111,0
ADD,nexthop,11011011011001111001000011100010,010111111,0
ADD,nexthop,01011011100100011100000011010111,100111111,0
ADD,nexthop,01001011101110101110100001110100,000111111,0
ADD,nexthop,01000011111100111010110011010100,111011111,0
ADD,nexthop,01101101010101011100111010111010,011011111,0
ADD,nexthop,01011011001000110110011101011110,101011111,0
ADD,nexthop,00101001101010101111001010111010,001011111,0
ADD,nexthop,10010111001100011110001110000100,110011111,0
ADD,nexthop,00110011101100000000101001011010,010011111,0
ADD,nexthop,10111111010111000011001101001011,100011111,0
ADD,nexthop,11101100000001101101001011010101,000011111,0
ADD,nexthop,01001011111010100100110000100100,111101111,0
ADD,nexthop,10101011000100111101010011000010,011101111,0
ADD,nexthop,00111100001010010010111011110100,101101111,0
ADD,nexthop,00110011001100101100011100001100,001101111,0
ADD,nexthop,10011001111100101001000110011010,110101111,0
ADD,nexthop,01100000010010110000101010100011,010101111,0
ADD,nexthop,11000101001010111001000110110101,100101111,0
ADD,nexthop,00110111111011001101001101011100,000101111,0
ADD,nexthop,00100000110110010000001000101110,111001111,0
ADD,nexthop,11101100011010111011001001000000,011001111,0
ADD,nexthop,10111010011010000001010011000110,101001111,0
ADD,nexthop,10101010100011100010101000011001,001001111,0
ADD,nexthop,00000001100110101000001000110100,110001111,0
ADD,nexthop,00101100000000100110101111110101,010001111,0
ADD,nexthop,11010100101001110001110101001011,100001111,0
ADD,nexthop,00100010000110001010100000011001,000001111,0
ADD,nexthop,10011000111001000001000010010100,111110111,0
ADD,nexthop,10101010110011000011110011111100,011110111,0
ADD,nexthop,01100101010000101010011001111001,101110111,0
ADD,nexthop,01110110100110111111000111111110,001110111,0
ADD,nexthop,10001100010101111110100101000110,110110111,0
ADD,nexthop,01001110000110111101010001010001,010110111,0
ADD,nexthop,00100011001001001101000001100011,100110111,0
ADD,nexthop,00000001110011111101110111100011,000110111,0
ADD,nexthop,10000100001110001011000101111010,111010111,0
ADD,nexthop,10000011100110011100001010100100,011010111,0
ADD,nexthop,11011010011101101100111111000111,101010111,0
ADD,nexthop,00000110011001100010101110100111,001010111,0
ADD,nexthop,10010111110110010001010110010000,110010111,0
ADD,nexthop,11100101001010111010111001000110,010010111,0
ADD,nexthop,01110100010110011010101010111110,100010111,0
ADD,nexthop,00011101100011110011100001011011,000010111,0
ADD,nexthop,00111001101011110110110011101101,111100111,0
ADD,nexthop,01110000110101111101000010101011,011100111,0
ADD,nexthop,11110010100001000000000011001011,101100111,0
ADD,nexthop,11100000000110111011011000000001,001100111,0
ADD,nexthop,01101010111110001001100001001110,110100111,0
ADD,nexthop,11011010010111010000101010000110,010100111,0
ADD,nexthop,00111001011110000011010110010001,100100111,0
ADD,nexthop,01001111010011101011000000000101,000100111,0
ADD,nexthop,10001001110011001011000000001110,111000111,0
ADD,nexthop,11011110000001110001101111101100,011000111,0
ADD,nexthop,10000100000001000111001101111011,101000111,0
ADD,nexthop,11010001110010101010110100000000,001000111,0
ADD,nexthop,01000100110011110100111000000001,110000111,0
ADD,nexthop,01000010011101100011011100011110,010000111,0
ADD,nexthop,00000111100000110011110101110000,100000111,0
ADD,nexthop,11011100001110101011110101001001,000000111,0
ADD,nexthop,10100010101000000111101100110001,111111011,0
ADD,nexthop,11010100011011110010111100101110,011111011,0
ADD,nexthop,11011000011100111110010001010110,101111011,0
ADD,nexthop,01011011110001001000000100100011,001111011,0
ADD,nexthop,10100101111011101111111101000101,110111011,0
ADD,nexthop,01000010011111001101000100101100,010111011,0
ADD,nexthop,01101110100110010010110001101111,100111011,0
ADD,nexthop,11000011100011111100001010110111,000111011,0
ADD,nexthop,10111000110001010111011110101001,111011011,0
ADD,nexthop,01001001100011111001011111101100,011011011,0
ADD,nexthop,00000111111100010001000101010101,101011011,0
ADD,nexthop,11110010000100011001010010001100,001011011,0
ADD,nexthop,10101110000000000101110000001011,110011011,0
ADD,nexthop,00101010001101000001111010100110,010011011,0
ADD,nexthop,00001001111101110000000010001001,100011011,0
ADD,nexthop,10100100011101011101101000111101,000011011,0
ADD,nexthop,00001000111101100010110111001000,111101011,0
ADD,nexthop,11110101111001000001101001101110,011101011,0
ADD,nexthop,01111100110110111011000001100101,101101011,0
ADD,nexthop,00001011000011000000000001111100,001101011,0
ADD,nexthop,01110001000001011011001010011101,110101011,0
ADD,nexthop,10011000000001011010001110010111,010101011,0
ADD,nexthop,00001111111011100001100001101000,100101011,0
ADD,nexthop,11000100010100000010011011011101,000101011,0
ADD,nexthop,11100001111001101100100101110001,111001011,0
ADD,nexthop,00010010011001100011100110010000,011001011,0
ADD,nexthop,00100110101001100111101110100100,101001011,0
ADD,nexthop,10110110100111101010001111011000,001001011,0
ADD,nexthop,00101001011011101010010110110001,110001011,0
ADD,nexthop,01000011000010111001110101101110,010001011,0
ADD,nexthop,11011000111010110000101011010001,100001011,0
ADD,nexthop,11010010111010001111000110010101,000001011,0
ADD,nexthop,01110011100001100011001100111001,111110011,0
ADD,nexthop,10110110111011010110011101011010,011110011,0
ADD,nexthop,11000111001110111111010000010100,101110011,0
ADD,nexthop,11100000000111100100000000101000,001110011,0
ADD,nexthop,10101101000110111000001001001001,110110011,0
ADD,nexthop,00001000111010110101000100000111,010110011,0
ADD,nexthop,01111100111001001011000111001010,100110011,0
ADD,nexthop,01111011100111111111100111101001,000110011,0
ADD,nexthop,00110010010001010000010110001000,111010011,0
ADD,nexthop,10010111111011000111001100100100,011010011,0
ADD,nexthop,11111000010101111100000011001001,101010011,0
ADD,nexthop,00000010001110010010010001000101,001010011,0
ADD,nexthop,00000110011011100011101001011110,110010011,0
ADD,nexthop,10101101001000111001000101100100,010010011,0
ADD,nexthop,01001100001011001011010011000011,100010011,0
ADD,nexthop,11010111001000011001000001100111,000010011,0
ADD,nexthop,00111110111101001000001110000110,111100011,0
ADD,nexthop,11001100110000101111001111001111,011100011,0
ADD,nexthop,11101100001101100001110110111001,101100011,0
ADD,nexthop,00111011110010101110001001101100,001100011,0
ADD,nexthop,10011010101001110100110100101000,110100011,0
ADD,nexthop,11100000000001100001000110000010,010100011,0
ADD,nexthop,01001110101111011001101001101010,100100011,0
ADD,nexthop,01101001111000001111001101110010,000100011,0
ADD,nexthop,10111010010111111111100011101011,111000011,0
ADD,nexthop,10010011101010001100000110111101,011000011,0
ADD,nexthop,01101011000100110000110111001101,101000011,0
ADD,nexthop,00000111100010100100010001000001,001000011,0
ADD,nexthop,00110100010011110111001110010001,110000011,0
ADD,nexthop,01000011100001110000011110001100,010000011,0
ADD,nexthop,01100010011110001101000111111001,100000011,0
ADD,nexthop,11000000110010001001010010010111,000000011,0
ADD,nexthop,00001100100100110001111011100110,111111101,0
ADD,nexthop,10100011000011001111101111101011,011111101,0
ADD,nexthop,11010010111011100001111111110101,101111101,0
ADD,nexthop,11000000100011101010001011000011,001111101,0
ADD,nexthop,01000101001010100010111110101100,110111101,0
ADD,nexthop,11000000100111110001110100101100,010111101,0
ADD,nexthop,10001100011100000011100101110111,100111101,0
ADD,nexthop,10011100110010101000100010011010,000111101,0
ADD,nexthop,01001101111000000100011001101100,111011101,0
ADD,nexthop,00011011000101100010000011001011,011011101,0
ADD,nexthop,11011101011111111110001000000000,101011101,0
ADD,nexthop,00001010000110100100010011110100,001011101,0
ADD,nexthop,01010111011110101110110011101110,110011101,0
ADD,nexthop,00001110011100011110011001100101,010011101,0
ADD,nexthop,00101000110010101111100001000100,100011101,0
ADD,nexthop,11010100011000100111111101100010,000011101,0
ADD,nexthop,10011111000111100010011011011001,111101101,0
ADD,nexthop,00111001010011000001011000100001,011101101,0
ADD,nexthop,11110101111010100101100000100001,101101101,0
ADD,nexthop,11101001010111000100010110000011,001101101,0
ADD,nexthop,01111001010110010011001100110110,110101101,0
ADD,nexthop,00000110001110100110000100011000,010101101,0
ADD,nexthop,10001011001111101100001010000110,100101101,0
ADD,nexthop,11101001001100010111001110010100,000101101,0
ADD,nexthop,10001011110011110001111101001011,111001101,0
ADD,nexthop,00110000001110100000010110101000,011001101,0
ADD,nexthop,01001101111100100100101000111100,101001101,0
ADD,nexthop,00001101010010000100100010000010,001001101,0
ADD,nexthop,00100100001010101010000101110111,110001101,0
ADD,nexthop,11100111000001001101010000010010,010001101,0
ADD,nexthop,00001110010001010011010110100001,100001101,0
ADD,nexthop,01110110011100010001101010001000,000001101,0
ADD,nexthop,11011011110111101000110110011011,111110101,0
ADD,nexthop,11111010111011011101001011110110,011110101,0
ADD,nexthop,11100000011110100101110110110101,101110101,0
ADD,nexthop,10110101111000011000011100001101,001110101,0
ADD,nexthop,00111111110101000101000110001010,110110101,0
ADD,nexthop,00000010111111011110000001111011,010110101,0
ADD,nexthop,00000100100101011101001101011100,100110101,0
ADD,nexthop,00110111000010100101100000010110,000110101,0
ADD,nexthop,11100010100111111000111010101111,111010101,0
ADD,nexthop,11010000110000100010001011010010,011010101,0
ADD,nexthop,10111111010000110101011100011001,101010101,0
ADD,nexthop,00010110111000101010011100100100,001010101,0
ADD,nexthop,00001110100011101100111010011001,110010101,0
ADD,nexthop,00000101111100000101111010011010,010010101,0
ADD,nexthop,00111110111111011101011110010010,100010101,0
ADD,nexthop,00000010111011111010100001011101,000010101,0
ADD,nexthop,10010011100010101011001101110100,111100101,0
ADD,nexthop,11110000010100111001001001111011,011100101,0
ADD,nexthop,11010110000011101111000101010110,101100101,0
ADD,nexthop,00101011001001100000011110011010,001100101,0
ADD,nexthop,11110011100010100100011000101010,110100101,0
ADD,nexthop,01111010000100010110100011001000,010100101,0
ADD,nexthop,01010000110100011101101100001110,100100101,0
ADD,nexthop,01001111110010100101101001000001,000100101,0
ADD,nexthop,01101010110001010101001000000000,111000101,0
ADD,nexthop,10010100101111000010011001001011,011000101,0
ADD,nexthop,00100110001101101111001110101101,101000101,0
ADD,nexthop,10011000110001101001011011011101,001000101,0
ADD,nexthop,01110001011110000101000000100100,110000101,0
ADD,nexthop,11111000001000001110101010010101,010000101,0
ADD,nexthop,11001110110000110110001011101001,100000101,0
ADD,nexthop,10100110000110010011101100011111,000000101,0
ADD,nexthop,11111010011111110101101100001110,111111001,0
ADD,nexthop,01100110111101010001010110100101,011111001,0
ADD,nexthop,10101101111101010110100011000000,101111001,0
ADD,nexthop,10001100110110101000010101111101,001111001,0
ADD,nexthop,00000100010010010110010000001010,110111001,0
ADD,nexthop,00101011111111011011001100100110,010111001,0
ADD,nexthop,11010010110000000110011010001100,100111001,0
ADD,nexthop,01111000101011011001100101111001,000111001,0
ADD,nexthop,10010011101111111101111110011001,111011001,0
ADD,nexthop,11000100101010110000011000001000,011011001,0
ADD,nexthop,10001100111101100101110011001010,101011001,0
ADD,nexthop,01001110101111101100001011100100,001011001,0
ADD,nexthop,11111001101000101010101010110101,110011001,0
ADD,nexthop,10011101011110101110110011111010,010011001,0
ADD,nexthop,11100001000000100001011110111001,100011001,0
ADD,nexthop,01101011110111111111100000100010,000011001,0
ADD,nexthop,01111011110001001011110000111010,111101001,0
ADD,nexthop,01011001111010011110011100011101,011101001,0
ADD,nexthop,01000011111001000010100101011011,101101001,0
ADD,nexthop,00111100010010101110100001011011,001101001,0
ADD,nexthop,01000101100100010111111001000011,110101001,0
ADD,nexthop,00100111100101111010110111010011,010101001,0
ADD,nexthop,01000010101010010010011111100111,100101001,0
ADD,nexthop,11000010010001110100111100100000,000101001,0
ADD,nexthop,10101111111100101111000101101000,111001001,0
ADD,nexthop,11110101111010110101000011001011,011001001,0
ADD,nexthop,01101110001001101010001100010111,101001001,0
ADD,nexthop,00110100000101100100100001010000,001001001,0
ADD,nexthop,00011001011101100110111001111100,110001001,0
ADD,nexthop,11001001111100111110010000010110,010001001,0
ADD,nexthop,10011100110000110110100111110100,100001001,0
ADD,nexthop,01100100001001101011010101011010,000001001,0
ADD,nexthop,01110011011000000000010001001111,111110001,0
ADD,nexthop,00001111001101110100010011010111,011110001,0
ADD,nexthop,00011000011011101010010100000110,101110001,0
ADD,nexthop,00110010101110010101101100001100,001110001,0
ADD,nexthop,00111011101001001010110011011100,110110001,0
ADD,nexthop,10111111000100100110001001111001,010110001,0
ADD,nexthop,01111011001110011011101011000110,100110001,0
ADD,nexthop,01101011110000101110000000010010,000110001,0
ADD,nexthop,00101011110111010011100010101011,111010001,0
ADD,nexthop,11000010100110111100111000000101,011010001,0
ADD,nexthop,11111111111000010000001100000011,101010001,0
ADD,nexthop,00001001000011010101001101011100,001010001,0
ADD,nexthop,10110010111100111010101100100101,110010001,0
ADD,nexthop,01110100111011111000001010001110,010010001,0
ADD,nexthop,00100101111111111010100001010100,100010001,0
ADD,nexthop,00011010100101001110010011110000,000010001,0
ADD,nexthop,01110101010001110110000101011111,111100001,0
ADD,nexthop,01100011011101101000110000100101,011100001,0
ADD,nexthop,01110110101010000011110111100000,101100001,0
ADD,nexthop,10101010011100110110011101000101,001100001,0
ADD,nexthop,00101100111110010101001110111101,110100001,0
ADD,nexthop,00110100111101101110101000110100,010100001,0
ADD,nexthop,00011111001000000000000001000111,100100001,0
ADD,nexthop,10111100011001101110100010000110,000100001,0
ADD,nexthop,00101100010111100001100011000110,111000001,0
ADD,nexthop,11111011011000110100100101110100,011000001,0
ADD,nexthop,10011101010011000010110001010101,101000001,0
ADD,nexthop,00100101111110111001100010010010,001000001,0
ADD,nexthop,00011000110111100110111100110000,110000001,0
ADD,nexthop,11111101000101110110110110101000,010000001,0
ADD,nexthop,10100001011001001000010011000110,100000001,0
ADD,nexthop,01011111000011101110100110011101,000000001,0
ADD,nexthop,01111010001001100010111000001101,111111110,0
ADD,nexthop,11101110001100100000000011000011,011111110,0
ADD,nexthop,00100010111000011101000100011111,101111110,0
ADD,nexthop,01000111001100111110000011101010,001111110,0
ADD,nexthop,11111101101001100100110000100011,110111110,0
ADD,nexthop,01000101010101000110110001100110,010111110,0
ADD,nexthop,11111010000000000001000000100011,100111110,0
ADD,nexthop,00110000111101100010010001010110,000111110,0
ADD,nexthop,01000011101001011110101111000110,111011110,0
ADD,nexthop,10011110000101011100101010011110,011011110,0
ADD,nexthop,01100010000000110111100000000111,101011110,0
ADD,nexthop,00010011001010111011101011011100,001011110,0
ADD,nexthop,00111011101010110011100010011010,110011110,0
ADD,nexthop,10101110110111101110010010111001,010011110,0
ADD,nexthop,01001111010100110011111111110101,100011110,0
ADD,nexthop,11011011100111000000010100101011,000011110,0
ADD,nexthop,10001010100010111101010110100000,111101110,0
ADD,nexthop,10000010010111011101001110010010,011101110,0
ADD,nexthop,10110011011010001001101011001100,101101110,0
ADD,nexthop,01011100110111010101101011001010,001101110,0
ADD,nexthop,00011101100001100100110111101010,110101110,0
ADD,nexthop,11010000110110001011011011111000,010101110,0
ADD,nexthop,01010001000101001111011110001000,100101110,0
ADD,nexthop,00000010100100011111000010111001,000101110,0
ADD,nexthop,10000001011101111110010100110001,111001110,0
ADD,nexthop,01000111000001010010101111001111,011001110,0
ADD,nexthop,01111100111101011010011100100011,101001110,0
ADD,nexthop,10101101101010111101111101010110,001001110,0
ADD,nexthop,00000101100011000000111011111011,110001110,0
ADD,nexthop,10001010110100001011000111101001,010001110,0
ADD,nexthop,10001111101101100001111101100100,100001110,0
ADD,nexthop,00001001100010100010000111000010,000001110,0
ADD,nexthop,00011100001000101011100100111000,111110110,0
ADD,nexthop,00100100110010111111101001110001,011110110,0
ADD,nexthop,11101111010001000101100011001010,101110110,0
ADD,nexthop,01011101001111011001011100011110,001110110,0
ADD,nexthop,01111000001000100001000101001100,110110110,0
ADD,nexthop,00010101100001111001111001110000,010110110,0
ADD,nexthop,11001100101000001110000011001001,100110110,0
ADD,nexthop,01000100010111011001010010101110,000110110,0
ADD,nexthop,01111011111001111100110010101001,111010110,0
ADD,nexthop,10111111110001010110001100000110,011010110,0
ADD,nexthop,00001111111001100100010010101111,101010110,0
ADD,nexthop,10011110010101011101100100110110,001010110,0
ADD,nexthop,11011100000100001100011111100000,110010110,0
ADD,nexthop,01111110101000111110000100101010,010010110,0
ADD,nexthop,01011001110111011100010101001000,100010110,0
ADD,nexthop,01101100000010010001001101000000,000010110,0
ADD,nexthop,01100110100110100000110110001000,111100110,0
ADD,nexthop,11010110011100110100001010101111,011100110,0
ADD,nexthop,00001100011000000110010101100011,101100110,0
ADD,nexthop,11100101111110010111111110001110,001100110,0
ADD,nexthop,11110111101110010011001010001100,110100110,0
ADD,nexthop,11001110101111110111011010010100,010100110,0
ADD,nexthop,01101111111010111111010110110100,100100110,0
ADD,nexthop,01000101000000110010111010000101,000100110,0
ADD,nexthop,00111011001010101011111100111011,111000110,0
ADD,nexthop,00010001001110001111101011011001,011000110,0
ADD,nexthop,01001101110111100101001101110001,101000110,0
ADD,nexthop,11111001010110111110000010001100,001000110,0
ADD,nexthop,00010001110011100100011111010110,110000110,0
ADD,nexthop,10011000000000110100100110111111,010000110,0
ADD,nexthop,01010000000110000101100000000000,100000110,0
ADD,nexthop,01000010101000100011001000100111,000000110,0
ADD,nexthop,10111000111111110000010001111011,111111010,0
ADD,nexthop,10010101101110110100110011001111,011111010,0
ADD,nexthop,10000101100001100110101011000110,101111010,0
ADD,nexthop,10111011111001001101001001001001,001111010,0
ADD,nexthop,01111011000111001111110000010001,110111010,0
ADD,nexthop,01010100011101001011000010111110,010111010,0
ADD,nexthop,01110010110001101011000011000011,100111010,0
ADD,nexthop,01010001101100101111011010010001,000111010,0
ADD,nexthop,10101001011011100000011101101010,111011010,0
ADD,nexthop,10111000001000111011110000001000,011011010,0
ADD,nexthop,10111011100011000001010110001111,101011010,0
ADD,nexthop,11001000111001010011101110010100,001011010,0
ADD,nexthop,10110001100001100000110010001000,110011010,0
ADD,nexthop,10011011000000101111001010101111,010011010,0
ADD,nexthop,11001111000100011001100110011110,100011010,0
ADD,nexthop,10001010110110011010000111111000,000011010,0
ADD,nexthop,00001000000011010100010101001001,111101010,0
ADD,nexthop,11011011110101101000110011110011,011101010,0
ADD,nexthop,10111111111010110111111010101100,101101010,0
ADD,nexthop,11010101001011010000101001011000,001101010,0
ADD,nexthop,00100001010011100010111000111110,110101010,0
ADD,nexthop,10110110101100100001011110001101,010101010,0
ADD,nexthop,10110001000001101000110001100001,100101010,0
ADD,nexthop,00010000100000100000111101001101,000101010,0
ADD,nexthop,01011100111010110101100101101010,111001010,0
ADD,nexthop,11010001111011011000000001110111,011001010,0
ADD,nexthop,10111110011101000000010100001011,101001010,0
ADD,nexthop,00100011100100100011010001011111,001001010,0
ADD,nexthop,11111000111111111100000011010110,110001010,0
ADD,nexthop,01111010110101011111011110100000,010001010,0
ADD,nexthop,00000001111000010110011001001010,100001010,0
ADD,nexthop,01110000011111010001000001101011,000001010,0
ADD,nexthop,10000110111000011011001010011001,111110010,0
ADD,nexthop,01111110111000000011010001010000,011110010,0
ADD,nexthop,11100000000111111101100011010010,101110010,0
ADD,nexthop,01011110100111011100111110110011,001110010,0
ADD,nexthop,10111001100011111001010110010111,110110010,0
ADD,nexthop,01010100011001101001011100111011,010110010,0
ADD,nexthop,10101000010100001001010101110001,100110010,0
ADD,nexthop,01101110010001101010011100001000,000110010,0
ADD,nexthop,00110011100100010001000111101100,111010010,0
ADD,nexthop,01000100110001111011001001101101,011010010,0
ADD,nexthop,11110101000100100000001101111110,101010010,0
ADD,nexthop,00111001100000100011110001001101,001010010,0
ADD,nexthop,00011100111111100111001101000111,110010010,0
ADD,nexthop,11000000101000111010000110101001,010010010,0
ADD,nexthop,11101001110101000010101100111000,100010010,0
ADD,nexthop,00111011100100110101101011111110,000010010,0
ADD,nexthop,11101101111001011110000100100100,111100010,0
ADD,nexthop,10001110001001111011011101111110,011100010,0
ADD,nexthop,00001110111100001110110100100011,101100010,0
ADD,nexthop,01101000100110001001000010011101,001100010,0
ADD,nexthop,11111100111001011011111010010101,110100010,0
ADD,nexthop,01011000101010101100110110110111,010100010,0
ADD,nexthop,01001101011111010101001000000110,100100010,0
ADD,nexthop,10110010011100000001000101010000,000100010,0
ADD,nexthop,00111000010111001111101100010001,111000010,0
ADD,nexthop,01101000111010001100010110000110,011000010,0
ADD,nexthop,11000110011110111100001010011111,101000010,0
ADD,nexthop,11010010100000001011010011000111,001000010,0
ADD,nexthop,01110111100010001001100001001000,110000010,0
ADD,nexthop,11010110101001100000001100101011,010000010,0
ADD,nexthop,11100100000011111011110110010011,100000010,0
ADD,nexthop,11101010000101111100100101001011,000000010,0
ADD,nexthop,01111101001010110100011101101010,111111100,0
ADD,nexthop,01011011100101111101110100101011,011111100,0
ADD,nexthop,01000000001111011100010110001011,101111100,0
ADD,nexthop,00100111101010110011111011100111,001111100,0
ADD,nexthop,11011000100101000010101011100100,110111100,0
ADD,nexthop,11110100111000011100000010111101,010111100,0
ADD,nexthop,10110111001100011000010000000110,100111100,0
ADD,nexthop,10111001000011101011011011100001,000111100,0
ADD,nexthop,01100110010101000101001001011010,111011100,0
ADD,nexthop,01010001011110000110110101110110,011011100,0
ADD,nexthop,01111111001100000110010101110110,101011100,0
ADD,nexthop,01001011111011010101000111110111,001011100,0
ADD,nexthop,00100010011010111101110000000010,110011100,0
ADD,nexthop,00010000111101101000010101100101,010011100,0
ADD,nexthop,01011101100000001011110001000110,100011100,0
ADD,nexthop,11001101101010001010110011011000,000011100,0
ADD,nexthop,10101101101101110100100100010011,111101100,0
ADD,nexthop,00011100010000111000000010011011,011101100,0
ADD,nexthop,00000101001000110110000010010010,101101100,0
ADD,nexthop,00110100001100001101100011101111,001101100,0
ADD,nexthop,10100101101101010001000011000111,110101100,0
ADD,nexthop,00100011100001001000111000000000,010101100,0
ADD,nexthop,10011001110110101110111101001011,100101100,0
ADD,nexthop,00111000101111110100101101000000,000101100,0
ADD,nexthop,11111001000100111100000011011000,111001100,0
ADD,nexthop,00000110001001001100101100001101,011001100,0
ADD,nexthop,10001111111000110001000111001001,101001100,0
ADD,nexthop,11110101011010000110010110110101,001001100,0
ADD,nexthop,11110010000010100100010000111110,110001100,0
ADD,nexthop,11100011101100110000100101111010,010001100,0
ADD,nexthop,10111001110011011100001001111100,100001100,0
ADD,nexthop,01001000111100010111011110110010,000001100,0
ADD,nexthop,10000111010000001011010001101000,111110100,0
ADD,nexthop,00011110001010100111111000000011,011110100,0
ADD,nexthop,10011110100101101011111101101000,101110100,0
ADD,nexthop,00011011000000110011110101001101,001110100,0
ADD,nexthop,11100110100101100100100111100110,110110100,0
ADD,nexthop,10001010000010100101101011001011,010110100,0
ADD,nexthop,11110101101000101001011101100111,100110100,0
ADD,nexthop,01001011100010110011010001001111,000110100,0
ADD,nexthop,10000110110001000000111100010100,111010100,0
ADD,nexthop,11001110011011111110011111011000,011010100,0
ADD,nexthop,01011101001010110110001000010100,101010100,0
ADD,nexthop,10100100010011100011010110111000,001010100,0
ADD,nexthop,10110100111001000000111000000001,110010100,0
ADD,nexthop,00000010011000010011100001010001,010010100,0
ADD,nexthop,00111100100110001000111010010111,100010100,0
ADD,nexthop,01000100110101100010001111000000,000010100,0
ADD,nexthop,00011001001001110010100111111101,111100100,0
ADD,nexthop,11100100000010001100110101100100,011100100,0
ADD,nexthop,10000001000101001100011010010000,101100100,0
ADD,nexthop,10100110011101111011100011010110,001100100,0
ADD,nexthop,01011110101110000111100101100011,110100100,0
ADD,nexthop,01001010000001010111100101001100,010100100,0
ADD,nexthop,00010010010010000110001001101010,100100100,0
ADD,nexthop,11110111111111011111110001000100,000100100,0
ADD,nexthop,11101111110010110010000010000100,111000100,0
ADD,nexthop,01110110110000111000000110000101,011000100,0
ADD,nexthop,00011000101011011100101111000011,101000100,0
ADD,nexthop,11101000011101010001100110010001,001000100,0
ADD,nexthop,10100010111011000010001010100100,110000100,0
ADD,nexthop,00101010100001001001011000001110,010000100,0
ADD,nexthop,10001000111001111101101111001101,100000100,0
ADD,nexthop,01001100011110111101101111100101,000000100,0
ADD,nexthop,10101110101001010001110011110110,111111000,0
ADD,nexthop,10011011101000011001011100110110,011111000,0
ADD,nexthop,00100110110010000000000010001000,101111000,0
ADD,nexthop,11100101010110100011100000000111,001111000,0
ADD,nexthop,00010101011110100100110000010001,110111000,0
ADD,nexthop,01101101010110011111011100101011,010111000,0
ADD,nexthop,11100000010011001000111011001111,100111000,0
ADD,nexthop,10100001010110001010111100100011,000111000,0
ADD,nexthop,01110101100110010101001011101101,111011000,0
ADD,nexthop,00010010111000101010011011100010,011011000,0
ADD,nexthop,00100100111010001100111001101101,101011000,0
ADD,nexthop,00110001101000100011111010100000,001011000,0
ADD,nexthop,11101100011011111101010110000001,110011000,0
ADD,nexthop,00010011111011001101111001110010,010011000,0
ADD,nexthop,01111111001101110100101101110110,100011000,0
ADD,nexthop,01010001000000111000010000110001,000011000,0
ADD,nexthop,01111101001110000011110010110000,111101000,0
ADD,nexthop,00000010110110100010100000011010,011101000,0
ADD,nexthop,00110011100110101010100011000111,101101000,0
ADD,nexthop,11001111101000011001011011101001,001101000,0
ADD,nexthop,01100011000101101001111011111000,110101000,0
ADD,nexthop,00110110110111010101011011010101,010101000,0
ADD,nexthop,01100011100000001000000111100101,100101000,0
ADD,nexthop,01101011010100010000001111111001,000101000,0
ADD,nexthop,11111000110100011011011010100101,111001000,0
ADD,nexthop,00110010111010101011010010101000,011001000,0
ADD,nexthop,00111010010000101110011000000100,101001000,0
ADD,nexthop,01010001001001100000001111101100,001001000,0
ADD,nexthop,10000001101011111100001010100010,110001000,0
ADD,nexthop,11100100010000000110011001110111,010001000,0
ADD,nexthop,11010101011101000110001011010011,100001000,0
ADD,nexthop,11001110100011011001100001111000,000001000,0
ADD,nexthop,01001100001011001110011010011000,111110000,0
ADD,nexthop,11110101000100100100010000101001,011110000,0
ADD,nexthop,01111011100000101000100100100010,101110000,0
ADD,nexthop,01110100100011011010111011000010,001110000,0
ADD,nexthop,01001010001100010001011010011100,110110000,0
ADD,nexthop,10001010011100010110111100100110,010110000,0
ADD,nexthop,00101101011011100100000101110000,100110000,0
ADD,nexthop,10001111000000100100101010110011,000110000,0
ADD,nexthop,01110000110011011011111110101100,111010000,0
ADD,nexthop,01010111010011101010101111000100,011010000,0
ADD,nexthop,10011101011010110100110111011010,101010000,0
ADD,nexthop,00010000001011101100110011001101,001010000,0
ADD,nexthop,11010110110110111100101101011011,110010000,0
ADD,nexthop,11011011010110010110110011001001,010010000,0
ADD,nexthop,01110010110001000011001101101011,100010000,0
ADD,nexthop,01101101100101001010010010100111,000010000,0
ADD,nexthop,11010111111010110010010000111011,111100000,0
ADD,nexthop,01110110101001101101101010000111,011100000,0
ADD,nexthop,11011001011100010101111111100000,101100000,0
ADD,nexthop,11101011011011010101001001101111,001100000,0
ADD,nexthop,10101111110110010010011100101001,110100000,0
ADD,nexthop,00101110011101110011000101001110,010100000,0
ADD,nexthop,00111011011111111100101010101011,100100000,0
ADD,nexthop,01001000100110011110100100110010,000100000,0
ADD,nexthop,10010001011001100111110011001010,111000000,0
ADD,nexthop,00000110000001011001001100110010,011000000,0
ADD,nexthop,01011101000001010000100011001001,101000000,0
ADD,nexthop,01011111011000011011101101110001,001000000,0
ADD,nexthop,10000000011011101111111010000010,110000000,0
ADD,nexthop,10111010000000000100110001101110,010000000,0
ADD,nexthop,11111101001011010111101010110111,100000000,0
ADD,nexthop,00100011000000000110100100111110,000000000,0
ADD,ethernet,000000000000000000000000000000000000000000001011,01011111000011101110100110011101,0
ADD,ethernet,000000000000000000000000000000000000000000010110,11101010000101111100100101001011,0
ADD,ethernet,000000000000000000000000000000000000000000100001,11000000110010001001010010010111,0
ADD,ethernet,000000000000000000000000000000000000000000101100,01001100011110111101101111100101,0
ADD,ethernet,000000000000000000000000000000000000000000110111,10100110000110010011101100011111,0
ADD,ethernet,000000000000000000000000000000000000000001000010,01000010101000100011001000100111,0
ADD,ethernet,000000000000000000000000000000000000000001001101,11011100001110101011110101001001,0
ADD,ethernet,000000000000000000000000000000000000000001011000,11001110100011011001100001111000,0
ADD,ethernet,000000000000000000000000000000000000000001100011,01100100001001101011010101011010,0
ADD,ethernet,000000000000000000000000000000000000001111110010,01110000011111010001000001101011,0
ADD,ethernet,000000000000000000000000000000000000010001010111,11010010111010001111000110010101,0
ADD,ethernet,000000000000000000000000000000000000010010111100,01001000111100010111011110110010,0
ADD,ethernet,000000000000000000000000000000000000010100100001,01110110011100010001101010001000,0
ADD,ethernet,000000000000000000000000000000000000010110000110,00001001100010100010000111000010,0
ADD,ethernet,000000000000000000000000000000000000010111101011,00100010000110001010100000011001,0
ADD,ethernet,000000000000000000000000000000000000011001010000,01101101100101001010010010100111,0
ADD,ethernet,000000000000000000000000000000000000011010110101,00011010100101001110010011110000,0
ADD,ethernet,000000000000000000000000000000000000011100011010,00111011100100110101101011111110,0
ADD,ethernet,000000000000000000000000000000000000011101111111,11010111001000011001000001100111,0
ADD,ethernet,000000000000000000000000000000000000011111100100,01000100110101100010001111000000,0
ADD,ethernet,000000000000000000000000000000000000100001001001,00000010111011111010100001011101,0
ADD,ethernet,000000000000000000000000000000000000100010101110,01101100000010010001001101000000,0
ADD,ethernet,000000000000000000000000000000000000100100010011,00011101100011110011100001011011,0
ADD,ethernet,000000000000000000000000000000000000100101111000,01010001000000111000010000110001,0
ADD,ethernet,000000000000000000000000000000000000100111011101,01101011110111111111100000100010,0
ADD,ethernet,000000000000000000000000000000000000101001000010,10001010110110011010000111111000,0
ADD,ethernet,000000000000000000000000000000000000101010100111,10100100011101011101101000111101,0
ADD,ethernet,000000000000000000000000000000000000101100001100,11001101101010001010110011011000,0
ADD,ethernet,000000000000000000000000000000000000101101110001,11010100011000100111111101100010,0
ADD,ethernet,000000000000000000000000000000000000101111010110,11011011100111000000010100101011,0
ADD,ethernet,000000000000000000000000000000000000110000111011,11101100000001101101001011010101,0
ADD,ethernet,000000000000000000000000000000000000110010100000,01001000100110011110100100110010,0
ADD,ethernet,000000000000000000000000000000000000110100000101,10111100011001101110100010000110,0
ADD,ethernet,000000000000000000000000000000000000110101101010,10110010011100000001000101010000,0
ADD,ethernet,000000000000000000000000000000000000110111001111,01101001111000001111001101110010,0
ADD,ethernet,000000000000000000000000000000000000111000110100,11110111111111011111110001000100,0
ADD,ethernet,000000000000000000000000000000000000111010011001,01001111110010100101101001000001,0
ADD,ethernet,000000000000000000000000000000000000111011111110,01000101000000110010111010000101,0
ADD,ethernet,000000000000000000000000000000000000111101100011,01001111010011101011000000000101,0
ADD,ethernet,000000000000000000000000000000000000111111001000,01101011010100010000001111111001,0
ADD,ethernet,000000000000000000000000000000000001000000101101,11000010010001110100111100100000,0
ADD,ethernet,000000000000000000000000000000000001000010010010,00010000100000100000111101001101,0
ADD,ethernet,000000000000000000000000000000000001000011110111,11000100010100000010011011011101,0
ADD,ethernet,000000000000000000000000000000000001000101011100,00111000101111110100101101000000,0
ADD,ethernet,000000000000000000000000000000000001000111000001,11101001001100010111001110010100,0
ADD,ethernet,000000000000000000000000000000000001001000100110,00000010100100011111000010111001,0
ADD,ethernet,000000000000000000000000000000000001001010001011,00110111111011001101001101011100,0
ADD,ethernet,000000000000000000000000000000000001001011110000,10001111000000100100101010110011,0
ADD,ethernet,000000000000000000000000000000000001001101010101,01101011110000101110000000010010,0
ADD,ethernet,000000000000000000000000000000000001001110111010,01101110010001101010011100001000,0
ADD,ethernet,000000000000000000000000000000000001010000011111,01111011100111111111100111101001,0
ADD,ethernet,000000000000000000000000000000000001010010000100,01001011100010110011010001001111,0
ADD,ethernet,000000000000000000000000000000000001010011101001,00110111000010100101100000010110,0
ADD,ethernet,000000000000000000000000000000000001010101001110,01000100010111011001010010101110,0
ADD,ethernet,000000000000000000000000000000000001010110110011,00000001110011111101110111100011,0
ADD,ethernet,000000000000000000000000000000000001011000011000,10100001010110001010111100100011,0
ADD,ethernet,000000000000000000000000000000000001011001111101,01111000101011011001100101111001,0
ADD,ethernet,000000000000000000000000000000000001011011100010,01010001101100101111011010010001,0
ADD,ethernet,000000000000000000000000000000000001011101000111,11000011100011111100001010110111,0
ADD,ethernet,000000000000000000000000000000000001011110101100,10111001000011101011011011100001,0
ADD,ethernet,000000000000000000000000000000000001100000010001,10011100110010101000100010011010,0
ADD,ethernet,000000000000000000000000000000000001100001110110,00110000111101100010010001010110,0
ADD,ethernet,000000000000000000000000000000000001100011011011,01001011101110101110100001110100,0
ADD,ethernet,000000000000000000000000000000000001100101000000,01011111011000011011101101110001,0
ADD,ethernet,000000000000000000000000000000000001100110100101,00100101111110111001100010010010,0
ADD,ethernet,000000000000000000000000000000000001101000001010,11010010100000001011010011000111,0
ADD,ethernet,000000000000000000000000000000000001101001101111,00000111100010100100010001000001,0
ADD,ethernet,000000000000000000000000000000000001101011010100,11101000011101010001100110010001,0
ADD,ethernet,000000000000000000000000000000000001101100111001,10011000110001101001011011011101,0
ADD,ethernet,000000000000000000000000000000000001101110011110,11111001010110111110000010001100,0
ADD,ethernet,000000000000000000000000000000000001110000000011,11010001110010101010110100000000,0
ADD,ethernet,000000000000000000000000000000000001110001101000,01010001001001100000001111101100,0
ADD,ethernet,000000000000000000000000000000000001110011001101,00110100000101100100100001010000,0
ADD,ethernet,000000000000000000000000000000000001110100110010,00100011100100100011010001011111,0
ADD,ethernet,000000000000000000000000000000000001110110010111,10110110100111101010001111011000,0
ADD,ethernet,000000000000000000000000000000000001110111111100,11110101011010000110010110110101,0
ADD,ethernet,000000000000000000000000000000000001111001100001,00001101010010000100100010000010,0
ADD,ethernet,000000000000000000000000000000000001111011000110,10101101101010111101111101010110,0
ADD,ethernet,000000000000000000000000000000000001111100101011,10101010100011100010101000011001,0
ADD,ethernet,000000000000000000000000000000000001111110010000,00010000001011101100110011001101,0
ADD,ethernet,000000000000000000000000000000000001111111110101,00001001000011010101001101011100,0
ADD,ethernet,000000000000000000000000000000000010000001011010,00111001100000100011110001001101,0
ADD,ethernet,000000000000000000000000000000000010000010111111,00000010001110010010010001000101,0
ADD,ethernet,000000000000000000000000000000000010000100100100,10100100010011100011010110111000,0
ADD,ethernet,000000000000000000000000000000000010000110001001,00010110111000101010011100100100,0
ADD,ethernet,000000000000000000000000000000000010000111101110,10011110010101011101100100110110,0
ADD,ethernet,000000000000000000000000000000000010001001010011,00000110011001100010101110100111,0
ADD,ethernet,000000000000000000000000000000000010001010111000,00110001101000100011111010100000,0
ADD,ethernet,000000000000000000000000000000000010001100011101,01001110101111101100001011100100,0
ADD,ethernet,000000000000000000000000000000000010001110000010,11001000111001010011101110010100,0
ADD,ethernet,000000000000000000000000000000000010001111100111,11110010000100011001010010001100,0
ADD,ethernet,000000000000000000000000000000000010010001001100,01001011111011010101000111110111,0
ADD,ethernet,000000000000000000000000000000000010010010110001,00001010000110100100010011110100,0
ADD,ethernet,000000000000000000000000000000000010010100010110,00010011001010111011101011011100,0
ADD,ethernet,000000000000000000000000000000000010010101111011,00101001101010101111001010111010,0
ADD,ethernet,000000000000000000000000000000000010010111100000,11101011011011010101001001101111,0
ADD,ethernet,000000000000000000000000000000000010011001000101,10101010011100110110011101000101,0
ADD,ethernet,000000000000000000000000000000000010011010101010,01101000100110001001000010011101,0
ADD,ethernet,000000000000000000000000000000000010011100001111,00111011110010101110001001101100,0
ADD,ethernet,000000000000000000000000000000011000011100000100,10100110011101111011100011010110,0
ADD,ethernet,000000000000000000000000000000011000101011101101,00101011001001100000011110011010,0
ADD,ethernet,000000000000000000000000000000011000111011010110,11100101111110010111111110001110,0
ADD,ethernet,000000000000000000000000000000011001001010111111,11100000000110111011011000000001,0
ADD,ethernet,000000000000000000000000000000011001011010101000,11001111101000011001011011101001,0
ADD,ethernet,000000000000000000000000000000011001101010010001,00111100010010101110100001011011,0
ADD,ethernet,000000000000000000000000000000011001111001111010,11010101001011010000101001011000,0
ADD,ethernet,000000000000000000000000000000011010001001100011,00001011000011000000000001111100,0
ADD,ethernet,000000000000000000000000000000011010011001001100,00110100001100001101100011101111,0
ADD,ethernet,000000000000000000000000000000011010101000110101,11101001010111000100010110000011,0
ADD,ethernet,000000000000000000000000000000011010111000011110,01011100110111010101101011001010,0
ADD,ethernet,000000000000000000000000000000011011001000000111,00110011001100101100011100001100,0
ADD,ethernet,000000000000000000000000000000011011010111110000,01110100100011011010111011000010,0
ADD,ethernet,000000000000000000000000000000011011100111011001,00110010101110010101101100001100,0
ADD,ethernet,000000000000000000000000000000011011110111000010,01011110100111011100111110110011,0
ADD,ethernet,000000000000000000000000000000011100000110101011,11100000000111100100000000101000,0
ADD,ethernet,000000000000000000000000000000011100010110010100,00011011000000110011110101001101,0
ADD,ethernet,000000000000000000000000000000011100100101111101,10110101111000011000011100001101,0
ADD,ethernet,000000000000000000000000000000011100110101100110,01011101001111011001011100011110,0
ADD,ethernet,000000000000000000000000000000011101000101001111,01110110100110111111000111111110,0
ADD,ethernet,000000000000000000000000000000011101010100111000,11100101010110100011100000000111,0
ADD,ethernet,000000000000000000000000000000011101100100100001,10001100110110101000010101111101,0
ADD,ethernet,000000000000000000000000000000011101110100001010,10111011111001001101001001001001,0
ADD,ethernet,000000000000000000000000000000011110000011110011,01011011110001001000000100100011,0
ADD,ethernet,000000000000000000000000000000011110010011011100,00100111101010110011111011100111,0
ADD,ethernet,000000000000000000000000000000011110100011000101,11000000100011101010001011000011,0
ADD,ethernet,000000000000000000000000000000011110110010101110,01000111001100111110000011101010,0
ADD,ethernet,000000000000000000000000000000011111000010010111,01110110101001111011101001100110,0
ADD,ethernet,000000000000000000000000000000011111010010000000,10111010000000000100110001101110,0
ADD,ethernet,000000000000000000000000000000011111100001101001,11111101000101110110110110101000,0
ADD,ethernet,000000000000000000000000000000011111110001010010,11010110101001100000001100101011,0
ADD,ethernet,000000000000000000000000000000100000000000111011,01000011100001110000011110001100,0
ADD,ethernet,000000000000000000000000000000100000010000100100,00101010100001001001011000001110,0
ADD,ethernet,000000000000000000000000000000100000100000001101,11111000001000001110101010010101,0
ADD,ethernet,000000000000000000000000000000100000101111110110,10011000000000110100100110111111,0
ADD,ethernet,000000000000000000000000000000100000111111011111,01000010011101100011011100011110,0
ADD,ethernet,000000000000000000000000000000100001001111001000,11100100010000000110011001110111,0
ADD,ethernet,000000000000000000000000000000100001011110110001,11001001111100111110010000010110,0
ADD,ethernet,000000000000000000000000000000100001101110011010,01111010110101011111011110100000,0
ADD,ethernet,000000000000000000000000000000100001111110000011,01000011000010111001110101101110,0
ADD,ethernet,000000000000000000000000000000100010001101101100,11100011101100110000100101111010,0
ADD,ethernet,000000000000000000000000000000100010011101010101,11100111000001001101010000010010,0
ADD,ethernet,000000000000000000000000000000100010101100111110,10001010110100001011000111101001,0
ADD,ethernet,000000000000000000000000000000100010111100100111,00101100000000100110101111110101,0
ADD,ethernet,000000000000000000000000000000100011001100010000,11011011010110010110110011001001,0
ADD,ethernet,000000000000000000000000000000100011011011111001,01110100111011111000001010001110,0
ADD,ethernet,000000000000000000000000000000100011101011100010,11000000101000111010000110101001,0
ADD,ethernet,000000000000000000000000000000100011111011001011,10101101001000111001000101100100,0
ADD,ethernet,000000000000000000000000000000100100001010110100,00000010011000010011100001010001,0
ADD,ethernet,000000000000000000000000000000100100011010011101,00000101111100000101111010011010,0
ADD,ethernet,000000000000000000000000000000100100101010000110,01111110101000111110000100101010,0
ADD,ethernet,000000000000000000000000000000100100111001101111,11100101001010111010111001000110,0
ADD,ethernet,000000000000000000000000000000100101001001011000,00010011111011001101111001110010,0
ADD,ethernet,000000000000000000000000000000100101011001000001,10011101011110101110110011111010,0
ADD,ethernet,000000000000000000000000000000100101101000101010,10011011000000101111001010101111,0
ADD,ethernet,000000000000000000000000000000100101111000010011,00101010001101000001111010100110,0
ADD,ethernet,000000000000000000000000000000100110000111111100,00010000111101101000010101100101,0
ADD,ethernet,000000000000000000000000000000100110010111100101,00001110011100011110011001100101,0
ADD,ethernet,000000000000000000000000000000100110100111001110,10101110110111101110010010111001,0
ADD,ethernet,000000000000000000000000000000100110110110110111,00110011101100000000101001011010,0
ADD,ethernet,000000000000000000000000000000100111000110100000,00101110011101110011000101001110,0
ADD,ethernet,000000000000000000000000000000100111010110001001,00110100111101101110101000110100,0
ADD,ethernet,000000000000000000000000000000100111100101110010,01011000101010101100110110110111,0
ADD,ethernet,000000000000000000000000000000100111110101011011,11100000000001100001000110000010,0
ADD,ethernet,000000000000000000000000000000101000000101000100,01001010000001010111100101001100,0
ADD,ethernet,000000000000000000000000000000101000010100101101,01111010000100010110100011001000,0
ADD,ethernet,000000000000000000000000000000101000100100010110,11001110101111110111011010010100,0
ADD,ethernet,000000000000000000000000000000101000110011111111,11011010010111010000101010000110,0
ADD,ethernet,000000000000000000000000000000101001000011101000,00110110110111010101011011010101,0
ADD,ethernet,000000000000000000000000000000101001010011010001,00100111100101111010110111010011,0
ADD,ethernet,000000000000000000000000000000101001100010111010,10110110101100100001011110001101,0
ADD,ethernet,000000000000000000000000000000101001110010100011,10011000000001011010001110010111,0
ADD,ethernet,000000000000000000000000000000101010000010001100,00100011100001001000111000000000,0
ADD,ethernet,000000000000000000000000000000101010010001110101,00000110001110100110000100011000,0
ADD,ethernet,000000000000000000000000000000101010100001011110,11010000110110001011011011111000,0
ADD,ethernet,000000000000000000000000000000101010110001000111,01100000010010110000101010100011,0
ADD,ethernet,000000000000000000000000000000101011000000110000,10001010011100010110111100100110,0
ADD,ethernet,000000000000000000000000000000101011010000011001,10111111000100100110001001111001,0
ADD,ethernet,000000000000000000000000000000101011100000000010,01010100011001101001011100111011,0
ADD,ethernet,000000000000000000000000000000101011101111101011,00001000111010110101000100000111,0
ADD,ethernet,000000000000000000000000000000101011111111010100,10001010000010100101101011001011,0
ADD,ethernet,000000000000000000000000000000101100001110111101,00000010111111011110000001111011,0
ADD,ethernet,000000000000000000000000000000101100011110100110,00010101100001111001111001110000,0
ADD,ethernet,000000000000000000000000000000101100101110001111,01001110000110111101010001010001,0
ADD,ethernet,000000000000000000000000000000101100111101111000,01101101010110011111011100101011,0
ADD,ethernet,000000000000000000000000000000101101001101100001,00101011111111011011001100100110,0
ADD,ethernet,000000000000000000000000000000101101011101001010,01010100011101001011000010111110,0
ADD,ethernet,000000000000000000000000000000101101101100110011,01000010011111001101000100101100,0
ADD,ethernet,000000000000000000000000000000101101111100011100,11110100111000011100000010111101,0
ADD,ethernet,000000000000000000000000000000101110001100000101,11000000100111110001110100101100,0
ADD,ethernet,000000000000000000000000000000101110011011101110,01000101010101000110110001100110,0
ADD,ethernet,000000000000000000000000000000101110101011010111,11011011011001111001000011100010,0
ADD,ethernet,000000000000000000000000000000101110111011000000,00000110000001011001001100110010,0
ADD,ethernet,000000000000000000000000000000101111001010101001,11111011011000110100100101110100,0
ADD,ethernet,000000000000000000000000000000101111011010010010,01101000111010001100010110000110,0
ADD,ethernet,000000000000000000000000000000101111101001111011,10010011101010001100000110111101,0
ADD,ethernet,000000000000000000000000000000101111111001100100,01110110110000111000000110000101,0
ADD,ethernet,000000000000000000000000000000110000001001001101,10010100101111000010011001001011,0
ADD,ethernet,000000000000000000000000000000110000011000110110,00010001001110001111101011011001,0
ADD,ethernet,000000000000000000000000000000110000101000011111,11011110000001110001101111101100,0
ADD,ethernet,000000000000000000000000000000110000111000001000,00110010111010101011010010101000,0
ADD,ethernet,000000000000000000000000000000110001000111110001,11110101111010110101000011001011,0
ADD,ethernet,000000000000000000000000000000110001010111011010,11010001111011011000000001110111,0
ADD,ethernet,000000000000000000000000000000110001100111000011,00010010011001100011100110010000,0
ADD,ethernet,000000000000000000000000000000110001110110101100,00000110001001001100101100001101,0
ADD,ethernet,000000000000000000000000000000110010000110010101,00110000001110100000010110101000,0
ADD,ethernet,000000000000000000000000000000110010010101111110,01000111000001010010101111001111,0
ADD,ethernet,000000000000000000000000000000110010100101100111,11101100011010111011001001000000,0
ADD,ethernet,000000000000000000000000000000110010110101010000,01010111010011101010101111000100,0
ADD,ethernet,000000000000000000000000000000110011000100111001,11000010100110111100111000000101,0
ADD,ethernet,000000000000000000000000000000110011010100100010,01000100110001111011001001101101,0
ADD,ethernet,000000000000000000000000000000110011100100001011,10010111111011000111001100100100,0
ADD,ethernet,000000000000000000000000000000110011110011110100,11001110011011111110011111011000,0
ADD,ethernet,000000000000000000000000000000110100000011011101,11010000110000100010001011010010,0
ADD,ethernet,000000000000000000000000000000110100010011000110,10111111110001010110001100000110,0
ADD,ethernet,000000000000000000000000000000110100100010101111,10000011100110011100001010100100,0
ADD,ethernet,000000000000000000000000000000110100110010011000,00010010111000101010011011100010,0
ADD,ethernet,000000000000000000000000000000110101000010000001,11000100101010110000011000001000,0
ADD,ethernet,000000000000000000000000000000110101010001101010,10111000001000111011110000001000,0
ADD,ethernet,000000000000000000000000000000110101100001010011,01001001100011111001011111101100,0
ADD,ethernet,000000000000000000000000000000110101110000111100,01010001011110000110110101110110,0
ADD,ethernet,000000000000000000000000000000110110000000100101,00011011000101100010000011001011,0
ADD,ethernet,000000000000000000000000000000110110010000001110,10011110000101011100101010011110,0
ADD,ethernet,000000000000000000000000000000110110011111110111,01101101010101011100111010111010,0
ADD,ethernet,000000000000000000000000000000110110101111100000,01110110101001101101101010000111,0
ADD,ethernet,000000000000000000000000000000110110111111001001,01100011011101101000110000100101,0
ADD,ethernet,000000000000000000000000000000110111001110110010,10001110001001111011011101111110,0
ADD,ethernet,000000000000000000000000000000110111011110011011,11001100110000101111001111001111,0
ADD,ethernet,000000000000000000000000000000110111101110000100,11100100000010001100110101100100,0
ADD,ethernet,000000000000000000000000000000110111111101101101,11110000010100111001001001111011,0
ADD,ethernet,000000000000000000000000000000111000001101010110,11010110011100110100001010101111,0
ADD,ethernet,000000000000000000000000000000111000011100111111,01110000110101111101000010101011,0
ADD,ethernet,000000000000000000000000000000111000101100101000,00000010110110100010100000011010,0
ADD,ethernet,000000000000000000000000000000111000111100010001,01011001111010011110011100011101,0
ADD,ethernet,000000000000000000000000000000111001001011111010,11011011110101101000110011110011,0
ADD,ethernet,000000000000000000000000000000111001011011100011,11110101111001000001101001101110,0
ADD,ethernet,000000000000000000000000000000111001101011001100,00011100010000111000000010011011,0
ADD,ethernet,000000000000000000000000000000111001111010110101,00111001010011000001011000100001,0
ADD,ethernet,000000000000000000000000000000111010001010011110,10000010010111011101001110010010,0
ADD,ethernet,000000000000000000000000000000111010011010000111,10101011000100111101010011000010,0
ADD,ethernet,000000000000000000000000000000111010101001110000,11110101000100100100010000101001,0
ADD,ethernet,000000000000000000000000000000111010111001011001,00001111001101110100010011010111,0
ADD,ethernet,000000000000000000000000000000111011001001000010,01111110111000000011010001010000,0
ADD,ethernet,000000000000000000000000000000111011011000101011,10110110111011010110011101011010,0
ADD,ethernet,000000000000000000000000000000111011101000010100,00011110001010100111111000000011,0
ADD,ethernet,000000000000000000000000000000111011110111111101,11111010111011011101001011110110,0
ADD,ethernet,000000000000000000000000000000111100000111100110,00100100110010111111101001110001,0
ADD,ethernet,000000000000000000000000000000111100010111001111,10101010110011000011110011111100,0
ADD,ethernet,000000000000000000000000000000111100100110111000,10011011101000011001011100110110,0
ADD,ethernet,000000000000000000000000000000111100110110100001,01100110111101010001010110100101,0
ADD,ethernet,000000000000000000000000000000111101000110001010,10010101101110110100110011001111,0
ADD,ethernet,000000000000000000000000000000111101010101110011,11010100011011110010111100101110,0
ADD,ethernet,000000000000000000000000000000111101100101011100,01011011100101111101110100101011,0
ADD,ethernet,000000000000000000000000000000111101110101000101,10100011000011001111101111101011,0
ADD,ethernet,000000000000000000000000000000111110000100101110,11101110001100100000000011000011,0
ADD,ethernet,000000000000000000000000000000111110010100010111,00000110011000001111001011110100,0
ADD,ethernet,000000000000000000000000000000111110100100000000,11111101001011010111101010110111,0
ADD,ethernet,000000000000000000000000000000111110110011101001,10100001011001001000010011000110,0
ADD,ethernet,000000000000000000000000000000111111000011010010,11100100000011111011110110010011,0
ADD,ethernet,000000000000000000000000000000111111010010111011,01100010011110001101000111111001,0
ADD,ethernet,000000000000000000000000000000111111100010100100,10001000111001111101101111001101,0
ADD,ethernet,000000000000000000000000000000111111110010001101,11001110110000110110001011101001,0
ADD,ethernet,000000000000000000000000000001000000000001110110,01010000000110000101100000000000,0
ADD,ethernet,000000000000000000000000000001000000010001011111,00000111100000110011110101110000,0
ADD,ethernet,000000000000000000000000000001000000100001001000,11010101011101000110001011010011,0
ADD,ethernet,000000000000000000000000000001000000110000110001,10011100110000110110100111110100,0
ADD,ethernet,000000000000000000000000000001000001000000011010,00000001111000010110011001001010,0
ADD,ethernet,000000000000000000000000000001000001010000000011,11011000111010110000101011010001,0
ADD,ethernet,000000000000000000000000000001000001011111101100,10111001110011011100001001111100,0
ADD,ethernet,000000000000000000000000000001000001101111010101,00001110010001010011010110100001,0
ADD,ethernet,000000000000000000000000000001000001111110111110,10001111101101100001111101100100,0
ADD,ethernet,000000000000000000000000000001000010001110100111,11010100101001110001110101001011,0
ADD,ethernet,000000000000000000000000000001000010011110010000,01110010110001000011001101101011,0
ADD,ethernet,000000000000000000000000000001000010101101111001,00100101111111111010100001010100,0
ADD,ethernet,000000000000000000000000000001000010111101100010,11101001110101000010101100111000,0
ADD,ethernet,000000000000000000000000000001000011001101001011,01001100001011001011010011000011,0
ADD,ethernet,000000000000000000000000000001000011011100110100,00111100100110001000111010010111,0
ADD,ethernet,000000000000000000000000000001000011101100011101,00111110111111011101011110010010,0
ADD,ethernet,000000000000000000000000000001000011111100000110,01011001110111011100010101001000,0
ADD,ethernet,000000000000000000000000000001000100001011101111,01110100010110011010101010111110,0
ADD,ethernet,000000000000000000000000000001000100011011011000,01111111001101110100101101110110,0
ADD,ethernet,000000000000000000000000000001000100101011000001,11100001000000100001011110111001,0
ADD,ethernet,000000000000000000000000000001000100111010101010,11001111000100011001100110011110,0
ADD,ethernet,000000000000000000000000000001000101001010010011,00001001111101110000000010001001,0
ADD,ethernet,000000000000000000000000000001000101011001111100,01011101100000001011110001000110,0
ADD,ethernet,000000000000000000000000000001000101101001100101,00101000110010101111100001000100,0
ADD,ethernet,000000000000000000000000000001000101111001001110,01001111010100110011111111110101,0
ADD,ethernet,000000000000000000000000000001000110001000110111,10111111010111000011001101001011,0
ADD,ethernet,000000000000000000000000000001000110011000100000,00111011011111111100101010101011,0
ADD,ethernet,000000000000000000000000000001000110101000001001,00011111001000000000000001000111,0
ADD,ethernet,000000000000000000000000000001000110110111110010,01001101011111010101001000000110,0
ADD,ethernet,000000000000000000000000000001000111000111011011,01001110101111011001101001101010,0
ADD,ethernet,000000000000000000000000000001000111010111000100,00010010010010000110001001101010,0
ADD,ethernet,000000000000000000000000000001000111100110101101,01010000110100011101101100001110,0
ADD,ethernet,000000000000000000000000000001000111110110010110,01101111111010111111010110110100,0
ADD,ethernet,000000000000000000000000000001001000000101111111,00111001011110000011010110010001,0
ADD,ethernet,000000000000000000000000000001001000010101101000,01100011100000001000000111100101,0
ADD,ethernet,000000000000000000000000000001001000100101010001,01000010101010010010011111100111,0
ADD,ethernet,000000000000000000000000000001001000110100111010,10110001000001101000110001100001,0
ADD,ethernet,000000000000000000000000000001001001000100100011,00001111111011100001100001101000,0
ADD,ethernet,000000000000000000000000000001001001010100001100,10011001110110101110111101001011,0
ADD,ethernet,000000000000000000000000000001001001100011110101,10001011001111101100001010000110,0
ADD,ethernet,000000000000000000000000000001001001110011011110,01010001000101001111011110001000,0
ADD,ethernet,000000000000000000000000000001001010000011000111,11000101001010111001000110110101,0
ADD,ethernet,000000000000000000000000000001001010010010110000,00101101011011100100000101110000,0
ADD,ethernet,000000000000000000000000000001001010100010011001,01111011001110011011101011000110,0
ADD,ethernet,000000000000000000000000000001001010110010000010,10101000010100001001010101110001,0
ADD,ethernet,000000000000000000000000000001001011000001101011,01111100111001001011000111001010,0
ADD,ethernet,000000000000000000000000000001001011010001010100,11110101101000101001011101100111,0
ADD,ethernet,000000000000000000000000000001001011100000111101,00000100100101011101001101011100,0
ADD,ethernet,000000000000000000000000000001001011110000100110,11001100101000001110000011001001,0
ADD,ethernet,000000000000000000000000000001001100000000001111,00100011001001001101000001100011,0
ADD,ethernet,000000000000000000000000000001001100001111111000,11100000010011001000111011001111,0
ADD,ethernet,000000000000000000000000000001001100011111100001,11010010110000000110011010001100,0
ADD,ethernet,000000000000000000000000000001001100101111001010,01110010110001101011000011000011,0
ADD,ethernet,000000000000000000000000000001001100111110110011,01101110100110010010110001101111,0
ADD,ethernet,000000000000000000000000000001001101001110011100,10110111001100011000010000000110,0
ADD,ethernet,000000000000000000000000000001001101011110000101,10001100011100000011100101110111,0
ADD,ethernet,000000000000000000000000000001001101101101101110,11111010000000000001000000100011,0
ADD,ethernet,000000000000000000000000000001001101111101010111,01011011100100011100000011010111,0
ADD,ethernet,000000000000000000000000000001001110001101000000,01011101000001010000100011001001,0
ADD,ethernet,000000000000000000000000000001001110011100101001,10011101010011000010110001010101,0
ADD,ethernet,000000000000000000000000000001001110101100010010,11000110011110111100001010011111,0
ADD,ethernet,000000000000000000000000000001001110111011111011,01101011000100110000110111001101,0
ADD,ethernet,000000000000000000000000000001001111001011100100,00011000101011011100101111000011,0
ADD,ethernet,000000000000000000000000000001001111011011001101,00100110001101101111001110101101,0
ADD,ethernet,000000000000000000000000000001001111101010110110,01001101110111100101001101110001,0
ADD,ethernet,000000000000000000000000000001001111111010011111,10000100000001000111001101111011,0
ADD,ethernet,000000000000000000000000000001010000001010001000,00111010010000101110011000000100,0
ADD,ethernet,000000000000000000000000000001010000011001110001,01101110001001101010001100010111,0
ADD,ethernet,000000000000000000000000000001010000101001011010,10111110011101000000010100001011,0
ADD,ethernet,000000000000000000000000000001010000111001000011,00100110101001100111101110100100,0
ADD,ethernet,000000000000000000000000000001010001001000101100,10001111111000110001000111001001,0
ADD,ethernet,000000000000000000000000000001010001011000010101,01001101111100100100101000111100,0
ADD,ethernet,000000000000000000000000000001010001100111111110,01111100111101011010011100100011,0
ADD,ethernet,000000000000000000000000000001010001110111100111,10111010011010000001010011000110,0
ADD,ethernet,000000000000000000000000000001010010000111010000,10011101011010110100110111011010,0
ADD,ethernet,000000000000000000000000000001010010010110111001,11111111111000010000001100000011,0
ADD,ethernet,000000000000000000000000000001010010100110100010,11110101000100100000001101111110,0
ADD,ethernet,000000000000000000000000000001010010110110001011,11111000010101111100000011001001,0
ADD,ethernet,000000000000000000000000000001010011000101110100,01011101001010110110001000010100,0
ADD,ethernet,000000000000000000000000000001010011010101011101,10111111010000110101011100011001,0
ADD,ethernet,000000000000000000000000000001010011100101000110,00001111111001100100010010101111,0
ADD,ethernet,000000000000000000000000000001010011110100101111,11011010011101101100111111000111,0
ADD,ethernet,000000000000000000000000000001010100000100011000,00100100111010001100111001101101,0
ADD,ethernet,000000000000000000000000000001010100010100000001,10001100111101100101110011001010,0
ADD,ethernet,000000000000000000000000000001010100100011101010,10111011100011000001010110001111,0
ADD,ethernet,000000000000000000000000000001010100110011010011,00000111111100010001000101010101,0
ADD,ethernet,000000000000000000000000000001010101000010111100,01111111001100000110010101110110,0
ADD,ethernet,000000000000000000000000000001010101010010100101,11011101011111111110001000000000,0
ADD,ethernet,000000000000000000000000000001010101100010001110,01100010000000110111100000000111,0
ADD,ethernet,000000000000000000000000000001010101110001110111,01011011001000110110011101011110,0
ADD,ethernet,000000000000000000000000000001010110000001100000,11011001011100010101111111100000,0
ADD,ethernet,000000000000000000000000000001010110010001001001,01110110101010000011110111100000,0
ADD,ethernet,000000000000000000000000000001010110100000110010,00001110111100001110110100100011,0
ADD,ethernet,000000000000000000000000000001010110110000011011,11101100001101100001110110111001,0
ADD,ethernet,000000000000000000000000000001010111000000000100,10000001000101001100011010010000,0
ADD,ethernet,000000000000000000000000000001010111001111101101,11010110000011101111000101010110,0
ADD,ethernet,000000000000000000000000000001010111011111010110,00001100011000000110010101100011,0
ADD,ethernet,000000000000000000000000000001010111101110111111,11110010100001000000000011001011,0
ADD,ethernet,000000000000000000000000000001010111111110101000,00110011100110101010100011000111,0
ADD,ethernet,000000000000000000000000000001011000001110010001,01000011111001000010100101011011,0
ADD,ethernet,000000000000000000000000000001011000011101111010,10111111111010110111111010101100,0
ADD,ethernet,000000000000000000000000000001011000101101100011,01111100110110111011000001100101,0
ADD,ethernet,000000000000000000000000000001011000111101001100,00000101001000110110000010010010,0
ADD,ethernet,000000000000000000000000000001011001001100110101,11110101111010100101100000100001,0
ADD,ethernet,000000000000000000000000000001011001011100011110,10110011011010001001101011001100,0
ADD,ethernet,000000000000000000000000000001011001101100000111,00111100001010010010111011110100,0
ADD,ethernet,000000000000000000000000000001011001111011110000,01111011100000101000100100100010,0
ADD,ethernet,000000000000000000000000000001011010001011011001,00011000011011101010010100000110,0
ADD,ethernet,000000000000000000000000000001011010011011000010,11100000000111111101100011010010,0
ADD,ethernet,000000000000000000000000000001011010101010101011,11000111001110111111010000010100,0
ADD,ethernet,000000000000000000000000000001011010111010010100,10011110100101101011111101101000,0
ADD,ethernet,000000000000000000000000000001011011001001111101,11100000011110100101110110110101,0
ADD,ethernet,000000000000000000000000000001011011011001100110,11101111010001000101100011001010,0
ADD,ethernet,000000000000000000000000000001011011101001001111,01100101010000101010011001111001,0
ADD,ethernet,000000000000000000000000000001011011111000111000,00100110110010000000000010001000,0
ADD,ethernet,000000000000000000000000000001011100001000100001,10101101111101010110100011000000,0
ADD,ethernet,000000000000000000000000000001011100011000001010,10000101100001100110101011000110,0
ADD,ethernet,000000000000000000000000000001011100100111110011,11011000011100111110010001010110,0
ADD,ethernet,000000000000000000000000000001011100110111011100,01000000001111011100010110001011,0
ADD,ethernet,000000000000000000000000000001011101000111000101,11010010111011100001111111110101,0
ADD,ethernet,000000000000000000000000000001011101010110101110,00100010111000011101000100011111,0
ADD,ethernet,000000000000000000000000000001011101100110010111,10001010011010010000101001111110,0
ADD,ethernet,000000000000000000000000000001011101110110000000,10000000011011101111111010000010,0
ADD,ethernet,000000000000000000000000000001011110000101101001,00011000110111100110111100110000,0
ADD,ethernet,000000000000000000000000000001011110010101010010,01110111100010001001100001001000,0
ADD,ethernet,000000000000000000000000000001011110100100111011,00110100010011110111001110010001,0
ADD,ethernet,000000000000000000000000000001011110110100100100,10100010111011000010001010100100,0
ADD,ethernet,000000000000000000000000000001011111000100001101,01110001011110000101000000100100,0
ADD,ethernet,000000000000000000000000000001011111010011110110,00010001110011100100011111010110,0
ADD,ethernet,000000000000000000000000000001011111100011011111,01000100110011110100111000000001,0
ADD,ethernet,000000000000000000000000000001011111110011001000,10000001101011111100001010100010,0
ADD,ethernet,000000000000000000000000000001100000000010110001,00011001011101100110111001111100,0
ADD,ethernet,000000000000000000000000000001100000010010011010,11111000111111111100000011010110,0
ADD,ethernet,000000000000000000000000000001100000100010000011,00101001011011101010010110110001,0
ADD,ethernet,000000000000000000000000000001100000110001101100,11110010000010100100010000111110,0
ADD,ethernet,000000000000000000000000000001100001000001010101,00100100001010101010000101110111,0
ADD,ethernet,000000000000000000000000000001100001010000111110,00000101100011000000111011111011,0
ADD,ethernet,000000000000000000000000000001100001100000100111,00000001100110101000001000110100,0
ADD,ethernet,000000000000000000000000000001100001110000010000,11010110110110111100101101011011,0
ADD,ethernet,000000000000000000000000000001100001111111111001,10110010111100111010101100100101,0
ADD,ethernet,000000000000000000000000000001100010001111100010,00011100111111100111001101000111,0
ADD,ethernet,000000000000000000000000000001100010011111001011,00000110011011100011101001011110,0
ADD,ethernet,000000000000000000000000000001100010101110110100,10110100111001000000111000000001,0
ADD,ethernet,000000000000000000000000000001100010111110011101,00001110100011101100111010011001,0
ADD,ethernet,000000000000000000000000000001100011001110000110,11011100000100001100011111100000,0
ADD,ethernet,000000000000000000000000000001100011011101101111,10010111110110010001010110010000,0
ADD,ethernet,000000000000000000000000000001100011101101011000,11101100011011111101010110000001,0
ADD,ethernet,000000000000000000000000000001100011111101000001,11111001101000101010101010110101,0
ADD,ethernet,000000000000000000000000000001100100001100101010,10110001100001100000110010001000,0
ADD,ethernet,000000000000000000000000000001100100011100010011,10101110000000000101110000001011,0
ADD,ethernet,000000000000000000000000000001100100101011111100,00100010011010111101110000000010,0
ADD,ethernet,000000000000000000000000000001100100111011100101,01010111011110101110110011101110,0
ADD,ethernet,000000000000000000000000000001100101001011001110,00111011101010110011100010011010,0
ADD,ethernet,000000000000000000000000000001100101011010110111,10010111001100011110001110000100,0
ADD,ethernet,000000000000000000000000000001100101101010100000,10101111110110010010011100101001,0
ADD,ethernet,000000000000000000000000000001100101111010001001,00101100111110010101001110111101,0
ADD,ethernet,000000000000000000000000000001100110001001110010,11111100111001011011111010010101,0
ADD,ethernet,000000000000000000000000000001100110011001011011,10011010101001110100110100101000,0
ADD,ethernet,000000000000000000000000000001100110101001000100,01011110101110000111100101100011,0
ADD,ethernet,000000000000000000000000000001100110111000101101,11110011100010100100011000101010,0
ADD,ethernet,000000000000000000000000000001100111001000010110,11110111101110010011001010001100,0
ADD,ethernet,000000000000000000000000000001100111010111111111,01101010111110001001100001001110,0
ADD,ethernet,000000000000000000000000000001100111100111101000,01100011000101101001111011111000,0
ADD,ethernet,000000000000000000000000000001100111110111010001,01000101100100010111111001000011,0
ADD,ethernet,000000000000000000000000000001101000000110111010,00100001010011100010111000111110,0
ADD,ethernet,000000000000000000000000000001101000010110100011,01110001000001011011001010011101,0
ADD,ethernet,000000000000000000000000000001101000100110001100,10100101101101010001000011000111,0
ADD,ethernet,000000000000000000000000000001101000110101110101,01111001010110010011001100110110,0
ADD,ethernet,000000000000000000000000000001101001000101011110,00011101100001100100110111101010,0
ADD,ethernet,000000000000000000000000000001101001010101000111,10011001111100101001000110011010,0
ADD,ethernet,000000000000000000000000000001101001100100110000,01001010001100010001011010011100,0
ADD,ethernet,000000000000000000000000000001101001110100011001,00111011101001001010110011011100,0
ADD,ethernet,000000000000000000000000000001101010000100000010,10111001100011111001010110010111,0
ADD,ethernet,000000000000000000000000000001101010010011101011,10101101000110111000001001001001,0
ADD,ethernet,000000000000000000000000000001101010100011010100,11100110100101100100100111100110,0
ADD,ethernet,000000000000000000000000000001101010110010111101,00111111110101000101000110001010,0
ADD,ethernet,000000000000000000000000000001101011000010100110,01111000001000100001000101001100,0
ADD,ethernet,000000000000000000000000000001101011010010001111,10001100010101111110100101000110,0
ADD,ethernet,000000000000000000000000000001101011100001111000,00010101011110100100110000010001,0
ADD,ethernet,000000000000000000000000000001101011110001100001,00000100010010010110010000001010,0
ADD,ethernet,000000000000000000000000000001101100000001001010,01111011000111001111110000010001,0
ADD,ethernet,000000000000000000000000000001101100010000110011,10100101111011101111111101000101,0
ADD,ethernet,000000000000000000000000000001101100100000011100,11011000100101000010101011100100,0
ADD,ethernet,000000000000000000000000000001101100110000000101,01000101001010100010111110101100,0
ADD,ethernet,000000000000000000000000000001101100111111101110,11111101101001100100110000100011,0
ADD,ethernet,000000000000000000000000000001101101001111010111,00100011000101001101110011110010,0
ADD,ethernet,000000000000000000000000000001101101011111000000,10010001011001100111110011001010,0
ADD,ethernet,000000000000000000000000000001101101101110101001,00101100010111100001100011000110,0
ADD,ethernet,000000000000000000000000000001101101111110010010,00111000010111001111101100010001,0
ADD,ethernet,000000000000000000000000000001101110001101111011,10111010010111111111100011101011,0
ADD,ethernet,000000000000000000000000000001101110011101100100,11101111110010110010000010000100,0
ADD,ethernet,000000000000000000000000000001101110101101001101,01101010110001010101001000000000,0
ADD,ethernet,000000000000000000000000000001101110111100110110,00111011001010101011111100111011,0
ADD,ethernet,000000000000000000000000000001101111001100011111,10001001110011001011000000001110,0
ADD,ethernet,000000000000000000000000000001101111011100001000,11111000110100011011011010100101,0
ADD,ethernet,000000000000000000000000000001101111101011110001,10101111111100101111000101101000,0
ADD,ethernet,000000000000000000000000000001101111111011011010,01011100111010110101100101101010,0
ADD,ethernet,000000000000000000000000000001110000001011000011,11100001111001101100100101110001,0
ADD,ethernet,000000000000000000000000000001110000011010101100,11111001000100111100000011011000,0
ADD,ethernet,000000000000000000000000000001110000101010010101,10001011110011110001111101001011,0
ADD,ethernet,000000000000000000000000000001110000111001111110,10000001011101111110010100110001,0
ADD,ethernet,000000000000000000000000000001110001001001100111,00100000110110010000001000101110,0
ADD,ethernet,000000000000000000000000000001110001011001010000,01110000110011011011111110101100,0
ADD,ethernet,000000000000000000000000000001110001101000111001,00101011110111010011100010101011,0
ADD,ethernet,000000000000000000000000000001110001111000100010,00110011100100010001000111101100,0
ADD,ethernet,000000000000000000000000000001110010001000001011,00110010010001010000010110001000,0
ADD,ethernet,000000000000000000000000000001110010010111110100,10000110110001000000111100010100,0
ADD,ethernet,000000000000000000000000000001110010100111011101,11100010100111111000111010101111,0
ADD,ethernet,000000000000000000000000000001110010110111000110,01111011111001111100110010101001,0
ADD,ethernet,000000000000000000000000000001110011000110101111,10000100001110001011000101111010,0
ADD,ethernet,000000000000000000000000000001110011010110011000,01110101100110010101001011101101,0
ADD,ethernet,000000000000000000000000000001110011100110000001,10010011101111111101111110011001,0
ADD,ethernet,000000000000000000000000000001110011110101101010,10101001011011100000011101101010,0
ADD,ethernet,000000000000000000000000000001110100000101010011,10111000110001010111011110101001,0
ADD,ethernet,000000000000000000000000000001110100010100111100,01100110010101000101001001011010,0
ADD,ethernet,000000000000000000000000000001110100100100100101,01001101111000000100011001101100,0
ADD,ethernet,000000000000000000000000000001110100110100001110,01000011101001011110101111000110,0
ADD,ethernet,000000000000000000000000000001110101000011110111,01000011111100111010110011010100,0
ADD,ethernet,000000000000000000000000000001110101010011100000,11010111111010110010010000111011,0
ADD,ethernet,000000000000000000000000000001110101100011001001,01110101010001110110000101011111,0
ADD,ethernet,000000000000000000000000000001110101110010110010,11101101111001011110000100100100,0
ADD,ethernet,000000000000000000000000000001110110000010011011,00111110111101001000001110000110,0
ADD,ethernet,000000000000000000000000000001110110010010000100,00011001001001110010100111111101,0
ADD,ethernet,000000000000000000000000000001110110100001101101,10010011100010101011001101110100,0
ADD,ethernet,000000000000000000000000000001110110110001010110,01100110100110100000110110001000,0
ADD,ethernet,000000000000000000000000000001110111000000111111,00111001101011110110110011101101,0
ADD,ethernet,000000000000000000000000000001110111010000101000,01111101001110000011110010110000,0
ADD,ethernet,000000000000000000000000000001110111100000010001,01111011110001001011110000111010,0
ADD,ethernet,000000000000000000000000000001110111101111111010,00001000000011010100010101001001,0
ADD,ethernet,000000000000000000000000000001110111111111100011,00001000111101100010110111001000,0
ADD,ethernet,000000000000000000000000000001111000001111001100,10101101101101110100100100010011,0
ADD,ethernet,000000000000000000000000000001111000011110110101,10011111000111100010011011011001,0
ADD,ethernet,000000000000000000000000000001111000101110011110,10001010100010111101010110100000,0
ADD,ethernet,000000000000000000000000000001111000111110000111,01001011111010100100110000100100,0
ADD,ethernet,000000000000000000000000000001111001001101110000,01001100001011001110011010011000,0
ADD,ethernet,000000000000000000000000000001111001011101011001,01110011011000000000010001001111,0
ADD,ethernet,000000000000000000000000000001111001101101000010,10000110111000011011001010011001,0
ADD,ethernet,000000000000000000000000000001111001111100101011,01110011100001100011001100111001,0
ADD,ethernet,000000000000000000000000000001111010001100010100,10000111010000001011010001101000,0
ADD,ipv4,00001010000000000000000000000001/32,01011111000011101110100110011101,0
ADD,ipv4,00001010000000000000000000000010/32,11101010000101111100100101001011,0
ADD,ipv4,00001010000000000000000000000011/32,11000000110010001001010010010111,0
ADD,ipv4,00001010000000000000000000000100/32,01001100011110111101101111100101,0
ADD,ipv4,00001010000000000000000000000101/32,10100110000110010011101100011111,0
ADD,ipv4,00001010000000000000000000000110/32,01000010101000100011001000100111,0
ADD,ipv4,00001010000000000000000000000111/32,11011100001110101011110101001001,0
ADD,ipv4,00001010000000000000000000001000/32,11001110100011011001100001111000,0
ADD,ipv4,00001010000000000000000000001001/32,01100100001001101011010101011010,0
ADD,ipv4,00001010000000000000000000001010/32,01110000011111010001000001101011,0
ADD,ipv4,00001010000000000000000000001011/32,11010010111010001111000110010101,0
ADD,ipv4,00001010000000000000000000001100/32,01001000111100010111011110110010,0
ADD,ipv4,00001010000000000000000000001101/32,01110110011100010001101010001000,0
ADD,ipv4,00001010000000000000000000001110/32,00001001100010100010000111000010,0
ADD,ipv4,00001010000000000000000000001111/32,00100010000110001010100000011001,0
ADD,ipv4,00001010000000000000000000010000/32,01101101100101001010010010100111,0
ADD,ipv4,00001010000000000000000000010001/32,00011010100101001110010011110000,0
ADD,ipv4,00001010000000000000000000010010/32,00111011100100110101101011111110,0
ADD,ipv4,00001010000000000000000000010011/32,11010111001000011001000001100111,0
ADD,ipv4,00001010000000000000000000010100/32,01000100110101100010001111000000,0
ADD,ipv4,00001010000000000000000000010101/32,00000010111011111010100001011101,0
ADD,ipv4,00001010000000000000000000010110/32,01101100000010010001001101000000,0
ADD,ipv4,00001010000000000000000000010111/32,00011101100011110011100001011011,0
ADD,ipv4,00001010000000000000000000011000/32,01010001000000111000010000110001,0
ADD,ipv4,00001010000000000000000000011001/32,01101011110111111111100000100010,0
ADD,ipv4,00001010000000000000000000011010/32,10001010110110011010000111111000,0
ADD,ipv4,00001010000000000000000000011011/32,10100100011101011101101000111101,0
ADD,ipv4,00001010000000000000000000011100/32,11001101101010001010110011011000,0
ADD,ipv4,00001010000000000000000000011101/32,11010100011000100111111101100010,0
ADD,ipv4,00001010000000000000000000011110/32,11011011100111000000010100101011,0
ADD,ipv4,00001010000000000000000000011111/32,11101100000001101101001011010101,0
ADD,ipv4,00001010000000000000000000100000/32,01001000100110011110100100110010,0
ADD,ipv4,00001010000000000000000000100001/32,10111100011001101110100010000110,0
ADD,ipv4,00001010000000000000000000100010/32,10110010011100000001000101010000,0
ADD,ipv4,00001010000000000000000000100011/32,01101001111000001111001101110010,0
ADD,ipv4,00001010000000000000000000100100/32,11110111111111011111110001000100,0
ADD,ipv4,00001010000000000000000000100101/32,01001111110010100101101001000001,0
ADD,ipv4,00001010000000000000000000100110/32,01000101000000110010111010000101,0
ADD,ipv4,00001010000000000000000000100111/32,01001111010011101011000000000101,0
ADD,ipv4,00001010000000000000000000101000/32,01101011010100010000001111111001,0
ADD,ipv4,00001010000000000000000000101001/32,11000010010001110100111100100000,0
ADD,ipv4,00001010000000000000000000101010/32,00010000100000100000111101001101,0
ADD,ipv4,00001010000000000000000000101011/32,11000100010100000010011011011101,0
ADD,ipv4,00001010000000000000000000101100/32,00111000101111110100101101000000,0
ADD,ipv4,00001010000000000000000000101101/32,11101001001100010111001110010100,0
ADD,ipv4,00001010000000000000000000101110/32,00000010100100011111000010111001,0
ADD,ipv4,00001010000000000000000000101111/32,00110111111011001101001101011100,0
ADD,ipv4,00001010000000000000000000110000/32,10001111000000100100101010110011,0
ADD,ipv4,00001010000000000000000000110001/32,01101011110000101110000000010010,0
ADD,ipv4,00001010000000000000000000110010/32,01101110010001101010011100001000,0
ADD,ipv4,00001010000000000000000000110011/32,01111011100111111111100111101001,0
ADD,ipv4,00001010000000000000000000110100/32,01001011100010110011010001001111,0
ADD,ipv4,00001010000000000000000000110101/32,00110111000010100101100000010110,0
ADD,ipv4,00001010000000000000000000110110/32,01000100010111011001010010101110,0
ADD,ipv4,00001010000000000000000000110111/32,00000001110011111101110111100011,0
ADD,ipv4,00001010000000000000000000111000/32,10100001010110001010111100100011,0
ADD,ipv4,00001010000000000000000000111001/32,01111000101011011001100101111001,0
ADD,ipv4,00001010000000000000000000111010/32,01010001101100101111011010010001,0
ADD,ipv4,00001010000000000000000000111011/32,11000011100011111100001010110111,0
ADD,ipv4,00001010000000000000000000111100/32,10111001000011101011011011100001,0
ADD,ipv4,00001010000000000000000000111101/32,10011100110010101000100010011010,0
ADD,ipv4,00001010000000000000000000111110/32,00110000111101100010010001010110,0
ADD,ipv4,00001010000000000000000000111111/32,01001011101110101110100001110100,0
ADD,ipv4,00001010000000000000000001000000/32,01011111011000011011101101110001,0
ADD,ipv4,00001010000000000000000001000001/32,00100101111110111001100010010010,0
ADD,ipv4,00001010000000000000000001000010/32,11010010100000001011010011000111,0
ADD,ipv4,00001010000000000000000001000011/32,00000111100010100100010001000001,0
ADD,ipv4,00001010000000000000000001000100/32,11101000011101010001100110010001,0
ADD,ipv4,00001010000000000000000001000101/32,10011000110001101001011011011101,0
ADD,ipv4,00001010000000000000000001000110/32,11111001010110111110000010001100,0
ADD,ipv4,00001010000000000000000001000111/32,11010001110010101010110100000000,0
ADD,ipv4,00001010000000000000000001001000/32,01010001001001100000001111101100,0
ADD,ipv4,00001010000000000000000001001001/32,00110100000101100100100001010000,0
ADD,ipv4,00001010000000000000000001001010/32,00100011100100100011010001011111,0
ADD,ipv4,00001010000000000000000001001011/32,10110110100111101010001111011000,0
ADD,ipv4,00001010000000000000000001001100/32,11110101011010000110010110110101,0
ADD,ipv4,00001010000000000000000001001101/32,00001101010010000100100010000010,0
ADD,ipv4,00001010000000000000000001001110/32,10101101101010111101111101010110,0
ADD,ipv4,00001010000000000000000001001111/32,10101010100011100010101000011001,0
ADD,ipv4,00001010000000000000000001010000/32,00010000001011101100110011001101,0
ADD,ipv4,00001010000000000000000001010001/32,00001001000011010101001101011100,0
ADD,ipv4,00001010000000000000000001010010/32,00111001100000100011110001001101,0
ADD,ipv4,00001010000000000000000001010011/32,00000010001110010010010001000101,0
ADD,ipv4,00001010000000000000000001010100/32,10100100010011100011010110111000,0
ADD,ipv4,00001010000000000000000001010101/32,00010110111000101010011100100100,0
ADD,ipv4,00001010000000000000000001010110/32,10011110010101011101100100110110,0
ADD,ipv4,00001010000000000000000001010111/32,00000110011001100010101110100111,0
ADD,ipv4,00001010000000000000000001011000/32,00110001101000100011111010100000,0
ADD,ipv4,00001010000000000000000001011001/32,01001110101111101100001011100100,0
ADD,ipv4,00001010000000000000000001011010/32,11001000111001010011101110010100,0
ADD,ipv4,00001010000000000000000001011011/32,11110010000100011001010010001100,0
ADD,ipv4,00001010000000000000000001011100/32,01001011111011010101000111110111,0
ADD,ipv4,00001010000000000000000001011101/32,00001010000110100100010011110100,0
ADD,ipv4,00001010000000000000000001011110/32,00010011001010111011101011011100,0
ADD,ipv4,00001010000000000000000001011111/32,00101001101010101111001010111010,0
ADD,ipv4,00001010000000000000000001100000/32,11101011011011010101001001101111,0
ADD,ipv4,00001010000000000000000001100001/32,10101010011100110110011101000101,0
ADD,ipv4,00001010000000000000000001100010/32,01101000100110001001000010011101,0
ADD,ipv4,00001010000000000000000001100011/32,00111011110010101110001001101100,0
ADD,ipv4,00001010000000000000000001100100/32,10100110011101111011100011010110,0
ADD,ipv4,00001010000000000000000001100101/32,00101011001001100000011110011010,0
ADD,ipv4,00001010000000000000000001100110/32,11100101111110010111111110001110,0
ADD,ipv4,00001010000000000000000001100111/32,11100000000110111011011000000001,0
ADD,ipv4,00001010000000000000000001101000/32,11001111101000011001011011101001,0
ADD,ipv4,00001010000000000000000001101001/32,00111100010010101110100001011011,0
ADD,ipv4,00001010000000000000000001101010/32,11010101001011010000101001011000,0
ADD,ipv4,00001010000000000000000001101011/32,00001011000011000000000001111100,0
ADD,ipv4,00001010000000000000000001101100/32,00110100001100001101100011101111,0
ADD,ipv4,00001010000000000000000001101101/32,11101001010111000100010110000011,0
ADD,ipv4,00001010000000000000000001101110/32,01011100110111010101101011001010,0
ADD,ipv4,00001010000000000000000001101111/32,00110011001100101100011100001100,0
ADD,ipv4,00001010000000000000000001110000/32,01110100100011011010111011000010,0
ADD,ipv4,00001010000000000000000001110001/32,00110010101110010101101100001100,0
ADD,ipv4,00001010000000000000000001110010/32,01011110100111011100111110110011,0
ADD,ipv4,00001010000000000000000001110011/32,11100000000111100100000000101000,0
ADD,ipv4,00001010000000000000000001110100/32,00011011000000110011110101001101,0
ADD,ipv4,00001010000000000000000001110101/32,10110101111000011000011100001101,0
ADD,ipv4,00001010000000000000000001110110/32,01011101001111011001011100011110,0
ADD,ipv4,00001010000000000000000001110111/32,01110110100110111111000111111110,0
ADD,ipv4,00001010000000000000000001111000/32,11100101010110100011100000000111,0
ADD,ipv4,00001010000000000000000001111001/32,10001100110110101000010101111101,0
ADD,ipv4,00001010000000000000000001111010/32,10111011111001001101001001001001,0
ADD,ipv4,00001010000000000000000001111011/32,01011011110001001000000100100011,0
ADD,ipv4,00001010000000000000000001111100/32,00100111101010110011111011100111,0
ADD,ipv4,00001010000000000000000001111101/32,11000000100011101010001011000011,0
ADD,ipv4,00001010000000000000000001111110/32,01000111001100111110000011101010,0
ADD,ipv4,00001010000000000000000001111111/32,01110110101001111011101001100110,0
ADD,ipv4,00001010000000000000000010000000/32,10111010000000000100110001101110,0
ADD,ipv4,00001010000000000000000010000001/32,11111101000101110110110110101000,0
ADD,ipv4,00001010000000000000000010000010/32,11010110101001100000001100101011,0
ADD,ipv4,00001010000000000000000010000011/32,01000011100001110000011110001100,0
ADD,ipv4,00001010000000000000000010000100/32,00101010100001001001011000001110,0
ADD,ipv4,00001010000000000000000010000101/32,11111000001000001110101010010101,0
ADD,ipv4,00001010000000000000000010000110/32,10011000000000110100100110111111,0
ADD,ipv4,00001010000000000000000010000111/32,01000010011101100011011100011110,0
ADD,ipv4,00001010000000000000000010001000/32,11100100010000000110011001110111,0
ADD,ipv4,00001010000000000000000010001001/32,11001001111100111110010000010110,0
ADD,ipv4,00001010000000000000000010001010/32,01111010110101011111011110100000,0
ADD,ipv4,00001010000000000000000010001011/32,01000011000010111001110101101110,0
ADD,ipv4,00001010000000000000000010001100/32,11100011101100110000100101111010,0
ADD,ipv4,00001010000000000000000010001101/32,11100111000001001101010000010010,0
ADD,ipv4,00001010000000000000000010001110/32,10001010110100001011000111101001,0
ADD,ipv4,00001010000000000000000010001111/32,00101100000000100110101111110101,0
ADD,ipv4,00001010000000000000000010010000/32,11011011010110010110110011001001,0
ADD,ipv4,00001010000000000000000010010001/32,01110100111011111000001010001110,0
ADD,ipv4,00001010000000000000000010010010/32,11000000101000111010000110101001,0
ADD,ipv4,00001010000000000000000010010011/32,10101101001000111001000101100100,0
ADD,ipv4,00001010000000000000000010010100/32,00000010011000010011100001010001,0
ADD,ipv4,00001010000000000000000010010101/32,00000101111100000101111010011010,0
ADD,ipv4,00001010000000000000000010010110/32,01111110101000111110000100101010,0
ADD,ipv4,00001010000000000000000010010111/32,11100101001010111010111001000110,0
ADD,ipv4,00001010000000000000000010011000/32,00010011111011001101111001110010,0
ADD,ipv4,00001010000000000000000010011001/32,10011101011110101110110011111010,0
ADD,ipv4,00001010000000000000000010011010/32,10011011000000101111001010101111,0
ADD,ipv4,00001010000000000000000010011011/32,00101010001101000001111010100110,0
ADD,ipv4,00001010000000000000000010011100/32,00010000111101101000010101100101,0
ADD,ipv4,00001010000000000000000010011101/32,00001110011100011110011001100101,0
ADD,ipv4,00001010000000000000000010011110/32,10101110110111101110010010111001,0
ADD,ipv4,00001010000000000000000010011111/32,00110011101100000000101001011010,0
ADD,ipv4,00001010000000000000000010100000/32,00101110011101110011000101001110,0
ADD,ipv4,00001010000000000000000010100001/32,00110100111101101110101000110100,0
ADD,ipv4,00001010000000000000000010100010/32,01011000101010101100110110110111,0
ADD,ipv4,00001010000000000000000010100011/32,11100000000001100001000110000010,0
ADD,ipv4,00001010000000000000000010100100/32,01001010000001010111100101001100,0
ADD,ipv4,00001010000000000000000010100101/32,01111010000100010110100011001000,0
ADD,ipv4,00001010000000000000000010100110/32,11001110101111110111011010010100,0
ADD,ipv4,00001010000000000000000010100111/32,11011010010111010000101010000110,0
ADD,ipv4,00001010000000000000000010101000/32,00110110110111010101011011010101,0
ADD,ipv4,00001010000000000000000010101001/32,00100111100101111010110111010011,0
ADD,ipv4,00001010000000000000000010101010/32,10110110101100100001011110001101,0
ADD,ipv4,00001010000000000000000010101011/32,10011000000001011010001110010111,0
ADD,ipv4,00001010000000000000000010101100/32,00100011100001001000111000000000,0
ADD,ipv4,00001010000000000000000010101101/32,00000110001110100110000100011000,0
ADD,ipv4,00001010000000000000000010101110/32,11010000110110001011011011111000,0
ADD,ipv4,00001010000000000000000010101111/32,01100000010010110000101010100011,0
ADD,ipv4,00001010000000000000000010110000/32,10001010011100010110111100100110,0
ADD,ipv4,00001010000000000000000010110001/32,10111111000100100110001001111001,0
ADD,ipv4,00001010000000000000000010110010/32,01010100011001101001011100111011,0
ADD,ipv4,00001010000000000000000010110011/32,00001000111010110101000100000111,0
ADD,ipv4,00001010000000000000000010110100/32,10001010000010100101101011001011,0
ADD,ipv4,00001010000000000000000010110101/32,00000010111111011110000001111011,0
ADD,ipv4,00001010000000000000000010110110/32,00010101100001111001111001110000,0
ADD,ipv4,00001010000000000000000010110111/32,01001110000110111101010001010001,0
ADD,ipv4,00001010000000000000000010111000/32,01101101010110011111011100101011,0
ADD,ipv4,00001010000000000000000010111001/32,00101011111111011011001100100110,0
ADD,ipv4,00001010000000000000000010111010/32,01010100011101001011000010111110,0
ADD,ipv4,00001010000000000000000010111011/32,01000010011111001101000100101100,0
ADD,ipv4,00001010000000000000000010111100/32,11110100111000011100000010111101,0
ADD,ipv4,00001010000000000000000010111101/32,11000000100111110001110100101100,0
ADD,ipv4,00001010000000000000000010111110/32,01000101010101000110110001100110,0
ADD,ipv4,00001010000000000000000010111111/32,11011011011001111001000011100010,0
ADD,ipv4,00001010000000000000000011000000/32,00000110000001011001001100110010,0
ADD,ipv4,00001010000000000000000011000001/32,11111011011000110100100101110100,0
ADD,ipv4,00001010000000000000000011000010/32,01101000111010001100010110000110,0
ADD,ipv4,00001010000000000000000011000011/32,10010011101010001100000110111101,0
ADD,ipv4,00001010000000000000000011000100/32,01110110110000111000000110000101,0
ADD,ipv4,00001010000000000000000011000101/32,10010100101111000010011001001011,0
ADD,ipv4,00001010000000000000000011000110/32,00010001001110001111101011011001,0
ADD,ipv4,00001010000000000000000011000111/32,11011110000001110001101111101100,0
ADD,ipv4,00001010000000000000000011001000/32,00110010111010101011010010101000,0
ADD,ipv4,00001010000000000000000011001001/32,11110101111010110101000011001011,0
ADD,ipv4,00001010000000000000000011001010/32,11010001111011011000000001110111,0
ADD,ipv4,00001010000000000000000011001011/32,00010010011001100011100110010000,0
ADD,ipv4,00001010000000000000000011001100/32,00000110001001001100101100001101,0
ADD,ipv4,00001010000000000000000011001101/32,00110000001110100000010110101000,0
ADD,ipv4,00001010000000000000000011001110/32,01000111000001010010101111001111,0
ADD,ipv4,00001010000000000000000011001111/32,11101100011010111011001001000000,0
ADD,ipv4,00001010000000000000000011010000/32,01010111010011101010101111000100,0
ADD,ipv4,00001010000000000000000011010001/32,11000010100110111100111000000101,0
ADD,ipv4,00001010000000000000000011010010/32,01000100110001111011001001101101,0
ADD,ipv4,00001010000000000000000011010011/32,10010111111011000111001100100100,0
ADD,ipv4,00001010000000000000000011010100/32,11001110011011111110011111011000,0
ADD,ipv4,00001010000000000000000011010101/32,11010000110000100010001011010010,0
ADD,ipv4,00001010000000000000000011010110/32,10111111110001010110001100000110,0
ADD,ipv4,00001010000000000000000011010111/32,10000011100110011100001010100100,0
ADD,ipv4,00001010000000000000000011011000/32,00010010111000101010011011100010,0
ADD,ipv4,00001010000000000000000011011001/32,11000100101010110000011000001000,0
ADD,ipv4,00001010000000000000000011011010/32,10111000001000111011110000001000,0
ADD,ipv4,00001010000000000000000011011011/32,01001001100011111001011111101100,0
ADD,ipv4,00001010000000000000000011011100/32,01010001011110000110110101110110,0
ADD,ipv4,00001010000000000000000011011101/32,00011011000101100010000011001011,0
ADD,ipv4,00001010000000000000000011011110/32,10011110000101011100101010011110,0
ADD,ipv4,00001010000000000000000011011111/32,01101101010101011100111010111010,0
ADD,ipv4,00001010000000000000000011100000/32,01110110101001101101101010000111,0
ADD,ipv4,00001010000000000000000011100001/32,01100011011101101000110000100101,0
ADD,ipv4,00001010000000000000000011100010/32,10001110001001111011011101111110,0
ADD,ipv4,00001010000000000000000011100011/32,11001100110000101111001111001111,0
ADD,ipv4,00001010000000000000000011100100/32,11100100000010001100110101100100,0
ADD,ipv4,00001010000000000000000011100101/32,11110000010100111001001001111011,0
ADD,ipv4,00001010000000000000000011100110/32,11010110011100110100001010101111,0
ADD,ipv4,00001010000000000000000011100111/32,01110000110101111101000010101011,0
ADD,ipv4,00001010000000000000000011101000/32,00000010110110100010100000011010,0
ADD,ipv4,00001010000000000000000011101001/32,01011001111010011110011100011101,0
ADD,ipv4,00001010000000000000000011101010/32,11011011110101101000110011110011,0
ADD,ipv4,00001010000000000000000011101011/32,11110101111001000001101001101110,0
ADD,ipv4,00001010000000000000000011101100/32,00011100010000111000000010011011,0
ADD,ipv4,00001010000000000000000011101101/32,00111001010011000001011000100001,0
ADD,ipv4,00001010000000000000000011101110/32,10000010010111011101001110010010,0
ADD,ipv4,00001010000000000000000011101111/32,10101011000100111101010011000010,0
ADD,ipv4,00001010000000000000000011110000/32,11110101000100100100010000101001,0
ADD,ipv4,00001010000000000000000011110001/32,00001111001101110100010011010111,0
ADD,ipv4,00001010000000000000000011110010/32,01111110111000000011010001010000,0
ADD,ipv4,00001010000000000000000011110011/32,10110110111011010110011101011010,0
ADD,ipv4,00001010000000000000000011110100/32,00011110001010100111111000000011,0
ADD,ipv4,00001010000000000000000011110101/32,11111010111011011101001011110110,0
ADD,ipv4,00001010000000000000000011110110/32,00100100110010111111101001110001,0
ADD,ipv4,00001010000000000000000011110111/32,10101010110011000011110011111100,0
ADD,ipv4,00001010000000000000000011111000/32,10011011101000011001011100110110,0
ADD,ipv4,00001010000000000000000011111001/32,01100110111101010001010110100101,0
ADD,ipv4,00001010000000000000000011111010/32,10010101101110110100110011001111,0
ADD,ipv4,00001010000000000000000011111011/32,11010100011011110010111100101110,0
ADD,ipv4,00001010000000000000000011111100/32,01011011100101111101110100101011,0
ADD,ipv4,00001010000000000000000011111101/32,10100011000011001111101111101011,0
ADD,ipv4,00001010000000000000000011111110/32,11101110001100100000000011000011,0
ADD,ipv4,00001010000000000000000011111111/32,00000110011000001111001011110100,0
ADD,ipv4,00001010000000000000000100000000/32,11111101001011010111101010110111,0
ADD,ipv4,00001010000000000000001000000000/32,10100001011001001000010011000110,0
ADD,ipv4,00001010000000000000001100000000/32,11100100000011111011110110010011,0
ADD,ipv4,00001010000000000000010000000000/32,01100010011110001101000111111001,0
ADD,ipv4,00001010000000000000010100000000/32,10001000111001111101101111001101,0
ADD,ipv4,00001010000000000000011000000000/32,11001110110000110110001011101001,0
ADD,ipv4,00001010000000000000011100000000/32,01010000000110000101100000000000,0
ADD,ipv4,00001010000000000000100000000000/32,00000111100000110011110101110000,0
ADD,ipv4,00001010000000000000100100000000/32,11010101011101000110001011010011,0
ADD,ipv4,00001010000000000000101000000000/32,10011100110000110110100111110100,0
ADD,ipv4,00001010000000000000101100000000/32,00000001111000010110011001001010,0
ADD,ipv4,00001010000000000000110000000000/32,11011000111010110000101011010001,0
ADD,ipv4,00001010000000000000110100000000/32,10111001110011011100001001111100,0
ADD,ipv4,00001010000000000000111000000000/32,00001110010001010011010110100001,0
ADD,ipv4,00001010000000000000111100000000/32,10001111101101100001111101100100,0
ADD,ipv4,00001010000000000001000000000000/32,11010100101001110001110101001011,0
ADD,ipv4,00001010000000000001000100000000/32,01110010110001000011001101101011,0
ADD,ipv4,00001010000000000001001000000000/32,00100101111111111010100001010100,0
ADD,ipv4,00001010000000000001001100000000/32,11101001110101000010101100111000,0
ADD,ipv4,00001010000000000001010000000000/32,01001100001011001011010011000011,0
ADD,ipv4,00001010000000000001010100000000/32,00111100100110001000111010010111,0
ADD,ipv4,00001010000000000001011000000000/32,00111110111111011101011110010010,0
ADD,ipv4,00001010000000000001011100000000/32,01011001110111011100010101001000,0
ADD,ipv4,00001010000000000001100000000000/32,01110100010110011010101010111110,0
ADD,ipv4,00001010000000000001100100000000/32,01111111001101110100101101110110,0
ADD,ipv4,00001010000000000001101000000000/32,11100001000000100001011110111001,0
ADD,ipv4,00001010000000000001101100000000/32,11001111000100011001100110011110,0
ADD,ipv4,00001010000000000001110000000000/32,00001001111101110000000010001001,0
ADD,ipv4,00001010000000000001110100000000/32,01011101100000001011110001000110,0
ADD,ipv4,00001010000000000001111000000000/32,00101000110010101111100001000100,0
ADD,ipv4,00001010000000000001111100000000/32,01001111010100110011111111110101,0
ADD,ipv4,00001010000000000010000000000000/32,10111111010111000011001101001011,0
ADD,ipv4,00001010000000000010000100000000/32,00111011011111111100101010101011,0
ADD,ipv4,00001010000000000010001000000000/32,00011111001000000000000001000111,0
ADD,ipv4,00001010000000000010001100000000/32,01001101011111010101001000000110,0
ADD,ipv4,00001010000000000010010000000000/32,01001110101111011001101001101010,0
ADD,ipv4,00001010000000000010010100000000/32,00010010010010000110001001101010,0
ADD,ipv4,00001010000000000010011000000000/32,01010000110100011101101100001110,0
ADD,ipv4,00001010000000000010011100000000/32,01101111111010111111010110110100,0
ADD,ipv4,00001010000000000010100000000000/32,00111001011110000011010110010001,0
ADD,ipv4,00001010000000000010100100000000/32,01100011100000001000000111100101,0
ADD,ipv4,00001010000000000010101000000000/32,01000010101010010010011111100111,0
ADD,ipv4,00001010000000000010101100000000/32,10110001000001101000110001100001,0
ADD,ipv4,00001010000000000010110000000000/32,00001111111011100001100001101000,0
ADD,ipv4,00001010000000000010110100000000/32,10011001110110101110111101001011,0
ADD,ipv4,00001010000000000010111000000000/32,10001011001111101100001010000110,0
ADD,ipv4,00001010000000000010111100000000/32,01010001000101001111011110001000,0
ADD,ipv4,00001010000000000011000000000000/32,11000101001010111001000110110101,0
ADD,ipv4,00001010000000000011000100000000/32,00101101011011100100000101110000,0
ADD,ipv4,00001010000000000011001000000000/32,01111011001110011011101011000110,0
ADD,ipv4,00001010000000000011001100000000/32,10101000010100001001010101110001,0
ADD,ipv4,00001010000000000011010000000000/32,01111100111001001011000111001010,0
ADD,ipv4,00001010000000000011010100000000/32,11110101101000101001011101100111,0
ADD,ipv4,00001010000000000011011000000000/32,00000100100101011101001101011100,0
ADD,ipv4,00001010000000000011011100000000/32,11001100101000001110000011001001,0
ADD,ipv4,00001010000000000011100000000000/32,00100011001001001101000001100011,0
ADD,ipv4,00001010000000000011100100000000/32,11100000010011001000111011001111,0
ADD,ipv4,00001010000000000011101000000000/32,11010010110000000110011010001100,0
ADD,ipv4,00001010000000000011101100000000/32,01110010110001101011000011000011,0
ADD,ipv4,00001010000000000011110000000000/32,01101110100110010010110001101111,0
ADD,ipv4,00001010000000000011110100000000/32,10110111001100011000010000000110,0
ADD,ipv4,00001010000000000011111000000000/32,10001100011100000011100101110111,0
ADD,ipv4,00001010000000000011111100000000/32,11111010000000000001000000100011,0
ADD,ipv4,00001010000000000100000000000000/32,01011011100100011100000011010111,0
ADD,ipv4,00001010000000000100000100000000/32,01011101000001010000100011001001,0
ADD,ipv4,00001010000000000100001000000000/32,10011101010011000010110001010101,0
ADD,ipv4,00001010000000000100001100000000/32,11000110011110111100001010011111,0
ADD,ipv4,00001010000000000100010000000000/32,01101011000100110000110111001101,0
ADD,ipv4,00001010000000000100010100000000/32,00011000101011011100101111000011,0
ADD,ipv4,00001010000000000100011000000000/32,00100110001101101111001110101101,0
ADD,ipv4,00001010000000000100011100000000/32,01001101110111100101001101110001,0
ADD,ipv4,00001010000000000100100000000000/32,10000100000001000111001101111011,0
ADD,ipv4,00001010000000000100100100000000/32,00111010010000101110011000000100,0
ADD,ipv4,00001010000000000100101000000000/32,01101110001001101010001100010111,0
ADD,ipv4,00001010000000000100101100000000/32,10111110011101000000010100001011,0
ADD,ipv4,00001010000000000100110000000000/32,00100110101001100111101110100100,0
ADD,ipv4,00001010000000000100110100000000/32,10001111111000110001000111001001,0
ADD,ipv4,00001010000000000100111000000000/32,01001101111100100100101000111100,0
ADD,ipv4,00001010000000000100111100000000/32,01111100111101011010011100100011,0
ADD,ipv4,00001010000000000101000000000000/32,10111010011010000001010011000110,0
ADD,ipv4,00001010000000000101000100000000/32,10011101011010110100110111011010,0
ADD,ipv4,00001010000000000101001000000000/32,11111111111000010000001100000011,0
ADD,ipv4,00001010000000000101001100000000/32,11110101000100100000001101111110,0
ADD,ipv4,00001010000000000101010000000000/32,11111000010101111100000011001001,0
ADD,ipv4,00001010000000000101010100000000/32,01011101001010110110001000010100,0
ADD,ipv4,00001010000000000101011000000000/32,10111111010000110101011100011001,0
ADD,ipv4,00001010000000000101011100000000/32,00001111111001100100010010101111,0
ADD,ipv4,00001010000000000101100000000000/32,11011010011101101100111111000111,0
ADD,ipv4,00001010000000000101100100000000/32,00100100111010001100111001101101,0
ADD,ipv4,00001010000000000101101000000000/32,10001100111101100101110011001010,0
ADD,ipv4,00001010000000000101101100000000/32,10111011100011000001010110001111,0
ADD,ipv4,00001010000000000101110000000000/32,00000111111100010001000101010101,0
ADD,ipv4,00001010000000000101110100000000/32,01111111001100000110010101110110,0
ADD,ipv4,00001010000000000101111000000000/32,11011101011111111110001000000000,0
ADD,ipv4,00001010000000000101111100000000/32,01100010000000110111100000000111,0
ADD,ipv4,00001010000000000110000000000000/32,01011011001000110110011101011110,0
ADD,ipv4,00001010000000000110000100000000/32,11011001011100010101111111100000,0
ADD,ipv4,00001010000000000110001000000000/32,01110110101010000011110111100000,0
ADD,ipv4,00001010000000000110001100000000/32,00001110111100001110110100100011,0
ADD,ipv4,00001010000000000110010000000000/32,11101100001101100001110110111001,0
ADD,ipv4,00001010000000000110010100000000/32,10000001000101001100011010010000,0
ADD,ipv4,00001010000000000110011000000000/32,11010110000011101111000101010110,0
ADD,ipv4,00001010000000000110011100000000/32,00001100011000000110010101100011,0
ADD,ipv4,00001010000000000110100000000000/32,11110010100001000000000011001011,0
ADD,ipv4,00001010000000000110100100000000/32,00110011100110101010100011000111,0
ADD,ipv4,00001010000000000110101000000000/32,01000011111001000010100101011011,0
ADD,ipv4,00001010000000000110101100000000/32,10111111111010110111111010101100,0
ADD,ipv4,00001010000000000110110000000000/32,01111100110110111011000001100101,0
ADD,ipv4,00001010000000000110110100000000/32,00000101001000110110000010010010,0
ADD,ipv4,00001010000000000110111000000000/32,11110101111010100101100000100001,0
ADD,ipv4,00001010000000000110111100000000/32,10110011011010001001101011001100,0
ADD,ipv4,00001010000000000111000000000000/32,00111100001010010010111011110100,0
ADD,ipv4,00001010000000000111000100000000/32,01111011100000101000100100100010,0
ADD,ipv4,00001010000000000111001000000000/32,00011000011011101010010100000110,0
ADD,ipv4,00001010000000000111001100000000/32,11100000000111111101100011010010,0
ADD,ipv4,00001010000000000111010000000000/32,11000111001110111111010000010100,0
ADD,ipv4,00001010000000000111010100000000/32,10011110100101101011111101101000,0
ADD,ipv4,00001010000000000111011000000000/32,11100000011110100101110110110101,0
ADD,ipv4,00001010000000000111011100000000/32,11101111010001000101100011001010,0
ADD,ipv4,00001010000000000111100000000000/32,01100101010000101010011001111001,0
ADD,ipv4,00001010000000000111100100000000/32,00100110110010000000000010001000,0
ADD,ipv4,00001010000000000111101000000000/32,10101101111101010110100011000000,0
ADD,ipv4,00001010000000000111101100000000/32,10000101100001100110101011000110,0
ADD,ipv4,00001010000000000111110000000000/32,11011000011100111110010001010110,0
ADD,ipv4,00001010000000000111110100000000/32,01000000001111011100010110001011,0
ADD,ipv4,00001010000000000111111000000000/32,11010010111011100001111111110101,0
ADD,ipv4,00001010000000000111111100000000/32,00100010111000011101000100011111,0
ADD,ipv4,00001010000000001000000000000000/32,10001010011010010000101001111110,0
ADD,ipv4,00001010000000001000000100000000/32,10000000011011101111111010000010,0
ADD,ipv4,00001010000000001000001000000000/32,00011000110111100110111100110000,0
ADD,ipv4,00001010000000001000001100000000/32,01110111100010001001100001001000,0
ADD,ipv4,00001010000000001000010000000000/32,00110100010011110111001110010001,0
ADD,ipv4,00001010000000001000010100000000/32,10100010111011000010001010100100,0
ADD,ipv4,00001010000000001000011000000000/32,01110001011110000101000000100100,0
ADD,ipv4,00001010000000001000011100000000/32,00010001110011100100011111010110,0
ADD,ipv4,00001010000000001000100000000000/32,01000100110011110100111000000001,0
ADD,ipv4,00001010000000001000100100000000/32,10000001101011111100001010100010,0
ADD,ipv4,00001010000000001000101000000000/32,00011001011101100110111001111100,0
ADD,ipv4,00001010000000001000101100000000/32,11111000111111111100000011010110,0
ADD,ipv4,00001010000000001000110000000000/32,00101001011011101010010110110001,0
ADD,ipv4,00001010000000001000110100000000/32,11110010000010100100010000111110,0
ADD,ipv4,00001010000000001000111000000000/32,00100100001010101010000101110111,0
ADD,ipv4,00001010000000001000111100000000/32,00000101100011000000111011111011,0
ADD,ipv4,00001010000000001001000000000000/32,00000001100110101000001000110100,0
ADD,ipv4,00001010000000001001000100000000/32,11010110110110111100101101011011,0
ADD,ipv4,00001010000000001001001000000000/32,10110010111100111010101100100101,0
ADD,ipv4,00001010000000001001001100000000/32,00011100111111100111001101000111,0
ADD,ipv4,00001010000000001001010000000000/32,00000110011011100011101001011110,0
ADD,ipv4,00001010000000001001010100000000/32,10110100111001000000111000000001,0
ADD,ipv4,00001010000000001001011000000000/32,00001110100011101100111010011001,0
ADD,ipv4,00001010000000001001011100000000/32,11011100000100001100011111100000,0
ADD,ipv4,00001010000000001001100000000000/32,10010111110110010001010110010000,0
ADD,ipv4,00001010000000001001100100000000/32,11101100011011111101010110000001,0
ADD,ipv4,00001010000000001001101000000000/32,11111001101000101010101010110101,0
ADD,ipv4,00001010000000001001101100000000/32,10110001100001100000110010001000,0
ADD,ipv4,00001010000000001001110000000000/32,10101110000000000101110000001011,0
ADD,ipv4,00001010000000001001110100000000/32,00100010011010111101110000000010,0
ADD,ipv4,00001010000000001001111000000000/32,01010111011110101110110011101110,0
ADD,ipv4,00001010000000001001111100000000/32,00111011101010110011100010011010,0
ADD,ipv4,00001010000000001010000000000000/32,10010111001100011110001110000100,0
ADD,ipv4,00001010000000001010000100000000/32,10101111110110010010011100101001,0
ADD,ipv4,00001010000000001010001000000000/32,00101100111110010101001110111101,0
ADD,ipv4,00001010000000001010001100000000/32,11111100111001011011111010010101,0
ADD,ipv4,00001010000000001010010000000000/32,10011010101001110100110100101000,0
ADD,ipv4,00001010000000001010010100000000/32,01011110101110000111100101100011,0
ADD,ipv4,00001010000000001010011000000000/32,11110011100010100100011000101010,0
ADD,ipv4,00001010000000001010011100000000/32,11110111101110010011001010001100,0
ADD,ipv4,00001010000000001010100000000000/32,01101010111110001001100001001110,0
ADD,ipv4,00001010000000001010100100000000/32,01100011000101101001111011111000,0
ADD,ipv4,00001010000000001010101000000000/32,01000101100100010111111001000011,0
ADD,ipv4,00001010000000001010101100000000/32,00100001010011100010111000111110,0
ADD,ipv4,00001010000000001010110000000000/32,01110001000001011011001010011101,0
ADD,ipv4,00001010000000001010110100000000/32,10100101101101010001000011000111,0
ADD,ipv4,00001010000000001010111000000000/32,01111001010110010011001100110110,0
ADD,ipv4,00001010000000001010111100000000/32,00011101100001100100110111101010,0
ADD,ipv4,00001010000000001011000000000000/32,10011001111100101001000110011010,0
ADD,ipv4,00001010000000001011000100000000/32,01001010001100010001011010011100,0
ADD,ipv4,00001010000000001011001000000000/32,00111011101001001010110011011100,0
ADD,ipv4,00001010000000001011001100000000/32,10111001100011111001010110010111,0
ADD,ipv4,00001010000000001011010000000000/32,10101101000110111000001001001001,0
ADD,ipv4,00001010000000001011010100000000/32,11100110100101100100100111100110,0
ADD,ipv4,00001010000000001011011000000000/32,00111111110101000101000110001010,0
ADD,ipv4,00001010000000001011011100000000/32,01111000001000100001000101001100,0
ADD,ipv4,00001010000000001011100000000000/32,10001100010101111110100101000110,0
ADD,ipv4,00001010000000001011100100000000/32,00010101011110100100110000010001,0
ADD,ipv4,00001010000000001011101000000000/32,00000100010010010110010000001010,0
ADD,ipv4,00001010000000001011101100000000/32,01111011000111001111110000010001,0
ADD,ipv4,00001010000000001011110000000000/32,10100101111011101111111101000101,0
ADD,ipv4,00001010000000001011110100000000/32,11011000100101000010101011100100,0
ADD,ipv4,00001010000000001011111000000000/32,01000101001010100010111110101100,0
ADD,ipv4,00001010000000001011111100000000/32,11111101101001100100110000100011,0
ADD,ipv4,00001010000000001100000000000000/32,00100011000101001101110011110010,0
ADD,ipv4,00001010000000001100000100000000/32,10010001011001100111110011001010,0
ADD,ipv4,00001010000000001100001000000000/32,00101100010111100001100011000110,0
ADD,ipv4,00001010000000001100001100000000/32,00111000010111001111101100010001,0
ADD,ipv4,00001010000000001100010000000000/32,10111010010111111111100011101011,0
ADD,ipv4,00001010000000001100010100000000/32,11101111110010110010000010000100,0
ADD,ipv4,00001010000000001100011000000000/32,01101010110001010101001000000000,0
ADD,ipv4,00001010000000001100011100000000/32,00111011001010101011111100111011,0
ADD,ipv4,00001010000000001100100000000000/32,10001001110011001011000000001110,0
ADD,ipv4,00001010000000001100100100000000/32,11111000110100011011011010100101,0
ADD,ipv4,00001010000000001100101000000000/32,10101111111100101111000101101000,0
ADD,ipv4,00001010000000001100101100000000/32,01011100111010110101100101101010,0
ADD,ipv4,00001010000000001100110000000000/32,11100001111001101100100101110001,0
ADD,ipv4,00001010000000001100110100000000/32,11111001000100111100000011011000,0
ADD,ipv4,00001010000000001100111000000000/32,10001011110011110001111101001011,0
ADD,ipv4,00001010000000001100111100000000/32,10000001011101111110010100110001,0
ADD,ipv4,00001010000000001101000000000000/32,00100000110110010000001000101110,0
ADD,ipv4,00001010000000001101000100000000/32,01110000110011011011111110101100,0
ADD,ipv4,00001010000000001101001000000000/32,00101011110111010011100010101011,0
ADD,ipv4,00001010000000001101001100000000/32,00110011100100010001000111101100,0
ADD,ipv4,00001010000000001101010000000000/32,00110010010001010000010110001000,0
ADD,ipv4,00001010000000001101010100000000/32,10000110110001000000111100010100,0
ADD,ipv4,00001010000000001101011000000000/32,11100010100111111000111010101111,0
ADD,ipv4,00001010000000001101011100000000/32,01111011111001111100110010101001,0
ADD,ipv4,00001010000000001101100000000000/32,10000100001110001011000101111010,0
ADD,ipv4,00001010000000001101100100000000/32,01110101100110010101001011101101,0
ADD,ipv4,00001010000000001101101000000000/32,10010011101111111101111110011001,0
ADD,ipv4,00001010000000001101101100000000/32,10101001011011100000011101101010,0
ADD,ipv4,00001010000000001101110000000000/32,10111000110001010111011110101001,0
ADD,ipv4,00001010000000001101110100000000/32,01100110010101000101001001011010,0
ADD,ipv4,00001010000000001101111000000000/32,01001101111000000100011001101100,0
ADD,ipv4,00001010000000001101111100000000/32,01000011101001011110101111000110,0
ADD,ipv4,00001010000000001110000000000000/32,01000011111100111010110011010100,0
ADD,ipv4,00001010000000001110000100000000/32,11010111111010110010010000111011,0
ADD,ipv4,00001010000000001110001000000000/32,01110101010001110110000101011111,0
ADD,ipv4,00001010000000001110001100000000/32,11101101111001011110000100100100,0
ADD,ipv4,00001010000000001110010000000000/32,00111110111101001000001110000110,0
ADD,ipv4,00001010000000001110010100000000/32,00011001001001110010100111111101,0
ADD,ipv4,00001010000000001110011000000000/32,10010011100010101011001101110100,0
ADD,ipv4,00001010000000001110011100000000/32,01100110100110100000110110001000,0
ADD,ipv4,00001010000000001110100000000000/32,00111001101011110110110011101101,0
ADD,ipv4,00001010000000001110100100000000/32,01111101001110000011110010110000,0
ADD,ipv4,00001010000000001110101000000000/32,01111011110001001011110000111010,0
ADD,ipv4,00001010000000001110101100000000/32,00001000000011010100010101001001,0
ADD,ipv4,00001010000000001110110000000000/32,00001000111101100010110111001000,0
ADD,ipv4,00001010000000001110110100000000/32,10101101101101110100100100010011,0
ADD,ipv4,00001010000000001110111000000000/32,10011111000111100010011011011001,0
ADD,ipv4,00001010000000001110111100000000/32,10001010100010111101010110100000,0
ADD,ipv4,00001010000000001111000000000000/32,01001011111010100100110000100100,0
ADD,ipv4,00001010000000001111000100000000/32,01001100001011001110011010011000,0
ADD,ipv4,00001010000000001111001000000000/32,01110011011000000000010001001111,0
ADD,ipv4,00001010000000001111001100000000/32,10000110111000011011001010011001,0
ADD,ipv4,00001010000000001111010000000000/32,01110011100001100011001100111001,0
ADD,ipv4,00001010000000001111010100000000/32,10000111010000001011010001101000,0
ADD,punt,0000000000000000;1;0000;00000000000000000000000000000000;00000000000000000000000000000000;00000000,,0
