ADD,nexthop,00010100110110000000010111010000,111111111,0
ADD,nexthop,01111100110010010110100100010010,011111111,0
ADD,nexthop,11111110001010110100010100101101,101111111,0
ADD,nexthop,00110011101101000110101110011111,001111111,0
ADD,nexthop,01011011100011111011010010010100,110111111,0
ADD,nexthop,10001011111010101010011011011111,010111111,0
ADD,nexthop,00011010111101011011101011010101,100111111,0
ADD,nexthop,11001110111010100111010000100101,000111111,0
ADD,nexthop,00101011100001011100110100010011,111011111,0
ADD,nexthop,11101101100001000100011100000001,011011111,0
ADD,nexthop,11010101000000000000000101010111,101011111,0
ADD,nexthop,11000111011000100010100110101101,001011111,0
ADD,nexthop,01101010000010001110111100101000,110011111,0
ADD,nexthop,00010101011100001010110101101001,010011111,0
ADD,nexthop,01100000010100111100100111010000,100011111,0
ADD,nexthop,00100011010110101111010001011101,000011111,0
ADD,nexthop,11010010010011110100000101111101,111101111,0
ADD,nexthop,11101000011010111000011100101101,011101111,0
ADD,nexthop,10101101001001110010001111001111,101101111,0
ADD,nexthop,01111101100100010011001100110011,001101111,0
ADD,nexthop,10001111111001111000110010001011,110101111,0
ADD,nexthop,10100011010101011000010001101111,010101111,0
ADD,nexthop,10110111111001001101000010100111,100101111,0
ADD,nexthop,10000110010011000101111101001100,000101111,0
ADD,nexthop,10000100111011100001100000011100,111001111,0
ADD,nexthop,01111011101110010100011101000011,011001111,0
ADD,nexthop,00001011111010011010100101001100,101001111,0
ADD,nexthop,01010001101111001001000100101110,001001111,0
ADD,nexthop,00000001001101011100101111011001,110001111,0
ADD,nexthop,10000100111111111011001010101001,010001111,0
ADD,nexthop,10100001001111100110001111000011,100001111,0
ADD,nexthop,00110110001100010001100110001001,000001111,0
ADD,nexthop,00110100000110010000111010110001,111110111,0
ADD,nexthop,01001000000010001101100001110010,011110111,0
ADD,nexthop,01101100110111011000011001100011,101110111,0
ADD,nexthop,11011000010000100000101100011111,001110111,0
ADD,nexthop,10001001111100010100110000011001,110110111,0
ADD,nexthop,00110101110010101100100111010000,010110111,0
ADD,nexthop,01111111111100000101101111000001,100110111,0
ADD,nexthop,00001111100111110101100110111111,000110111,0
ADD,nexthop,11001000010000000100010100010010,111010111,0
ADD,nexthop,01101011010010111101001110110000,011010111,0
ADD,nexthop,00011000111100110010001011000110,101010111,0
ADD,nexthop,00011100001010111010110001011000,001010111,0
ADD,nexthop,11011011101111010001101111101011,110010111,0
ADD,nexthop,11010100010100100000001101010100,010010111,0
ADD,nexthop,00011111110010011000000001011111,100010111,0
ADD,nexthop,10000010110100101100010110001100,000010111,0
ADD,nexthop,00100000110001000111100001000101,111100111,0
ADD,nexthop,11110101011011100010001001001011,011100111,0
ADD,nexthop,00011101001100100111011011101000,101100111,0
ADD,nexthop,00101111101110110101000000010000,001100111,0
ADD,nexthop,01101011101101111010100100001001,110100111,0
ADD,nexthop,11000111010001101000110010111001,010100111,0
ADD,nexthop,00100100101011101000001111111010,100100111,0
ADD,nexthop,11101110000000001011100100010101,000100111,0
ADD,nexthop,11011111011100100001111010000010,111000111,0
ADD,nexthop,00100110010000111111100111000111,011000111,0
ADD,nexthop,00100000100110110110100010100100,101000111,0
ADD,nexthop,11000101101001111101100001011011,001000111,0
ADD,nexthop,00111100101110111110111110001110,110000111,0
ADD,nexthop,10000100101100100000110001101101,010000111,0
ADD,nexthop,00001100100110000000100111100100,100000111,0
ADD,nexthop,00001001100101111001001000010110,000000111,0
ADD,nexthop,10010001001111010111100001110111,111111011,0
ADD,nexthop,01000000100110011001111011110100,011111011,0
ADD,nexthop,01101110110100100100101011011010,101111011,0
ADD,nexthop,01100011001110101010011111011010,001111011,0
ADD,nexthop,00111111100000101010001101011000,110111011,0
ADD,nexthop,10011000111011011000110000011111,010111011,0
ADD,nexthop,00101101011010111110110000000001,100111011,0
ADD,nexthop,10000000100111011101010110100010,000111011,0
ADD,nexthop,00011011010011100011000101010010,111011011,0
ADD,nexthop,11001100010011111101111101000000,011011011,0
ADD,nexthop,01100101100000001110111010000110,101011011,0
ADD,nexthop,11110101000111001011001010001010,001011011,0
ADD,nexthop,11011110101100110001001111001011,110011011,0
ADD,nexthop,11011011110011000001001010100101,010011011,0
ADD,nexthop,10100110100000110110110101110001,100011011,0
ADD,nexthop,01111111111011101011011110100000,000011011,0
ADD,nexthop,11000000011101010111001000111111,111101011,0
ADD,nexthop,01011110010001100011101000111100,011101011,0
ADD,nexthop,01111110110000001011010110000010,101101011,0
ADD,nexthop,11011011000001000000100110011010,001101011,0
ADD,nexthop,11000111111011010100010110100100,110101011,0
ADD,nexthop,01110011100000010110110011101101,010101011,0
ADD,nexthop,11101001111111111101100010000010,100101011,0
ADD,nexthop,00000001110110010001000110010110,000101011,0
ADD,nexthop,10000001001101000011011110111011,111001011,0
ADD,nexthop,11000110100100010010000010011010,011001011,0
ADD,nexthop,11100000011111000101101010101011,101001011,0
ADD,nexthop,11111001110101100010110100101011,001001011,0
ADD,nexthop,10000100100101111100000000110010,110001011,0
ADD,nexthop,01111001011000011010110111000000,010001011,0
ADD,nexthop,11011011101100011011010001001010,100001011,0
ADD,nexthop,00011110010000011100101111100011,000001011,0
ADD,nexthop,11000111100000110000001000110100,111110011,0
ADD,nexthop,01111100001100100011110001111101,011110011,0
ADD,nexthop,00000001110000001001010011100011,101110011,0
ADD,nexthop,11001111111001110000000100010000,001110011,0
ADD,nexthop,10101011100011110111110100111010,110110011,0
ADD,nexthop,01000001010000101110101111001101,010110011,0
ADD,nexthop,10001000111100000011111110100000,100110011,0
ADD,nexthop,11111100111011101101110111011110,000110011,0
ADD,nexthop,00101110110101010111000000101101,111010011,0
ADD,nexthop,11011110001000100100000100100101,011010011,0
ADD,nexthop,01001110001000111011001000100010,101010011,0
ADD,nexthop,01001000110110110010111110101000,001010011,0
ADD,nexthop,11110100010001110011111001001101,110010011,0
ADD,nexthop,11010101011000111001101101011100,010010011,0
ADD,nexthop,11001000101100011010011010111000,100010011,0
ADD,nexthop,00000010101010111100110000001110,000010011,0
ADD,nexthop,01011010100000001010010010011100,111100011,0
ADD,nexthop,11011110000110110100000100111011,011100011,0
ADD,nexthop,11010101010011111110101111011011,101100011,0
ADD,nexthop,00010000100100101011001101001101,001100011,0
ADD,nexthop,11100001101111101100100100100101,110100011,0
ADD,nexthop,11000001010001000111100011001001,010100011,0
ADD,nexthop,01110100011011011110111110010101,100100011,0
ADD,nexthop,11010110010010001101010011001111,000100011,0
ADD,nexthop,01100111001101000010100000110111,111000011,0
ADD,nexthop,10000000010110001001011010100100,011000011,0
ADD,nexthop,00111100011110011111010110010011,101000011,0
ADD,nexthop,01001110001101000100010010100111,001000011,0
ADD,nexthop,00111000001010010101100000111101,110000011,0
ADD,nexthop,00100011011000001000101011111011,010000011,0
ADD,nexthop,11001011001100001010001101110101,100000011,0
ADD,nexthop,10101000011111011011110110100111,000000011,0
ADD,nexthop,11011101010000110010111111100100,111111101,0
ADD,nexthop,01010100101100110001001000000000,011111101,0
ADD,nexthop,10011010110100011100000101101001,101111101,0
ADD,nexthop,00101010110001111111101000111011,001111101,0
ADD,nexthop,00100111101011111001110001010010,110111101,0
ADD,nexthop,01110111111000000111101110100100,010111101,0
ADD,nexthop,01000101100100001000110000011011,100111101,0
ADD,nexthop,01011101011110111010111110000000,000111101,0
ADD,nexthop,10010110100001101001111000011001,111011101,0
ADD,nexthop,10100101000001010110001000100000,011011101,0
ADD,nexthop,11011001101100001100101011111100,101011101,0
ADD,nexthop,00101000001110000000000011111010,001011101,0
ADD,nexthop,10101111010110001110101000110000,110011101,0
ADD,nexthop,01101010001111101001001101111010,010011101,0
ADD,nexthop,10011010101100100010000000000111,100011101,0
ADD,nexthop,11100011111100111000110010001110,000011101,0
ADD,nexthop,10110001010011010011100001010000,111101101,0
ADD,nexthop,00000110100001000000001100000000,011101101,0
ADD,nexthop,11001000001101111110101000111010,101101101,0
ADD,nexthop,00100111010100001001100010011000,001101101,0
ADD,nexthop,11010010010010001000001110011001,110101101,0
ADD,nexthop,11111010010001010111101111011011,010101101,0
ADD,nexthop,00110001111100100110101010001101,100101101,0
ADD,nexthop,11011111111001011001000000011110,000101101,0
ADD,nexthop,00101111000011101000100110110111,111001101,0
ADD,nexthop,00011101010001010110110110100101,011001101,0
ADD,nexthop,00010100100010000000000101010100,101001101,0
ADD,nexthop,00101101011101101000000111000011,001001101,0
ADD,nexthop,10001100101100010010000101011111,110001101,0
ADD,nexthop,01011110000110101101001111111110,010001101,0
ADD,nexthop,00100001000011000110010011101111,100001101,0
ADD,nexthop,01100111010010100111101001111000,000001101,0
ADD,nexthop,01011001010110010111011110111000,111110101,0
ADD,nexthop,10110110110011011101001100100000,011110101,0
ADD,nexthop,00010101001010110111000001011001,101110101,0
ADD,nexthop,00100001110000100110100001010101,001110101,0
ADD,nexthop,00101111011010110111100100111100,110110101,0
ADD,nexthop,11010011000110111000000100101010,010110101,0
ADD,nexthop,11100000101000110111111011001011,100110101,0
ADD,nexthop,00001111011001001111010101000011,000110101,0
ADD,nexthop,10011011100100100000111010001011,111010101,0
ADD,nexthop,00101011011001100100110011000001,011010101,0
ADD,nexthop,01110010110100100100110010110111,101010101,0
ADD,nexthop,10001010100100100101111000001001,001010101,0
ADD,nexthop,10101011100101100010010011010001,110010101,0
ADD,nexthop,00101000110011001011100010011010,010010101,0
ADD,nexthop,11010010111000111100010011110001,100010101,0
ADD,nexthop,00101110110100100100001001101101,000010101,0
ADD,nexthop,01111001100011100000110111111111,111100101,0
ADD,nexthop,10011011100001001110111111100010,011100101,0
ADD,nexthop,11011111110001011110010010101100,101100101,0
ADD,nexthop,10011110100101010101110011000000,001100101,0
ADD,nexthop,01010001000011011100010100001000,110100101,0
ADD,nexthop,11011100001101110101100011110101,010100101,0
ADD,nexthop,10000110000101010111010100010001,100100101,0
ADD,nexthop,10110100010001111010000110111010,000100101,0
ADD,nexthop,11110001000010101110110001001010,111000101,0
ADD,nexthop,01001010010001100101101100010001,011000101,0
ADD,nexthop,00010111101011101101100001101111,101000101,0
ADD,nexthop,11111111001110011110110010110010,001000101,0
ADD,nexthop,10111110001110011110000110011000,110000101,0
ADD,nexthop,11110111100100010101100000110001,010000101,0
ADD,nexthop,11000101100111011010010100100110,100000101,0
ADD,nexthop,01001000111111011110111110001000,000000101,0
ADD,nexthop,10000100001101111100110001010011,111111001,0
ADD,nexthop,11011101010111010111100101100000,011111001,0
ADD,nexthop,01011011000101001101011100011111,101111001,0
ADD,nexthop,01111001010100111111111011111010,001111001,0
ADD,nexthop,00110101111100001001110111011010,110111001,0
ADD,nexthop,01010001111011100011010111101001,010111001,0
ADD,nexthop,01111101010110000000101011011011,100111001,0
ADD,nexthop,01111011001110011111000000011000,000111001,0
ADD,nexthop,01000101111010000011011011111110,111011001,0
ADD,nexthop,00101001101100110101111110001111,011011001,0
ADD,nexthop,00010110001101011110000001100111,101011001,0
ADD,nexthop,11110011010111000010000011011000,001011001,0
ADD,nexthop,10001101001111100001100000100101,110011001,0
ADD,nexthop,11011101110010011010101101111110,010011001,0
ADD,nexthop,10101111110111101101101111001011,100011001,0
ADD,nexthop,10001010010101111001000010110100,000011001,0
ADD,nexthop,10000001001101110100011111011010,111101001,0
ADD,nexthop,01010111100001101001010110110110,011101001,0
ADD,nexthop,00000000011111101111001011110000,101101001,0
ADD,nexthop,10111011111011001100010100011111,001101001,0
ADD,nexthop,10001101010111001111101011110001,110101001,0
ADD,nexthop,01011110000110000001101111011111,010101001,0
ADD,nexthop,11000100110100010111100000010111,100101001,0
ADD,nexthop,11101111101010101101111100000110,000101001,0
ADD,nexthop,10101010101110100011011101110111,111001001,0
ADD,nexthop,11011001000010110000010111110000,011001001,0
ADD,nexthop,11111011001100100010000000001101,101001001,0
ADD,nexthop,11100010001001011011100000000100,001001001,0
ADD,nexthop,00110001101110101001101001000111,110001001,0
ADD,nexthop,10001001110010101001111000110000,010001001,0
ADD,nexthop,10111101001100110100100010100110,100001001,0
ADD,nexthop,00001111111111010000000111101000,000001001,0
ADD,nexthop,01001101111110000010000110011010,111110001,0
ADD,nexthop,01111000001000011111110000010000,011110001,0
ADD,nexthop,01101100111011010011101110111010,101110001,0
ADD,nexthop,01000110111010110101110010110000,001110001,0
ADD,nexthop,10110011110111001001001001101001,110110001,0
ADD,nexthop,10111010000101010000000110011110,010110001,0
ADD,nexthop,10111011100001010101111101101111,100110001,0
ADD,nexthop,01010110101100100111011111010110,000110001,0
ADD,nexthop,10100010111010111001111101000010,111010001,0
ADD,nexthop,11100101000101011110000001100000,011010001,0
ADD,nexthop,11110100011000110000101000011111,101010001,0
ADD,nexthop,11101101110111011011110010110101,001010001,0
ADD,nexthop,00111000100000000001000010000101,110010001,0
ADD,nexthop,00011101011011111000010000111100,010010001,0
ADD,nexthop,11101111100100101111001010001010,100010001,0
ADD,nexthop,00111100100100101100101101001001,000010001,0
ADD,nexthop,11011010010100001011111101100100,111100001,0
ADD,nexthop,01010101010011000111010010101101,011100001,0
ADD,nexthop,10010111010111110001000111000011,101100001,0
ADD,nexthop,01000010101111001111000011101110,001100001,0
ADD,nexthop,11001100010101010111000111010100,110100001,0
ADD,nexthop,10110101000101100000110010110110,010100001,0
ADD,nexthop,01001011001110111111001101011000,100100001,0
ADD,nexthop,10111101111110110001001001011000,000100001,0
ADD,nexthop,00100011001001000101111000110100,111000001,0
ADD,nexthop,10010011101100101001110001111010,011000001,0
ADD,nexthop,00100000110011000001110011100111,101000001,0
ADD,nexthop,11001111011000000000100101001100,001000001,0
ADD,nexthop,00010111101001111011000010111001,110000001,0
ADD,nexthop,01101010101101111000001110000100,010000001,0
ADD,nexthop,11011101001111111100010000001110,100000001,0
ADD,nexthop,01111101011001000101101000100010,000000001,0
ADD,nexthop,11101110000101011101111101010010,111111110,0
ADD,nexthop,01001010000110110110011011000001,011111110,0
ADD,nexthop,11000101000011011101111001000010,101111110,0
ADD,nexthop,10000101000110110101000111110001,001111110,0
ADD,nexthop,11011010010101110000111100011010,110111110,0
ADD,nexthop,10011111110110000110001101100111,010111110,0
ADD,nexthop,00001000101111011010110001101110,100111110,0
ADD,nexthop,10000010000011100101011011001110,000111110,0
ADD,nexthop,00100110101001111111000001011111,111011110,0
ADD,nexthop,01011001011010111111010111000111,011011110,0
ADD,nexthop,10111000000001011101110111100011,101011110,0
ADD,nexthop,11000010101100011110010110100110,001011110,0
ADD,nexthop,00111010110111000001101000111000,110011110,0
ADD,nexthop,01110000110000010001111101010111,010011110,0
ADD,nexthop,00110110001100100100011001000001,100011110,0
ADD,nexthop,00000001101110111001101111110100,000011110,0
ADD,nexthop,11001001101101000111000001111100,111101110,0
ADD,nexthop,11010010001111101000000000000000,011101110,0
ADD,nexthop,01011111101100101000000111110110,101101110,0
ADD,nexthop,01100001100011110011110111101101,001101110,0
ADD,nexthop,01101001100010000111111010010110,110101110,0
ADD,nexthop,11110000001000110100000011001111,010101110,0
ADD,nexthop,10110100001011000010010101000011,100101110,0
ADD,nexthop,11010100101010011000101101011111,000101110,0
ADD,nexthop,00101101000000011101001111111110,111001110,0
ADD,nexthop,10011000101010001110010110101000,011001110,0
ADD,nexthop,11011011111010011100011111110001,101001110,0
ADD,nexthop,11000101101111111010100111101011,001001110,0
ADD,nexthop,01101011101001011111011010111101,110001110,0
ADD,nexthop,00000001101010110111000011111111,010001110,0
ADD,nexthop,01011010000001011101001001010101,100001110,0
ADD,nexthop,01101110000100100010010100111010,000001110,0
ADD,nexthop,01001000111110110001001000110100,111110110,0
ADD,nexthop,11111100100111000010101001110111,011110110,0
ADD,nexthop,10110000001010111110111000011100,101110110,0
ADD,nexthop,01000111111101000101000011101000,001110110,0
ADD,nexthop,10101110011011101101011010001000,110110110,0
ADD,nexthop,01011110010010110101001000101111,010110110,0
ADD,nexthop,11010011110001000000011100100101,100110110,0
ADD,nexthop,10110110010010000001100111011111,000110110,0
ADD,nexthop,11001101011101010101111111011001,111010110,0
ADD,nexthop,00011000111110000001111111010111,011010110,0
ADD,nexthop,10101111000100000100000000101110,101010110,0
ADD,nexthop,01000111001000010100000011011010,001010110,0
ADD,nexthop,00101110101001100011111101100000,110010110,0
ADD,nexthop,11011010111010100011101111110011,010010110,0
ADD,nexthop,10011010010110110100011001001010,100010110,0
ADD,nexthop,00011110010000111100110101100110,000010110,0
ADD,nexthop,10000011101001100100000011011110,111100110,0
ADD,nexthop,01101101100111011011001010000110,011100110,0
ADD,nexthop,01001000101010100100101110011110,101100110,0
ADD,nexthop,01111011010100110110110001000101,001100110,0
ADD,nexthop,01101111111011111110111000010010,110100110,0
ADD,nexthop,11011010011100111111110011110011,010100110,0
ADD,nexthop,10101111110111111000000000111001,100100110,0
ADD,nexthop,00001111001100001001000000000000,000100110,0
ADD,nexthop,01111010011000100001010011110010,111000110,0
ADD,nexthop,01110001011100111100010001011111,011000110,0
ADD,nexthop,10000001100101100000000000100000,101000110,0
ADD,nexthop,00000000001000110111100110001000,001000110,0
ADD,nexthop,10101100010110100001011000011111,110000110,0
ADD,nexthop,11110011001111000111001111001000,010000110,0
ADD,nexthop,10011100001101101111111111010011,100000110,0
ADD,nexthop,01110111010011100100111110000100,000000110,0
ADD,nexthop,00011001110010100010000011100101,111111010,0
ADD,nexthop,10110011110100000000001000100010,011111010,0
ADD,nexthop,11101001111010110110110101111110,101111010,0
ADD,nexthop,01101011001010010101110100010010,001111010,0
ADD,nexthop,10110101000110001101110100111011,110111010,0
ADD,nexthop,10010101110010000011001011101111,010111010,0
ADD,nexthop,10010011111100100000001100000110,100111010,0
ADD,nexthop,00111000000111100110110011111001,000111010,0
ADD,nexthop,11001100110001110100011100000100,111011010,0
ADD,nexthop,10101010011111111111100100100010,011011010,0
ADD,nexthop,00111110110101110111000100110011,101011010,0
ADD,nexthop,00001001101101001001010111011111,001011010,0
ADD,nexthop,00011100101111011111111100001011,110011010,0
ADD,nexthop,11101101000100001010011010111110,010011010,0
ADD,nexthop,10111000110001101001010111000001,100011010,0
ADD,nexthop,00001010010111011111100111001011,000011010,0
ADD,nexthop,10100111011111110010111001010001,111101010,0
ADD,nexthop,11111011101010001011101101010111,011101010,0
ADD,nexthop,11110000101010101111010000010100,101101010,0
ADD,nexthop,11110001110101111001011010111010,001101010,0
ADD,nexthop,11010101101110000011111110010001,110101010,0
ADD,nexthop,10110001110001010111100101001101,010101010,0
ADD,nexthop,10000110011111000100001111010011,100101010,0
ADD,nexthop,00111111000010010000110110100010,000101010,0
ADD,nexthop,00110011010110010000110101010010,111001010,0
ADD,nexthop,00000000010110000010010101000001,011001010,0
ADD,nexthop,11001110000110011101110111110000,101001010,0
ADD,nexthop,01110100011010001110111110110001,001001010,0
ADD,nexthop,11011000001001000101100000111000,110001010,0
ADD,nexthop,11001110100110111001010111011111,010001010,0
ADD,nexthop,11110000010101001000001111101110,100001010,0
ADD,nexthop,10001001001111000101011110000111,000001010,0
ADD,nexthop,01000001101110001001001011010000,111110010,0
ADD,nexthop,10111101010111010010000000011111,011110010,0
ADD,nexthop,00111000110010100110011100001001,101110010,0
ADD,nexthop,11011110101010000111101010001100,001110010,0
ADD,nexthop,00000110100000111000110101110011,110110010,0
ADD,nexthop,00000010111101101101101001001110,010110010,0
ADD,nexthop,00011111111011011011100001001000,100110010,0
ADD,nexthop,10001011101110100101111011000001,000110010,0
ADD,nexthop,01001001110011111110111111100000,111010010,0
ADD,nexthop,00100100100101000011011011000110,011010010,0
ADD,nexthop,01100111110000111011010101000100,101010010,0
ADD,nexthop,00111000010110011110010101010101,001010010,0
ADD,nexthop,00011110000000010010001000010110,110010010,0
ADD,nexthop,10100000101111000110111110001110,010010010,0
ADD,nexthop,00100101111010010100000100010001,100010010,0
ADD,nexthop,00000100110110001010101110000101,000010010,0
ADD,nexthop,11001111101111011111011100101111,111100010,0
ADD,nexthop,11100101101011100100010011111010,011100010,0
ADD,nexthop,11010101001100100001000111100010,101100010,0
ADD,nexthop,10000010101001011100101111110011,001100010,0
ADD,nexthop,11010101111110000010001000001110,110100010,0
ADD,nexthop,00010111001001101001001111111110,010100010,0
ADD,nexthop,11001010110000110101011100011110,100100010,0
ADD,nexthop,11111111010110000010111101100010,000100010,0
ADD,nexthop,10110110000001101010000010101101,111000010,0
ADD,nexthop,00001100100000100111011000110111,011000010,0
ADD,nexthop,11000111011111011100101010100001,101000010,0
ADD,nexthop,01101011010101101001010011011001,001000010,0
ADD,nexthop,10110010100111001010000100000101,110000010,0
ADD,nexthop,01000110111101101110110001100001,010000010,0
ADD,nexthop,11111011100101011100000001011111,100000010,0
ADD,nexthop,10101011000111111000100001110011,000000010,0
ADD,nexthop,11011011111100100011000110101011,111111100,0
ADD,nexthop,11110100011111100000100001000100,011111100,0
ADD,nexthop,01111000111010001111010101001101,101111100,0
ADD,nexthop,00000110001001100101100001001101,001111100,0
ADD,nexthop,11011110011001011011011000110001,110111100,0
ADD,nexthop,11110100111011001111000011100110,010111100,0
ADD,nexthop,10110011100000101100110010010011,100111100,0
ADD,nexthop,01011110011111000100100001111111,000111100,0
ADD,nexthop,00110110111100000111011011101101,111011100,0
ADD,nexthop,00101010000111101110101101100001,011011100,0
ADD,nexthop,11100000101101010000100110000011,101011100,0
ADD,nexthop,11110111010011010111001011100111,001011100,0
ADD,nexthop,01000111101011000111101101111010,110011100,0
ADD,nexthop,01001000000011000011110010011010,010011100,0
ADD,nexthop,00001101111000000111001100101101,100011100,0
ADD,nexthop,11011011110010110000000100110101,000011100,0
ADD,nexthop,01001010011101111001100001001101,111101100,0
ADD,nexthop,01011100000001100100101101101001,011101100,0
ADD,nexthop,00000101011100111010100001001111,101101100,0
ADD,nexthop,00010011010011010100100111011001,001101100,0
ADD,nexthop,00001110010101010101010001010011,110101100,0
ADD,nexthop,00010111010011100010100011101000,010101100,0
ADD,nexthop,11000110010101000111010101101000,100101100,0
ADD,nexthop,00010000100101110100110000011110,000101100,0
ADD,nexthop,00100111110101101101110011001000,111001100,0
ADD,nexthop,00010111001101010110100101110101,011001100,0
ADD,nexthop,10001101001101110100010101101110,101001100,0
ADD,nexthop,00001100110111010100000010111001,001001100,0
ADD,nexthop,01100010000110001001100101011110,110001100,0
ADD,nexthop,11111000101111000011100110011000,010001100,0
ADD,nexthop,01011010100100111001001001001101,100001100,0
ADD,nexthop,10001010101011001001010100010111,000001100,0
ADD,nexthop,01100001011110011000110011101010,111110100,0
ADD,nexthop,10101100010101101010110101100110,011110100,0
ADD,nexthop,00100110011000101010010110100011,101110100,0
ADD,nexthop,00000011100110001010110110110110,001110100,0
ADD,nexthop,00011110101111111101000011110000,110110100,0
ADD,nexthop,10111110011011011011010010010111,010110100,0
ADD,nexthop,11000101010011010010000110111000,100110100,0
ADD,nexthop,11101101110111101000111111000010,000110100,0
ADD,nexthop,01100000001001100100000001111000,111010100,0
ADD,nexthop,00100000101000100110001110110001,011010100,0
ADD,nexthop,11111101101011010100010101100101,101010100,0
ADD,nexthop,11010000110010001010011010111100,001010100,0
ADD,nexthop,11010001110111110110001001010110,110010100,0
ADD,nexthop,10111001011000001011100110111001,010010100,0
ADD,nexthop,01101001011110000010100001011011,100010100,0
ADD,nexthop,00100001110011000011011110011011,000010100,0
ADD,nexthop,00001101100101100011110010101101,111100100,0
ADD,nexthop,01110110101011000110101111001110,011100100,0
ADD,nexthop,01101110110100111010100101111000,101100100,0
ADD,nexthop,10110101111110011001111010011000,001100100,0
ADD,nexthop,10100100100111110001100110110100,110100100,0
ADD,nexthop,00110001111100010101010111010100,010100100,0
ADD,nexthop,10100101000101001000010110000010,100100100,0
ADD,nexthop,11100011110101010010001010100100,000100100,0
ADD,nexthop,10000101010000101110101011110110,111000100,0
ADD,nexthop,00000110001010000111100100100011,011000100,0
ADD,nexthop,00000110100111111000011001110100,101000100,0
ADD,nexthop,10111000100111110110011101111101,001000100,0
ADD,nexthop,00001101110111010101000000011011,110000100,0
ADD,nexthop,00111000111000010010001000011000,010000100,0
ADD,nexthop,01010100111111100110001010101101,100000100,0
ADD,nexthop,00011010110101101101001000111111,000000100,0
ADD,nexthop,00010000011100100010011111000101,111111000,0
ADD,nexthop,11101000110001001110000011011001,011111000,0
ADD,nexthop,00010111100010111101111111100001,101111000,0
ADD,nexthop,00000010001110000011100101001001,001111000,0
ADD,nexthop,01010101001100010100010011000100,110111000,0
ADD,nexthop,01101000110010010100001100100100,010111000,0
ADD,nexthop,01100001010101000000100000100001,100111000,0
ADD,nexthop,00100011010011010001100000001100,000111000,0
ADD,nexthop,11101110010111110010011010000101,111011000,0
ADD,nexthop,01000011101110011010011000011010,011011000,0
ADD,nexthop,01101110100110110110101101011100,101011000,0
ADD,nexthop,01000101110011110000010000001101,001011000,0
ADD,nexthop,00001011101110101010001101010010,110011000,0
ADD,nexthop,11011111000111001101101010010110,010011000,0
ADD,nexthop,01111101010001011010010101011111,100011000,0
ADD,nexthop,10011011110110100111100011111110,000011000,0
ADD,nexthop,01110000000111110000010011110100,111101000,0
ADD,nexthop,01001101010011001011010001101111,011101000,0
ADD,nexthop,11011111101110111110001100110110,101101000,0
ADD,nexthop,11100100000010110010111000010101,001101000,0
ADD,nexthop,01101101000110100000111101100111,110101000,0
ADD,nexthop,00001011111111000111000110000101,010101000,0
ADD,nexthop,11000000111111101000000111000111,100101000,0
ADD,nexthop,11011111111010110111101011000011,000101000,0
ADD,nexthop,01001111100101100100001111001111,111001000,0
ADD,nexthop,00100101001101111011100011011000,011001000,0
ADD,nexthop,00100100001110000110110000000111,101001000,0
ADD,nexthop,01101101111011101000100111010111,001001000,0
ADD,nexthop,00011110011110010111111101100111,110001000,0
ADD,nexthop,00101001111011011101110111001011,010001000,0
ADD,nexthop,10111100001110001000110001101011,100001000,0
ADD,nexthop,10110010100011010001101101101011,000001000,0
ADD,nexthop,11111011001001011001001110110000,111110000,0
ADD,nexthop,10110110000000001000100100111100,011110000,0
ADD,nexthop,10101101011110000000001000111001,101110000,0
ADD,nexthop,00000011001110000001000100000100,001110000,0
ADD,nexthop,11000110101110110101010100111010,110110000,0
ADD,nexthop,11010010101010001011001110101100,010110000,0
ADD,nexthop,01101111011110101000100011011101,100110000,0
ADD,nexthop,01101101001010000110001100000101,000110000,0
ADD,nexthop,01011011110001001110010101010010,111010000,0
ADD,nexthop,01101101001101100001110001100110,011010000,0
ADD,nexthop,11011001100111011101011010101001,101010000,0
ADD,nexthop,01110100110110001001000101000110,001010000,0
ADD,nexthop,10110111010011110100101001100010,110010000,0
ADD,nexthop,01101110001001100001101110100110,010010000,0
ADD,nexthop,01100011010001001101011110010011,100010000,0
ADD,nexthop,11011110111101100000100100101001,000010000,0
ADD,nexthop,10101001101001110011011001110001,111100000,0
ADD,nexthop,10011111101001010000100111000100,011100000,0
ADD,nexthop,11100111001110110100000111110010,101100000,0
ADD,nexthop,11101101110001111111110101000101,001100000,0
ADD,nexthop,11111110100010001110011100110001,110100000,0
ADD,nexthop,01100011010111000111000111011111,010100000,0
ADD,nexthop,11101010011011010010111011111010,100100000,0
ADD,nexthop,01111110001010100101110111000100,000100000,0
ADD,nexthop,11101000000101110011011000010100,111000000,0
ADD,nexthop,10110000010111100011101011001101,011000000,0
ADD,nexthop,01100111100011100110000011011101,101000000,0
ADD,nexthop,00111110010101110110001010111000,001000000,0
ADD,nexthop,10001000011000100001101000011101,110000000,0
ADD,nexthop,00010101111110000010000111000100,010000000,0
ADD,nexthop,11110010010111000011111111001110,100000000,0
ADD,nexthop,11101110111101011010001011111101,000000000,0
ADD,ethernet,000000000000000000000000000000000000000000001011,01111101011001000101101000100010,0
ADD,ethernet,000000000000000000000000000000000000000000010110,10101011000111111000100001110011,0
ADD,ethernet,000000000000000000000000000000000000000000100001,10101000011111011011110110100111,0
ADD,ethernet,000000000000000000000000000000000000000000101100,00011010110101101101001000111111,0
ADD,ethernet,000000000000000000000000000000000000000000110111,01001000111111011110111110001000,0
ADD,ethernet,000000000000000000000000000000000000000001000010,01110111010011100100111110000100,0
ADD,ethernet,000000000000000000000000000000000000000001001101,00001001100101111001001000010110,0
ADD,ethernet,000000000000000000000000000000000000000001011000,10110010100011010001101101101011,0
ADD,ethernet,000000000000000000000000000000000000000001100011,00001111111111010000000111101000,0
ADD,ethernet,000000000000000000000000000000000000001111110010,10001001001111000101011110000111,0
ADD,ethernet,000000000000000000000000000000000000010001010111,00011110010000011100101111100011,0
ADD,ethernet,000000000000000000000000000000000000010010111100,10001010101011001001010100010111,0
ADD,ethernet,000000000000000000000000000000000000010100100001,01100111010010100111101001111000,0
ADD,ethernet,000000000000000000000000000000000000010110000110,01101110000100100010010100111010,0
ADD,ethernet,000000000000000000000000000000000000010111101011,00110110001100010001100110001001,0
ADD,ethernet,000000000000000000000000000000000000011001010000,11011110111101100000100100101001,0
ADD,ethernet,000000000000000000000000000000000000011010110101,00111100100100101100101101001001,0
ADD,ethernet,000000000000000000000000000000000000011100011010,00000100110110001010101110000101,0
ADD,ethernet,000000000000000000000000000000000000011101111111,00000010101010111100110000001110,0
ADD,ethernet,000000000000000000000000000000000000011111100100,00100001110011000011011110011011,0
ADD,ethernet,000000000000000000000000000000000000100001001001,00101110110100100100001001101101,0
ADD,ethernet,000000000000000000000000000000000000100010101110,00011110010000111100110101100110,0
ADD,ethernet,000000000000000000000000000000000000100100010011,10000010110100101100010110001100,0
ADD,ethernet,000000000000000000000000000000000000100101111000,10011011110110100111100011111110,0
ADD,ethernet,000000000000000000000000000000000000100111011101,10001010010101111001000010110100,0
ADD,ethernet,000000000000000000000000000000000000101001000010,00001010010111011111100111001011,0
ADD,ethernet,000000000000000000000000000000000000101010100111,01111111111011101011011110100000,0
ADD,ethernet,000000000000000000000000000000000000101100001100,11011011110010110000000100110101,0
ADD,ethernet,000000000000000000000000000000000000101101110001,11100011111100111000110010001110,0
ADD,ethernet,000000000000000000000000000000000000101111010110,00000001101110111001101111110100,0
ADD,ethernet,000000000000000000000000000000000000110000111011,00100011010110101111010001011101,0
ADD,ethernet,000000000000000000000000000000000000110010100000,01111110001010100101110111000100,0
ADD,ethernet,000000000000000000000000000000000000110100000101,10111101111110110001001001011000,0
ADD,ethernet,000000000000000000000000000000000000110101101010,11111111010110000010111101100010,0
ADD,ethernet,000000000000000000000000000000000000110111001111,11010110010010001101010011001111,0
ADD,ethernet,000000000000000000000000000000000000111000110100,11100011110101010010001010100100,0
ADD,ethernet,000000000000000000000000000000000000111010011001,10110100010001111010000110111010,0
ADD,ethernet,000000000000000000000000000000000000111011111110,00001111001100001001000000000000,0
ADD,ethernet,000000000000000000000000000000000000111101100011,11101110000000001011100100010101,0
ADD,ethernet,000000000000000000000000000000000000111111001000,11011111111010110111101011000011,0
ADD,ethernet,000000000000000000000000000000000001000000101101,11101111101010101101111100000110,0
ADD,ethernet,000000000000000000000000000000000001000010010010,00111111000010010000110110100010,0
ADD,ethernet,000000000000000000000000000000000001000011110111,00000001110110010001000110010110,0
ADD,ethernet,000000000000000000000000000000000001000101011100,00010000100101110100110000011110,0
ADD,ethernet,000000000000000000000000000000000001000111000001,11011111111001011001000000011110,0
ADD,ethernet,000000000000000000000000000000000001001000100110,11010100101010011000101101011111,0
ADD,ethernet,000000000000000000000000000000000001001010001011,10000110010011000101111101001100,0
ADD,ethernet,000000000000000000000000000000000001001011110000,01101101001010000110001100000101,0
ADD,ethernet,000000000000000000000000000000000001001101010101,01010110101100100111011111010110,0
ADD,ethernet,000000000000000000000000000000000001001110111010,10001011101110100101111011000001,0
ADD,ethernet,000000000000000000000000000000000001010000011111,11111100111011101101110111011110,0
ADD,ethernet,000000000000000000000000000000000001010010000100,11101101110111101000111111000010,0
ADD,ethernet,000000000000000000000000000000000001010011101001,00001111011001001111010101000011,0
ADD,ethernet,000000000000000000000000000000000001010101001110,10110110010010000001100111011111,0
ADD,ethernet,000000000000000000000000000000000001010110110011,00001111100111110101100110111111,0
ADD,ethernet,000000000000000000000000000000000001011000011000,00100011010011010001100000001100,0
ADD,ethernet,000000000000000000000000000000000001011001111101,01111011001110011111000000011000,0
ADD,ethernet,000000000000000000000000000000000001011011100010,00111000000111100110110011111001,0
ADD,ethernet,000000000000000000000000000000000001011101000111,10000000100111011101010110100010,0
ADD,ethernet,000000000000000000000000000000000001011110101100,01011110011111000100100001111111,0
ADD,ethernet,000000000000000000000000000000000001100000010001,01011101011110111010111110000000,0
ADD,ethernet,000000000000000000000000000000000001100001110110,10000010000011100101011011001110,0
ADD,ethernet,000000000000000000000000000000000001100011011011,11001110111010100111010000100101,0
ADD,ethernet,000000000000000000000000000000000001100101000000,00111110010101110110001010111000,0
ADD,ethernet,000000000000000000000000000000000001100110100101,11001111011000000000100101001100,0
ADD,ethernet,000000000000000000000000000000000001101000001010,01101011010101101001010011011001,0
ADD,ethernet,000000000000000000000000000000000001101001101111,01001110001101000100010010100111,0
ADD,ethernet,000000000000000000000000000000000001101011010100,10111000100111110110011101111101,0
ADD,ethernet,000000000000000000000000000000000001101100111001,11111111001110011110110010110010,0
ADD,ethernet,000000000000000000000000000000000001101110011110,00000000001000110111100110001000,0
ADD,ethernet,000000000000000000000000000000000001110000000011,11000101101001111101100001011011,0
ADD,ethernet,000000000000000000000000000000000001110001101000,01101101111011101000100111010111,0
ADD,ethernet,000000000000000000000000000000000001110011001101,11100010001001011011100000000100,0
ADD,ethernet,000000000000000000000000000000000001110100110010,01110100011010001110111110110001,0
ADD,ethernet,000000000000000000000000000000000001110110010111,11111001110101100010110100101011,0
ADD,ethernet,000000000000000000000000000000000001110111111100,00001100110111010100000010111001,0
ADD,ethernet,000000000000000000000000000000000001111001100001,00101101011101101000000111000011,0
ADD,ethernet,000000000000000000000000000000000001111011000110,11000101101111111010100111101011,0
ADD,ethernet,000000000000000000000000000000000001111100101011,01010001101111001001000100101110,0
ADD,ethernet,000000000000000000000000000000000001111110010000,01110100110110001001000101000110,0
ADD,ethernet,000000000000000000000000000000000001111111110101,11101101110111011011110010110101,0
ADD,ethernet,000000000000000000000000000000000010000001011010,00111000010110011110010101010101,0
ADD,ethernet,000000000000000000000000000000000010000010111111,01001000110110110010111110101000,0
ADD,ethernet,000000000000000000000000000000000010000100100100,11010000110010001010011010111100,0
ADD,ethernet,000000000000000000000000000000000010000110001001,10001010100100100101111000001001,0
ADD,ethernet,000000000000000000000000000000000010000111101110,01000111001000010100000011011010,0
ADD,ethernet,000000000000000000000000000000000010001001010011,00011100001010111010110001011000,0
ADD,ethernet,000000000000000000000000000000000010001010111000,01000101110011110000010000001101,0
ADD,ethernet,000000000000000000000000000000000010001100011101,11110011010111000010000011011000,0
ADD,ethernet,000000000000000000000000000000000010001110000010,00001001101101001001010111011111,0
ADD,ethernet,000000000000000000000000000000000010001111100111,11110101000111001011001010001010,0
ADD,ethernet,000000000000000000000000000000000010010001001100,11110111010011010111001011100111,0
ADD,ethernet,000000000000000000000000000000000010010010110001,00101000001110000000000011111010,0
ADD,ethernet,000000000000000000000000000000000010010100010110,11000010101100011110010110100110,0
ADD,ethernet,000000000000000000000000000000000010010101111011,11000111011000100010100110101101,0
ADD,ethernet,000000000000000000000000000000000010010111100000,11101101110001111111110101000101,0
ADD,ethernet,000000000000000000000000000000000010011001000101,01000010101111001111000011101110,0
ADD,ethernet,000000000000000000000000000000000010011010101010,10000010101001011100101111110011,0
ADD,ethernet,000000000000000000000000000000000010011100001111,00010000100100101011001101001101,0
ADD,ethernet,000000000000000000000000000000011000011100000100,10110101111110011001111010011000,0
ADD,ethernet,000000000000000000000000000000011000101011101101,10011110100101010101110011000000,0
ADD,ethernet,000000000000000000000000000000011000111011010110,01111011010100110110110001000101,0
ADD,ethernet,000000000000000000000000000000011001001010111111,00101111101110110101000000010000,0
ADD,ethernet,000000000000000000000000000000011001011010101000,11100100000010110010111000010101,0
ADD,ethernet,000000000000000000000000000000011001101010010001,10111011111011001100010100011111,0
ADD,ethernet,000000000000000000000000000000011001111001111010,11110001110101111001011010111010,0
ADD,ethernet,000000000000000000000000000000011010001001100011,11011011000001000000100110011010,0
ADD,ethernet,000000000000000000000000000000011010011001001100,00010011010011010100100111011001,0
ADD,ethernet,000000000000000000000000000000011010101000110101,00100111010100001001100010011000,0
ADD,ethernet,000000000000000000000000000000011010111000011110,01100001100011110011110111101101,0
ADD,ethernet,000000000000000000000000000000011011001000000111,01111101100100010011001100110011,0
ADD,ethernet,000000000000000000000000000000011011010111110000,00000011001110000001000100000100,0
ADD,ethernet,000000000000000000000000000000011011100111011001,01000110111010110101110010110000,0
ADD,ethernet,000000000000000000000000000000011011110111000010,11011110101010000111101010001100,0
ADD,ethernet,000000000000000000000000000000011100000110101011,11001111111001110000000100010000,0
ADD,ethernet,000000000000000000000000000000011100010110010100,00000011100110001010110110110110,0
ADD,ethernet,000000000000000000000000000000011100100101111101,00100001110000100110100001010101,0
ADD,ethernet,000000000000000000000000000000011100110101100110,01000111111101000101000011101000,0
ADD,ethernet,000000000000000000000000000000011101000101001111,11011000010000100000101100011111,0
ADD,ethernet,000000000000000000000000000000011101010100111000,00000010001110000011100101001001,0
ADD,ethernet,000000000000000000000000000000011101100100100001,01111001010100111111111011111010,0
ADD,ethernet,000000000000000000000000000000011101110100001010,01101011001010010101110100010010,0
ADD,ethernet,000000000000000000000000000000011110000011110011,01100011001110101010011111011010,0
ADD,ethernet,000000000000000000000000000000011110010011011100,00000110001001100101100001001101,0
ADD,ethernet,000000000000000000000000000000011110100011000101,00101010110001111111101000111011,0
ADD,ethernet,000000000000000000000000000000011110110010101110,10000101000110110101000111110001,0
ADD,ethernet,000000000000000000000000000000011111000010010111,00110011101101000110101110011111,0
ADD,ethernet,000000000000000000000000000000011111010010000000,00010101111110000010000111000100,0
ADD,ethernet,000000000000000000000000000000011111100001101001,01101010101101111000001110000100,0
ADD,ethernet,000000000000000000000000000000011111110001010010,01000110111101101110110001100001,0
ADD,ethernet,000000000000000000000000000000100000000000111011,00100011011000001000101011111011,0
ADD,ethernet,000000000000000000000000000000100000010000100100,00111000111000010010001000011000,0
ADD,ethernet,000000000000000000000000000000100000100000001101,11110111100100010101100000110001,0
ADD,ethernet,000000000000000000000000000000100000101111110110,11110011001111000111001111001000,0
ADD,ethernet,000000000000000000000000000000100000111111011111,10000100101100100000110001101101,0
ADD,ethernet,000000000000000000000000000000100001001111001000,00101001111011011101110111001011,0
ADD,ethernet,000000000000000000000000000000100001011110110001,10001001110010101001111000110000,0
ADD,ethernet,000000000000000000000000000000100001101110011010,11001110100110111001010111011111,0
ADD,ethernet,000000000000000000000000000000100001111110000011,01111001011000011010110111000000,0
ADD,ethernet,000000000000000000000000000000100010001101101100,11111000101111000011100110011000,0
ADD,ethernet,000000000000000000000000000000100010011101010101,01011110000110101101001111111110,0
ADD,ethernet,000000000000000000000000000000100010101100111110,00000001101010110111000011111111,0
ADD,ethernet,000000000000000000000000000000100010111100100111,10000100111111111011001010101001,0
ADD,ethernet,000000000000000000000000000000100011001100010000,01101110001001100001101110100110,0
ADD,ethernet,000000000000000000000000000000100011011011111001,00011101011011111000010000111100,0
ADD,ethernet,000000000000000000000000000000100011101011100010,10100000101111000110111110001110,0
ADD,ethernet,000000000000000000000000000000100011111011001011,11010101011000111001101101011100,0
ADD,ethernet,000000000000000000000000000000100100001010110100,10111001011000001011100110111001,0
ADD,ethernet,000000000000000000000000000000100100011010011101,00101000110011001011100010011010,0
ADD,ethernet,000000000000000000000000000000100100101010000110,11011010111010100011101111110011,0
ADD,ethernet,000000000000000000000000000000100100111001101111,11010100010100100000001101010100,0
ADD,ethernet,000000000000000000000000000000100101001001011000,11011111000111001101101010010110,0
ADD,ethernet,000000000000000000000000000000100101011001000001,11011101110010011010101101111110,0
ADD,ethernet,000000000000000000000000000000100101101000101010,11101101000100001010011010111110,0
ADD,ethernet,000000000000000000000000000000100101111000010011,11011011110011000001001010100101,0
ADD,ethernet,000000000000000000000000000000100110000111111100,01001000000011000011110010011010,0
ADD,ethernet,000000000000000000000000000000100110010111100101,01101010001111101001001101111010,0
ADD,ethernet,000000000000000000000000000000100110100111001110,01110000110000010001111101010111,0
ADD,ethernet,000000000000000000000000000000100110110110110111,00010101011100001010110101101001,0
ADD,ethernet,000000000000000000000000000000100111000110100000,01100011010111000111000111011111,0
ADD,ethernet,000000000000000000000000000000100111010110001001,10110101000101100000110010110110,0
ADD,ethernet,000000000000000000000000000000100111100101110010,00010111001001101001001111111110,0
ADD,ethernet,000000000000000000000000000000100111110101011011,11000001010001000111100011001001,0
ADD,ethernet,000000000000000000000000000000101000000101000100,00110001111100010101010111010100,0
ADD,ethernet,000000000000000000000000000000101000010100101101,11011100001101110101100011110101,0
ADD,ethernet,000000000000000000000000000000101000100100010110,11011010011100111111110011110011,0
ADD,ethernet,000000000000000000000000000000101000110011111111,11000111010001101000110010111001,0
ADD,ethernet,000000000000000000000000000000101001000011101000,00001011111111000111000110000101,0
ADD,ethernet,000000000000000000000000000000101001010011010001,01011110000110000001101111011111,0
ADD,ethernet,000000000000000000000000000000101001100010111010,10110001110001010111100101001101,0
ADD,ethernet,000000000000000000000000000000101001110010100011,01110011100000010110110011101101,0
ADD,ethernet,000000000000000000000000000000101010000010001100,00010111010011100010100011101000,0
ADD,ethernet,000000000000000000000000000000101010010001110101,11111010010001010111101111011011,0
ADD,ethernet,000000000000000000000000000000101010100001011110,11110000001000110100000011001111,0
ADD,ethernet,000000000000000000000000000000101010110001000111,10100011010101011000010001101111,0
ADD,ethernet,000000000000000000000000000000101011000000110000,11010010101010001011001110101100,0
ADD,ethernet,000000000000000000000000000000101011010000011001,10111010000101010000000110011110,0
ADD,ethernet,000000000000000000000000000000101011100000000010,00000010111101101101101001001110,0
ADD,ethernet,000000000000000000000000000000101011101111101011,01000001010000101110101111001101,0
ADD,ethernet,000000000000000000000000000000101011111111010100,10111110011011011011010010010111,0
ADD,ethernet,000000000000000000000000000000101100001110111101,11010011000110111000000100101010,0
ADD,ethernet,000000000000000000000000000000101100011110100110,01011110010010110101001000101111,0
ADD,ethernet,000000000000000000000000000000101100101110001111,00110101110010101100100111010000,0
ADD,ethernet,000000000000000000000000000000101100111101111000,01101000110010010100001100100100,0
ADD,ethernet,000000000000000000000000000000101101001101100001,01010001111011100011010111101001,0
ADD,ethernet,000000000000000000000000000000101101011101001010,10010101110010000011001011101111,0
ADD,ethernet,000000000000000000000000000000101101101100110011,10011000111011011000110000011111,0
ADD,ethernet,000000000000000000000000000000101101111100011100,11110100111011001111000011100110,0
ADD,ethernet,000000000000000000000000000000101110001100000101,01110111111000000111101110100100,0
ADD,ethernet,000000000000000000000000000000101110011011101110,10011111110110000110001101100111,0
ADD,ethernet,000000000000000000000000000000101110101011010111,10001011111010101010011011011111,0
ADD,ethernet,000000000000000000000000000000101110111011000000,10110000010111100011101011001101,0
ADD,ethernet,000000000000000000000000000000101111001010101001,10010011101100101001110001111010,0
ADD,ethernet,000000000000000000000000000000101111011010010010,00001100100000100111011000110111,0
ADD,ethernet,000000000000000000000000000000101111101001111011,10000000010110001001011010100100,0
ADD,ethernet,000000000000000000000000000000101111111001100100,00000110001010000111100100100011,0
ADD,ethernet,000000000000000000000000000000110000001001001101,01001010010001100101101100010001,0
ADD,ethernet,000000000000000000000000000000110000011000110110,01110001011100111100010001011111,0
ADD,ethernet,000000000000000000000000000000110000101000011111,00100110010000111111100111000111,0
ADD,ethernet,000000000000000000000000000000110000111000001000,00100101001101111011100011011000,0
ADD,ethernet,000000000000000000000000000000110001000111110001,11011001000010110000010111110000,0
ADD,ethernet,000000000000000000000000000000110001010111011010,00000000010110000010010101000001,0
ADD,ethernet,000000000000000000000000000000110001100111000011,11000110100100010010000010011010,0
ADD,ethernet,000000000000000000000000000000110001110110101100,00010111001101010110100101110101,0
ADD,ethernet,000000000000000000000000000000110010000110010101,00011101010001010110110110100101,0
ADD,ethernet,000000000000000000000000000000110010010101111110,10011000101010001110010110101000,0
ADD,ethernet,000000000000000000000000000000110010100101100111,01111011101110010100011101000011,0
ADD,ethernet,000000000000000000000000000000110010110101010000,01101101001101100001110001100110,0
ADD,ethernet,000000000000000000000000000000110011000100111001,11100101000101011110000001100000,0
ADD,ethernet,000000000000000000000000000000110011010100100010,00100100100101000011011011000110,0
ADD,ethernet,000000000000000000000000000000110011100100001011,11011110001000100100000100100101,0
ADD,ethernet,000000000000000000000000000000110011110011110100,00100000101000100110001110110001,0
ADD,ethernet,000000000000000000000000000000110100000011011101,00101011011001100100110011000001,0
ADD,ethernet,000000000000000000000000000000110100010011000110,00011000111110000001111111010111,0
ADD,ethernet,000000000000000000000000000000110100100010101111,01101011010010111101001110110000,0
ADD,ethernet,000000000000000000000000000000110100110010011000,01000011101110011010011000011010,0
ADD,ethernet,000000000000000000000000000000110101000010000001,00101001101100110101111110001111,0
ADD,ethernet,000000000000000000000000000000110101010001101010,10101010011111111111100100100010,0
ADD,ethernet,000000000000000000000000000000110101100001010011,11001100010011111101111101000000,0
ADD,ethernet,000000000000000000000000000000110101110000111100,00101010000111101110101101100001,0
ADD,ethernet,000000000000000000000000000000110110000000100101,10100101000001010110001000100000,0
ADD,ethernet,000000000000000000000000000000110110010000001110,01011001011010111111010111000111,0
ADD,ethernet,000000000000000000000000000000110110011111110111,11101101100001000100011100000001,0
ADD,ethernet,000000000000000000000000000000110110101111100000,10011111101001010000100111000100,0
ADD,ethernet,000000000000000000000000000000110110111111001001,01010101010011000111010010101101,0
ADD,ethernet,000000000000000000000000000000110111001110110010,11100101101011100100010011111010,0
ADD,ethernet,000000000000000000000000000000110111011110011011,11011110000110110100000100111011,0
ADD,ethernet,000000000000000000000000000000110111101110000100,01110110101011000110101111001110,0
ADD,ethernet,000000000000000000000000000000110111111101101101,10011011100001001110111111100010,0
ADD,ethernet,000000000000000000000000000000111000001101010110,01101101100111011011001010000110,0
ADD,ethernet,000000000000000000000000000000111000011100111111,11110101011011100010001001001011,0
ADD,ethernet,000000000000000000000000000000111000101100101000,01001101010011001011010001101111,0
ADD,ethernet,000000000000000000000000000000111000111100010001,01010111100001101001010110110110,0
ADD,ethernet,000000000000000000000000000000111001001011111010,11111011101010001011101101010111,0
ADD,ethernet,000000000000000000000000000000111001011011100011,01011110010001100011101000111100,0
ADD,ethernet,000000000000000000000000000000111001101011001100,01011100000001100100101101101001,0
ADD,ethernet,000000000000000000000000000000111001111010110101,00000110100001000000001100000000,0
ADD,ethernet,000000000000000000000000000000111010001010011110,11010010001111101000000000000000,0
ADD,ethernet,000000000000000000000000000000111010011010000111,11101000011010111000011100101101,0
ADD,ethernet,000000000000000000000000000000111010101001110000,10110110000000001000100100111100,0
ADD,ethernet,000000000000000000000000000000111010111001011001,01111000001000011111110000010000,0
ADD,ethernet,000000000000000000000000000000111011001001000010,10111101010111010010000000011111,0
ADD,ethernet,000000000000000000000000000000111011011000101011,01111100001100100011110001111101,0
ADD,ethernet,000000000000000000000000000000111011101000010100,10101100010101101010110101100110,0
ADD,ethernet,000000000000000000000000000000111011110111111101,10110110110011011101001100100000,0
ADD,ethernet,000000000000000000000000000000111100000111100110,11111100100111000010101001110111,0
ADD,ethernet,000000000000000000000000000000111100010111001111,01001000000010001101100001110010,0
ADD,ethernet,000000000000000000000000000000111100100110111000,11101000110001001110000011011001,0
ADD,ethernet,000000000000000000000000000000111100110110100001,11011101010111010111100101100000,0
ADD,ethernet,000000000000000000000000000000111101000110001010,10110011110100000000001000100010,0
ADD,ethernet,000000000000000000000000000000111101010101110011,01000000100110011001111011110100,0
ADD,ethernet,000000000000000000000000000000111101100101011100,11110100011111100000100001000100,0
ADD,ethernet,000000000000000000000000000000111101110101000101,01010100101100110001001000000000,0
ADD,ethernet,000000000000000000000000000000111110000100101110,01001010000110110110011011000001,0
ADD,ethernet,000000000000000000000000000000111110010100010111,01111100110010010110100100010010,0
ADD,ethernet,000000000000000000000000000000111110100100000000,11110010010111000011111111001110,0
ADD,ethernet,000000000000000000000000000000111110110011101001,11011101001111111100010000001110,0
ADD,ethernet,000000000000000000000000000000111111000011010010,11111011100101011100000001011111,0
ADD,ethernet,000000000000000000000000000000111111010010111011,11001011001100001010001101110101,0
ADD,ethernet,000000000000000000000000000000111111100010100100,01010100111111100110001010101101,0
ADD,ethernet,000000000000000000000000000000111111110010001101,11000101100111011010010100100110,0
ADD,ethernet,000000000000000000000000000001000000000001110110,10011100001101101111111111010011,0
ADD,ethernet,000000000000000000000000000001000000010001011111,00001100100110000000100111100100,0
ADD,ethernet,000000000000000000000000000001000000100001001000,10111100001110001000110001101011,0
ADD,ethernet,000000000000000000000000000001000000110000110001,10111101001100110100100010100110,0
ADD,ethernet,000000000000000000000000000001000001000000011010,11110000010101001000001111101110,0
ADD,ethernet,000000000000000000000000000001000001010000000011,11011011101100011011010001001010,0
ADD,ethernet,000000000000000000000000000001000001011111101100,01011010100100111001001001001101,0
ADD,ethernet,000000000000000000000000000001000001101111010101,00100001000011000110010011101111,0
ADD,ethernet,000000000000000000000000000001000001111110111110,01011010000001011101001001010101,0
ADD,ethernet,000000000000000000000000000001000010001110100111,10100001001111100110001111000011,0
ADD,ethernet,000000000000000000000000000001000010011110010000,01100011010001001101011110010011,0
ADD,ethernet,000000000000000000000000000001000010101101111001,11101111100100101111001010001010,0
ADD,ethernet,000000000000000000000000000001000010111101100010,00100101111010010100000100010001,0
ADD,ethernet,000000000000000000000000000001000011001101001011,11001000101100011010011010111000,0
ADD,ethernet,000000000000000000000000000001000011011100110100,01101001011110000010100001011011,0
ADD,ethernet,000000000000000000000000000001000011101100011101,11010010111000111100010011110001,0
ADD,ethernet,000000000000000000000000000001000011111100000110,10011010010110110100011001001010,0
ADD,ethernet,000000000000000000000000000001000100001011101111,00011111110010011000000001011111,0
ADD,ethernet,000000000000000000000000000001000100011011011000,01111101010001011010010101011111,0
ADD,ethernet,000000000000000000000000000001000100101011000001,10101111110111101101101111001011,0
ADD,ethernet,000000000000000000000000000001000100111010101010,10111000110001101001010111000001,0
ADD,ethernet,000000000000000000000000000001000101001010010011,10100110100000110110110101110001,0
ADD,ethernet,000000000000000000000000000001000101011001111100,00001101111000000111001100101101,0
ADD,ethernet,000000000000000000000000000001000101101001100101,10011010101100100010000000000111,0
ADD,ethernet,000000000000000000000000000001000101111001001110,00110110001100100100011001000001,0
ADD,ethernet,000000000000000000000000000001000110001000110111,01100000010100111100100111010000,0
ADD,ethernet,000000000000000000000000000001000110011000100000,11101010011011010010111011111010,0
ADD,ethernet,000000000000000000000000000001000110101000001001,01001011001110111111001101011000,0
ADD,ethernet,000000000000000000000000000001000110110111110010,11001010110000110101011100011110,0
ADD,ethernet,000000000000000000000000000001000111000111011011,01110100011011011110111110010101,0
ADD,ethernet,000000000000000000000000000001000111010111000100,10100101000101001000010110000010,0
ADD,ethernet,000000000000000000000000000001000111100110101101,10000110000101010111010100010001,0
ADD,ethernet,000000000000000000000000000001000111110110010110,10101111110111111000000000111001,0
ADD,ethernet,000000000000000000000000000001001000000101111111,00100100101011101000001111111010,0
ADD,ethernet,000000000000000000000000000001001000010101101000,11000000111111101000000111000111,0
ADD,ethernet,000000000000000000000000000001001000100101010001,11000100110100010111100000010111,0
ADD,ethernet,000000000000000000000000000001001000110100111010,10000110011111000100001111010011,0
ADD,ethernet,000000000000000000000000000001001001000100100011,11101001111111111101100010000010,0
ADD,ethernet,000000000000000000000000000001001001010100001100,11000110010101000111010101101000,0
ADD,ethernet,000000000000000000000000000001001001100011110101,00110001111100100110101010001101,0
ADD,ethernet,000000000000000000000000000001001001110011011110,10110100001011000010010101000011,0
ADD,ethernet,000000000000000000000000000001001010000011000111,10110111111001001101000010100111,0
ADD,ethernet,000000000000000000000000000001001010010010110000,01101111011110101000100011011101,0
ADD,ethernet,000000000000000000000000000001001010100010011001,10111011100001010101111101101111,0
ADD,ethernet,000000000000000000000000000001001010110010000010,00011111111011011011100001001000,0
ADD,ethernet,000000000000000000000000000001001011000001101011,10001000111100000011111110100000,0
ADD,ethernet,000000000000000000000000000001001011010001010100,11000101010011010010000110111000,0
ADD,ethernet,000000000000000000000000000001001011100000111101,11100000101000110111111011001011,0
ADD,ethernet,000000000000000000000000000001001011110000100110,11010011110001000000011100100101,0
ADD,ethernet,000000000000000000000000000001001100000000001111,01111111111100000101101111000001,0
ADD,ethernet,000000000000000000000000000001001100001111111000,01100001010101000000100000100001,0
ADD,ethernet,000000000000000000000000000001001100011111100001,01111101010110000000101011011011,0
ADD,ethernet,000000000000000000000000000001001100101111001010,10010011111100100000001100000110,0
ADD,ethernet,000000000000000000000000000001001100111110110011,00101101011010111110110000000001,0
ADD,ethernet,000000000000000000000000000001001101001110011100,10110011100000101100110010010011,0
ADD,ethernet,000000000000000000000000000001001101011110000101,01000101100100001000110000011011,0
ADD,ethernet,000000000000000000000000000001001101101101101110,00001000101111011010110001101110,0
ADD,ethernet,000000000000000000000000000001001101111101010111,00011010111101011011101011010101,0
ADD,ethernet,000000000000000000000000000001001110001101000000,01100111100011100110000011011101,0
ADD,ethernet,000000000000000000000000000001001110011100101001,00100000110011000001110011100111,0
ADD,ethernet,000000000000000000000000000001001110101100010010,11000111011111011100101010100001,0
ADD,ethernet,000000000000000000000000000001001110111011111011,00111100011110011111010110010011,0
ADD,ethernet,000000000000000000000000000001001111001011100100,00000110100111111000011001110100,0
ADD,ethernet,000000000000000000000000000001001111011011001101,00010111101011101101100001101111,0
ADD,ethernet,000000000000000000000000000001001111101010110110,10000001100101100000000000100000,0
ADD,ethernet,000000000000000000000000000001001111111010011111,00100000100110110110100010100100,0
ADD,ethernet,000000000000000000000000000001010000001010001000,00100100001110000110110000000111,0
ADD,ethernet,000000000000000000000000000001010000011001110001,11111011001100100010000000001101,0
ADD,ethernet,000000000000000000000000000001010000101001011010,11001110000110011101110111110000,0
ADD,ethernet,000000000000000000000000000001010000111001000011,11100000011111000101101010101011,0
ADD,ethernet,000000000000000000000000000001010001001000101100,10001101001101110100010101101110,0
ADD,ethernet,000000000000000000000000000001010001011000010101,00010100100010000000000101010100,0
ADD,ethernet,000000000000000000000000000001010001100111111110,11011011111010011100011111110001,0
ADD,ethernet,000000000000000000000000000001010001110111100111,00001011111010011010100101001100,0
ADD,ethernet,000000000000000000000000000001010010000111010000,11011001100111011101011010101001,0
ADD,ethernet,000000000000000000000000000001010010010110111001,11110100011000110000101000011111,0
ADD,ethernet,000000000000000000000000000001010010100110100010,01100111110000111011010101000100,0
ADD,ethernet,000000000000000000000000000001010010110110001011,01001110001000111011001000100010,0
ADD,ethernet,000000000000000000000000000001010011000101110100,11111101101011010100010101100101,0
ADD,ethernet,000000000000000000000000000001010011010101011101,01110010110100100100110010110111,0
ADD,ethernet,000000000000000000000000000001010011100101000110,10101111000100000100000000101110,0
ADD,ethernet,000000000000000000000000000001010011110100101111,00011000111100110010001011000110,0
ADD,ethernet,000000000000000000000000000001010100000100011000,01101110100110110110101101011100,0
ADD,ethernet,000000000000000000000000000001010100010100000001,00010110001101011110000001100111,0
ADD,ethernet,000000000000000000000000000001010100100011101010,00111110110101110111000100110011,0
ADD,ethernet,000000000000000000000000000001010100110011010011,01100101100000001110111010000110,0
ADD,ethernet,000000000000000000000000000001010101000010111100,11100000101101010000100110000011,0
ADD,ethernet,000000000000000000000000000001010101010010100101,11011001101100001100101011111100,0
ADD,ethernet,000000000000000000000000000001010101100010001110,10111000000001011101110111100011,0
ADD,ethernet,000000000000000000000000000001010101110001110111,11010101000000000000000101010111,0
ADD,ethernet,000000000000000000000000000001010110000001100000,11100111001110110100000111110010,0
ADD,ethernet,000000000000000000000000000001010110010001001001,10010111010111110001000111000011,0
ADD,ethernet,000000000000000000000000000001010110100000110010,11010101001100100001000111100010,0
ADD,ethernet,000000000000000000000000000001010110110000011011,11010101010011111110101111011011,0
ADD,ethernet,000000000000000000000000000001010111000000000100,01101110110100111010100101111000,0
ADD,ethernet,000000000000000000000000000001010111001111101101,11011111110001011110010010101100,0
ADD,ethernet,000000000000000000000000000001010111011111010110,01001000101010100100101110011110,0
ADD,ethernet,000000000000000000000000000001010111101110111111,00011101001100100111011011101000,0
ADD,ethernet,000000000000000000000000000001010111111110101000,11011111101110111110001100110110,0
ADD,ethernet,000000000000000000000000000001011000001110010001,00000000011111101111001011110000,0
ADD,ethernet,000000000000000000000000000001011000011101111010,11110000101010101111010000010100,0
ADD,ethernet,000000000000000000000000000001011000101101100011,01111110110000001011010110000010,0
ADD,ethernet,000000000000000000000000000001011000111101001100,00000101011100111010100001001111,0
ADD,ethernet,000000000000000000000000000001011001001100110101,11001000001101111110101000111010,0
ADD,ethernet,000000000000000000000000000001011001011100011110,01011111101100101000000111110110,0
ADD,ethernet,000000000000000000000000000001011001101100000111,10101101001001110010001111001111,0
ADD,ethernet,000000000000000000000000000001011001111011110000,10101101011110000000001000111001,0
ADD,ethernet,000000000000000000000000000001011010001011011001,01101100111011010011101110111010,0
ADD,ethernet,000000000000000000000000000001011010011011000010,00111000110010100110011100001001,0
ADD,ethernet,000000000000000000000000000001011010101010101011,00000001110000001001010011100011,0
ADD,ethernet,000000000000000000000000000001011010111010010100,00100110011000101010010110100011,0
ADD,ethernet,000000000000000000000000000001011011001001111101,00010101001010110111000001011001,0
ADD,ethernet,000000000000000000000000000001011011011001100110,10110000001010111110111000011100,0
ADD,ethernet,000000000000000000000000000001011011101001001111,01101100110111011000011001100011,0
ADD,ethernet,000000000000000000000000000001011011111000111000,00010111100010111101111111100001,0
ADD,ethernet,000000000000000000000000000001011100001000100001,01011011000101001101011100011111,0
ADD,ethernet,000000000000000000000000000001011100011000001010,11101001111010110110110101111110,0
ADD,ethernet,000000000000000000000000000001011100100111110011,01101110110100100100101011011010,0
ADD,ethernet,000000000000000000000000000001011100110111011100,01111000111010001111010101001101,0
ADD,ethernet,000000000000000000000000000001011101000111000101,10011010110100011100000101101001,0
ADD,ethernet,000000000000000000000000000001011101010110101110,11000101000011011101111001000010,0
ADD,ethernet,000000000000000000000000000001011101100110010111,11111110001010110100010100101101,0
ADD,ethernet,000000000000000000000000000001011101110110000000,10001000011000100001101000011101,0
ADD,ethernet,000000000000000000000000000001011110000101101001,00010111101001111011000010111001,0
ADD,ethernet,000000000000000000000000000001011110010101010010,10110010100111001010000100000101,0
ADD,ethernet,000000000000000000000000000001011110100100111011,00111000001010010101100000111101,0
ADD,ethernet,000000000000000000000000000001011110110100100100,00001101110111010101000000011011,0
ADD,ethernet,000000000000000000000000000001011111000100001101,10111110001110011110000110011000,0
ADD,ethernet,000000000000000000000000000001011111010011110110,10101100010110100001011000011111,0
ADD,ethernet,000000000000000000000000000001011111100011011111,00111100101110111110111110001110,0
ADD,ethernet,000000000000000000000000000001011111110011001000,00011110011110010111111101100111,0
ADD,ethernet,000000000000000000000000000001100000000010110001,00110001101110101001101001000111,0
ADD,ethernet,000000000000000000000000000001100000010010011010,11011000001001000101100000111000,0
ADD,ethernet,000000000000000000000000000001100000100010000011,10000100100101111100000000110010,0
ADD,ethernet,000000000000000000000000000001100000110001101100,01100010000110001001100101011110,0
ADD,ethernet,000000000000000000000000000001100001000001010101,10001100101100010010000101011111,0
ADD,ethernet,000000000000000000000000000001100001010000111110,01101011101001011111011010111101,0
ADD,ethernet,000000000000000000000000000001100001100000100111,00000001001101011100101111011001,0
ADD,ethernet,000000000000000000000000000001100001110000010000,10110111010011110100101001100010,0
ADD,ethernet,000000000000000000000000000001100001111111111001,00111000100000000001000010000101,0
ADD,ethernet,000000000000000000000000000001100010001111100010,00011110000000010010001000010110,0
ADD,ethernet,000000000000000000000000000001100010011111001011,11110100010001110011111001001101,0
ADD,ethernet,000000000000000000000000000001100010101110110100,11010001110111110110001001010110,0
ADD,ethernet,000000000000000000000000000001100010111110011101,10101011100101100010010011010001,0
ADD,ethernet,000000000000000000000000000001100011001110000110,00101110101001100011111101100000,0
ADD,ethernet,000000000000000000000000000001100011011101101111,11011011101111010001101111101011,0
ADD,ethernet,000000000000000000000000000001100011101101011000,00001011101110101010001101010010,0
ADD,ethernet,000000000000000000000000000001100011111101000001,10001101001111100001100000100101,0
ADD,ethernet,000000000000000000000000000001100100001100101010,00011100101111011111111100001011,0
ADD,ethernet,000000000000000000000000000001100100011100010011,11011110101100110001001111001011,0
ADD,ethernet,000000000000000000000000000001100100101011111100,01000111101011000111101101111010,0
ADD,ethernet,000000000000000000000000000001100100111011100101,10101111010110001110101000110000,0
ADD,ethernet,000000000000000000000000000001100101001011001110,00111010110111000001101000111000,0
ADD,ethernet,000000000000000000000000000001100101011010110111,01101010000010001110111100101000,0
ADD,ethernet,000000000000000000000000000001100101101010100000,11111110100010001110011100110001,0
ADD,ethernet,000000000000000000000000000001100101111010001001,11001100010101010111000111010100,0
ADD,ethernet,000000000000000000000000000001100110001001110010,11010101111110000010001000001110,0
ADD,ethernet,000000000000000000000000000001100110011001011011,11100001101111101100100100100101,0
ADD,ethernet,000000000000000000000000000001100110101001000100,10100100100111110001100110110100,0
ADD,ethernet,000000000000000000000000000001100110111000101101,01010001000011011100010100001000,0
ADD,ethernet,000000000000000000000000000001100111001000010110,01101111111011111110111000010010,0
ADD,ethernet,000000000000000000000000000001100111010111111111,01101011101101111010100100001001,0
ADD,ethernet,000000000000000000000000000001100111100111101000,01101101000110100000111101100111,0
ADD,ethernet,000000000000000000000000000001100111110111010001,10001101010111001111101011110001,0
ADD,ethernet,000000000000000000000000000001101000000110111010,11010101101110000011111110010001,0
ADD,ethernet,000000000000000000000000000001101000010110100011,11000111111011010100010110100100,0
ADD,ethernet,000000000000000000000000000001101000100110001100,00001110010101010101010001010011,0
ADD,ethernet,000000000000000000000000000001101000110101110101,11010010010010001000001110011001,0
ADD,ethernet,000000000000000000000000000001101001000101011110,01101001100010000111111010010110,0
ADD,ethernet,000000000000000000000000000001101001010101000111,10001111111001111000110010001011,0
ADD,ethernet,000000000000000000000000000001101001100100110000,11000110101110110101010100111010,0
ADD,ethernet,000000000000000000000000000001101001110100011001,10110011110111001001001001101001,0
ADD,ethernet,000000000000000000000000000001101010000100000010,00000110100000111000110101110011,0
ADD,ethernet,000000000000000000000000000001101010010011101011,10101011100011110111110100111010,0
ADD,ethernet,000000000000000000000000000001101010100011010100,00011110101111111101000011110000,0
ADD,ethernet,000000000000000000000000000001101010110010111101,00101111011010110111100100111100,0
ADD,ethernet,000000000000000000000000000001101011000010100110,10101110011011101101011010001000,0
ADD,ethernet,000000000000000000000000000001101011010010001111,10001001111100010100110000011001,0
ADD,ethernet,000000000000000000000000000001101011100001111000,01010101001100010100010011000100,0
ADD,ethernet,000000000000000000000000000001101011110001100001,00110101111100001001110111011010,0
ADD,ethernet,000000000000000000000000000001101100000001001010,10110101000110001101110100111011,0
ADD,ethernet,000000000000000000000000000001101100010000110011,00111111100000101010001101011000,0
ADD,ethernet,000000000000000000000000000001101100100000011100,11011110011001011011011000110001,0
ADD,ethernet,000000000000000000000000000001101100110000000101,00100111101011111001110001010010,0
ADD,ethernet,000000000000000000000000000001101100111111101110,11011010010101110000111100011010,0
ADD,ethernet,000000000000000000000000000001101101001111010111,01011011100011111011010010010100,0
ADD,ethernet,000000000000000000000000000001101101011111000000,11101000000101110011011000010100,0
ADD,ethernet,000000000000000000000000000001101101101110101001,00100011001001000101111000110100,0
ADD,ethernet,000000000000000000000000000001101101111110010010,10110110000001101010000010101101,0
ADD,ethernet,000000000000000000000000000001101110001101111011,01100111001101000010100000110111,0
ADD,ethernet,000000000000000000000000000001101110011101100100,10000101010000101110101011110110,0
ADD,ethernet,000000000000000000000000000001101110101101001101,11110001000010101110110001001010,0
ADD,ethernet,000000000000000000000000000001101110111100110110,01111010011000100001010011110010,0
ADD,ethernet,000000000000000000000000000001101111001100011111,11011111011100100001111010000010,0
ADD,ethernet,000000000000000000000000000001101111011100001000,01001111100101100100001111001111,0
ADD,ethernet,000000000000000000000000000001101111101011110001,10101010101110100011011101110111,0
ADD,ethernet,000000000000000000000000000001101111111011011010,00110011010110010000110101010010,0
ADD,ethernet,000000000000000000000000000001110000001011000011,10000001001101000011011110111011,0
ADD,ethernet,000000000000000000000000000001110000011010101100,00100111110101101101110011001000,0
ADD,ethernet,000000000000000000000000000001110000101010010101,00101111000011101000100110110111,0
ADD,ethernet,000000000000000000000000000001110000111001111110,00101101000000011101001111111110,0
ADD,ethernet,000000000000000000000000000001110001001001100111,10000100111011100001100000011100,0
ADD,ethernet,000000000000000000000000000001110001011001010000,01011011110001001110010101010010,0
ADD,ethernet,000000000000000000000000000001110001101000111001,10100010111010111001111101000010,0
ADD,ethernet,000000000000000000000000000001110001111000100010,01001001110011111110111111100000,0
ADD,ethernet,000000000000000000000000000001110010001000001011,00101110110101010111000000101101,0
ADD,ethernet,000000000000000000000000000001110010010111110100,01100000001001100100000001111000,0
ADD,ethernet,000000000000000000000000000001110010100111011101,10011011100100100000111010001011,0
ADD,ethernet,000000000000000000000000000001110010110111000110,11001101011101010101111111011001,0
ADD,ethernet,000000000000000000000000000001110011000110101111,11001000010000000100010100010010,0
ADD,ethernet,000000000000000000000000000001110011010110011000,11101110010111110010011010000101,0
ADD,ethernet,000000000000000000000000000001110011100110000001,01000101111010000011011011111110,0
ADD,ethernet,000000000000000000000000000001110011110101101010,11001100110001110100011100000100,0
ADD,ethernet,000000000000000000000000000001110100000101010011,00011011010011100011000101010010,0
ADD,ethernet,000000000000000000000000000001110100010100111100,00110110111100000111011011101101,0
ADD,ethernet,000000000000000000000000000001110100100100100101,10010110100001101001111000011001,0
ADD,ethernet,000000000000000000000000000001110100110100001110,00100110101001111111000001011111,0
ADD,ethernet,000000000000000000000000000001110101000011110111,00101011100001011100110100010011,0
ADD,ethernet,000000000000000000000000000001110101010011100000,10101001101001110011011001110001,0
ADD,ethernet,000000000000000000000000000001110101100011001001,11011010010100001011111101100100,0
ADD,ethernet,000000000000000000000000000001110101110010110010,11001111101111011111011100101111,0
ADD,ethernet,000000000000000000000000000001110110000010011011,01011010100000001010010010011100,0
ADD,ethernet,000000000000000000000000000001110110010010000100,00001101100101100011110010101101,0
ADD,ethernet,000000000000000000000000000001110110100001101101,01111001100011100000110111111111,0
ADD,ethernet,000000000000000000000000000001110110110001010110,10000011101001100100000011011110,0
ADD,ethernet,000000000000000000000000000001110111000000111111,00100000110001000111100001000101,0
ADD,ethernet,000000000000000000000000000001110111010000101000,01110000000111110000010011110100,0
ADD,ethernet,000000000000000000000000000001110111100000010001,10000001001101110100011111011010,0
ADD,ethernet,000000000000000000000000000001110111101111111010,10100111011111110010111001010001,0
ADD,ethernet,000000000000000000000000000001110111111111100011,11000000011101010111001000111111,0
ADD,ethernet,000000000000000000000000000001111000001111001100,01001010011101111001100001001101,0
ADD,ethernet,000000000000000000000000000001111000011110110101,10110001010011010011100001010000,0
ADD,ethernet,000000000000000000000000000001111000101110011110,11001001101101000111000001111100,0
ADD,ethernet,000000000000000000000000000001111000111110000111,11010010010011110100000101111101,0
ADD,ethernet,000000000000000000000000000001111001001101110000,11111011001001011001001110110000,0
ADD,ethernet,000000000000000000000000000001111001011101011001,01001101111110000010000110011010,0
ADD,ethernet,000000000000000000000000000001111001101101000010,01000001101110001001001011010000,0
ADD,ethernet,000000000000000000000000000001111001111100101011,11000111100000110000001000110100,0
ADD,ethernet,000000000000000000000000000001111010001100010100,01100001011110011000110011101010,0
ADD,ipv4,00001010000000000000000000000001/32,01111101011001000101101000100010,0
ADD,ipv4,00001010000000000000000000000010/32,10101011000111111000100001110011,0
ADD,ipv4,00001010000000000000000000000011/32,10101000011111011011110110100111,0
ADD,ipv4,00001010000000000000000000000100/32,00011010110101101101001000111111,0
ADD,ipv4,00001010000000000000000000000101/32,01001000111111011110111110001000,0
ADD,ipv4,00001010000000000000000000000110/32,01110111010011100100111110000100,0
ADD,ipv4,00001010000000000000000000000111/32,00001001100101111001001000010110,0
ADD,ipv4,00001010000000000000000000001000/32,10110010100011010001101101101011,0
ADD,ipv4,00001010000000000000000000001001/32,00001111111111010000000111101000,0
ADD,ipv4,00001010000000000000000000001010/32,10001001001111000101011110000111,0
ADD,ipv4,00001010000000000000000000001011/32,00011110010000011100101111100011,0
ADD,ipv4,00001010000000000000000000001100/32,10001010101011001001010100010111,0
ADD,ipv4,00001010000000000000000000001101/32,01100111010010100111101001111000,0
ADD,ipv4,00001010000000000000000000001110/32,01101110000100100010010100111010,0
ADD,ipv4,00001010000000000000000000001111/32,00110110001100010001100110001001,0
ADD,ipv4,00001010000000000000000000010000/32,11011110111101100000100100101001,0
ADD,ipv4,00001010000000000000000000010001/32,00111100100100101100101101001001,0
ADD,ipv4,00001010000000000000000000010010/32,00000100110110001010101110000101,0
ADD,ipv4,00001010000000000000000000010011/32,00000010101010111100110000001110,0
ADD,ipv4,00001010000000000000000000010100/32,00100001110011000011011110011011,0
ADD,ipv4,00001010000000000000000000010101/32,00101110110100100100001001101101,0
ADD,ipv4,00001010000000000000000000010110/32,00011110010000111100110101100110,0
ADD,ipv4,00001010000000000000000000010111/32,10000010110100101100010110001100,0
ADD,ipv4,00001010000000000000000000011000/32,10011011110110100111100011111110,0
ADD,ipv4,00001010000000000000000000011001/32,10001010010101111001000010110100,0
ADD,ipv4,00001010000000000000000000011010/32,00001010010111011111100111001011,0
ADD,ipv4,00001010000000000000000000011011/32,01111111111011101011011110100000,0
ADD,ipv4,00001010000000000000000000011100/32,11011011110010110000000100110101,0
ADD,ipv4,00001010000000000000000000011101/32,11100011111100111000110010001110,0
ADD,ipv4,00001010000000000000000000011110/32,00000001101110111001101111110100,0
ADD,ipv4,00001010000000000000000000011111/32,00100011010110101111010001011101,0
ADD,ipv4,00001010000000000000000000100000/32,01111110001010100101110111000100,0
ADD,ipv4,00001010000000000000000000100001/32,10111101111110110001001001011000,0
ADD,ipv4,00001010000000000000000000100010/32,11111111010110000010111101100010,0
ADD,ipv4,00001010000000000000000000100011/32,11010110010010001101010011001111,0
ADD,ipv4,00001010000000000000000000100100/32,11100011110101010010001010100100,0
ADD,ipv4,00001010000000000000000000100101/32,10110100010001111010000110111010,0
ADD,ipv4,00001010000000000000000000100110/32,00001111001100001001000000000000,0
ADD,ipv4,00001010000000000000000000100111/32,11101110000000001011100100010101,0
ADD,ipv4,00001010000000000000000000101000/32,11011111111010110111101011000011,0
ADD,ipv4,00001010000000000000000000101001/32,11101111101010101101111100000110,0
ADD,ipv4,00001010000000000000000000101010/32,00111111000010010000110110100010,0
ADD,ipv4,00001010000000000000000000101011/32,00000001110110010001000110010110,0
ADD,ipv4,00001010000000000000000000101100/32,00010000100101110100110000011110,0
ADD,ipv4,00001010000000000000000000101101/32,11011111111001011001000000011110,0
ADD,ipv4,00001010000000000000000000101110/32,11010100101010011000101101011111,0
ADD,ipv4,00001010000000000000000000101111/32,10000110010011000101111101001100,0
ADD,ipv4,00001010000000000000000000110000/32,01101101001010000110001100000101,0
ADD,ipv4,00001010000000000000000000110001/32,01010110101100100111011111010110,0
ADD,ipv4,00001010000000000000000000110010/32,10001011101110100101111011000001,0
ADD,ipv4,00001010000000000000000000110011/32,11111100111011101101110111011110,0
ADD,ipv4,00001010000000000000000000110100/32,11101101110111101000111111000010,0
ADD,ipv4,00001010000000000000000000110101/32,00001111011001001111010101000011,0
ADD,ipv4,00001010000000000000000000110110/32,10110110010010000001100111011111,0
ADD,ipv4,00001010000000000000000000110111/32,00001111100111110101100110111111,0
ADD,ipv4,00001010000000000000000000111000/32,00100011010011010001100000001100,0
ADD,ipv4,00001010000000000000000000111001/32,01111011001110011111000000011000,0
ADD,ipv4,00001010000000000000000000111010/32,00111000000111100110110011111001,0
ADD,ipv4,00001010000000000000000000111011/32,10000000100111011101010110100010,0
ADD,ipv4,00001010000000000000000000111100/32,01011110011111000100100001111111,0
ADD,ipv4,00001010000000000000000000111101/32,01011101011110111010111110000000,0
ADD,ipv4,00001010000000000000000000111110/32,10000010000011100101011011001110,0
ADD,ipv4,00001010000000000000000000111111/32,11001110111010100111010000100101,0
ADD,ipv4,00001010000000000000000001000000/32,00111110010101110110001010111000,0
ADD,ipv4,00001010000000000000000001000001/32,11001111011000000000100101001100,0
ADD,ipv4,00001010000000000000000001000010/32,01101011010101101001010011011001,0
ADD,ipv4,00001010000000000000000001000011/32,01001110001101000100010010100111,0
ADD,ipv4,00001010000000000000000001000100/32,10111000100111110110011101111101,0
ADD,ipv4,00001010000000000000000001000101/32,11111111001110011110110010110010,0
ADD,ipv4,00001010000000000000000001000110/32,00000000001000110111100110001000,0
ADD,ipv4,00001010000000000000000001000111/32,11000101101001111101100001011011,0
ADD,ipv4,00001010000000000000000001001000/32,01101101111011101000100111010111,0
ADD,ipv4,00001010000000000000000001001001/32,11100010001001011011100000000100,0
ADD,ipv4,00001010000000000000000001001010/32,01110100011010001110111110110001,0
ADD,ipv4,00001010000000000000000001001011/32,11111001110101100010110100101011,0
ADD,ipv4,00001010000000000000000001001100/32,00001100110111010100000010111001,0
ADD,ipv4,00001010000000000000000001001101/32,00101101011101101000000111000011,0
ADD,ipv4,00001010000000000000000001001110/32,11000101101111111010100111101011,0
ADD,ipv4,00001010000000000000000001001111/32,01010001101111001001000100101110,0
ADD,ipv4,00001010000000000000000001010000/32,01110100110110001001000101000110,0
ADD,ipv4,00001010000000000000000001010001/32,11101101110111011011110010110101,0
ADD,ipv4,00001010000000000000000001010010/32,00111000010110011110010101010101,0
ADD,ipv4,00001010000000000000000001010011/32,01001000110110110010111110101000,0
ADD,ipv4,00001010000000000000000001010100/32,11010000110010001010011010111100,0
ADD,ipv4,00001010000000000000000001010101/32,10001010100100100101111000001001,0
ADD,ipv4,00001010000000000000000001010110/32,01000111001000010100000011011010,0
ADD,ipv4,00001010000000000000000001010111/32,00011100001010111010110001011000,0
ADD,ipv4,00001010000000000000000001011000/32,01000101110011110000010000001101,0
ADD,ipv4,00001010000000000000000001011001/32,11110011010111000010000011011000,0
ADD,ipv4,00001010000000000000000001011010/32,00001001101101001001010111011111,0
ADD,ipv4,00001010000000000000000001011011/32,11110101000111001011001010001010,0
ADD,ipv4,00001010000000000000000001011100/32,11110111010011010111001011100111,0
ADD,ipv4,00001010000000000000000001011101/32,00101000001110000000000011111010,0
ADD,ipv4,00001010000000000000000001011110/32,11000010101100011110010110100110,0
ADD,ipv4,00001010000000000000000001011111/32,11000111011000100010100110101101,0
ADD,ipv4,00001010000000000000000001100000/32,11101101110001111111110101000101,0
ADD,ipv4,00001010000000000000000001100001/32,01000010101111001111000011101110,0
ADD,ipv4,00001010000000000000000001100010/32,10000010101001011100101111110011,0
ADD,ipv4,00001010000000000000000001100011/32,00010000100100101011001101001101,0
ADD,ipv4,00001010000000000000000001100100/32,10110101111110011001111010011000,0
ADD,ipv4,00001010000000000000000001100101/32,10011110100101010101110011000000,0
ADD,ipv4,00001010000000000000000001100110/32,01111011010100110110110001000101,0
ADD,ipv4,00001010000000000000000001100111/32,00101111101110110101000000010000,0
ADD,ipv4,00001010000000000000000001101000/32,11100100000010110010111000010101,0
ADD,ipv4,00001010000000000000000001101001/32,10111011111011001100010100011111,0
ADD,ipv4,00001010000000000000000001101010/32,11110001110101111001011010111010,0
ADD,ipv4,00001010000000000000000001101011/32,11011011000001000000100110011010,0
ADD,ipv4,00001010000000000000000001101100/32,00010011010011010100100111011001,0
ADD,ipv4,00001010000000000000000001101101/32,00100111010100001001100010011000,0
ADD,ipv4,00001010000000000000000001101110/32,01100001100011110011110111101101,0
ADD,ipv4,00001010000000000000000001101111/32,01111101100100010011001100110011,0
ADD,ipv4,00001010000000000000000001110000/32,00000011001110000001000100000100,0
ADD,ipv4,00001010000000000000000001110001/32,01000110111010110101110010110000,0
ADD,ipv4,00001010000000000000000001110010/32,11011110101010000111101010001100,0
ADD,ipv4,00001010000000000000000001110011/32,11001111111001110000000100010000,0
ADD,ipv4,00001010000000000000000001110100/32,00000011100110001010110110110110,0
ADD,ipv4,00001010000000000000000001110101/32,00100001110000100110100001010101,0
ADD,ipv4,00001010000000000000000001110110/32,01000111111101000101000011101000,0
ADD,ipv4,00001010000000000000000001110111/32,11011000010000100000101100011111,0
ADD,ipv4,00001010000000000000000001111000/32,00000010001110000011100101001001,0
ADD,ipv4,00001010000000000000000001111001/32,01111001010100111111111011111010,0
ADD,ipv4,00001010000000000000000001111010/32,01101011001010010101110100010010,0
ADD,ipv4,00001010000000000000000001111011/32,01100011001110101010011111011010,0
ADD,ipv4,00001010000000000000000001111100/32,00000110001001100101100001001101,0
ADD,ipv4,00001010000000000000000001111101/32,00101010110001111111101000111011,0
ADD,ipv4,00001010000000000000000001111110/32,10000101000110110101000111110001,0
ADD,ipv4,00001010000000000000000001111111/32,00110011101101000110101110011111,0
ADD,ipv4,00001010000000000000000010000000/32,00010101111110000010000111000100,0
ADD,ipv4,00001010000000000000000010000001/32,01101010101101111000001110000100,0
ADD,ipv4,00001010000000000000000010000010/32,01000110111101101110110001100001,0
ADD,ipv4,00001010000000000000000010000011/32,00100011011000001000101011111011,0
ADD,ipv4,00001010000000000000000010000100/32,00111000111000010010001000011000,0
ADD,ipv4,00001010000000000000000010000101/32,11110111100100010101100000110001,0
ADD,ipv4,00001010000000000000000010000110/32,11110011001111000111001111001000,0
ADD,ipv4,00001010000000000000000010000111/32,10000100101100100000110001101101,0
ADD,ipv4,00001010000000000000000010001000/32,00101001111011011101110111001011,0
ADD,ipv4,00001010000000000000000010001001/32,10001001110010101001111000110000,0
ADD,ipv4,00001010000000000000000010001010/32,11001110100110111001010111011111,0
ADD,ipv4,00001010000000000000000010001011/32,01111001011000011010110111000000,0
ADD,ipv4,00001010000000000000000010001100/32,11111000101111000011100110011000,0
ADD,ipv4,00001010000000000000000010001101/32,01011110000110101101001111111110,0
ADD,ipv4,00001010000000000000000010001110/32,00000001101010110111000011111111,0
ADD,ipv4,00001010000000000000000010001111/32,10000100111111111011001010101001,0
ADD,ipv4,00001010000000000000000010010000/32,01101110001001100001101110100110,0
ADD,ipv4,00001010000000000000000010010001/32,00011101011011111000010000111100,0
ADD,ipv4,00001010000000000000000010010010/32,10100000101111000110111110001110,0
ADD,ipv4,00001010000000000000000010010011/32,11010101011000111001101101011100,0
ADD,ipv4,00001010000000000000000010010100/32,10111001011000001011100110111001,0
ADD,ipv4,00001010000000000000000010010101/32,00101000110011001011100010011010,0
ADD,ipv4,00001010000000000000000010010110/32,11011010111010100011101111110011,0
ADD,ipv4,00001010000000000000000010010111/32,11010100010100100000001101010100,0
ADD,ipv4,00001010000000000000000010011000/32,11011111000111001101101010010110,0
ADD,ipv4,00001010000000000000000010011001/32,11011101110010011010101101111110,0
ADD,ipv4,00001010000000000000000010011010/32,11101101000100001010011010111110,0
ADD,ipv4,00001010000000000000000010011011/32,11011011110011000001001010100101,0
ADD,ipv4,00001010000000000000000010011100/32,01001000000011000011110010011010,0
ADD,ipv4,00001010000000000000000010011101/32,01101010001111101001001101111010,0
ADD,ipv4,00001010000000000000000010011110/32,01110000110000010001111101010111,0
ADD,ipv4,00001010000000000000000010011111/32,00010101011100001010110101101001,0
ADD,ipv4,00001010000000000000000010100000/32,01100011010111000111000111011111,0
ADD,ipv4,00001010000000000000000010100001/32,10110101000101100000110010110110,0
ADD,ipv4,00001010000000000000000010100010/32,00010111001001101001001111111110,0
ADD,ipv4,00001010000000000000000010100011/32,11000001010001000111100011001001,0
ADD,ipv4,00001010000000000000000010100100/32,00110001111100010101010111010100,0
ADD,ipv4,00001010000000000000000010100101/32,11011100001101110101100011110101,0
ADD,ipv4,00001010000000000000000010100110/32,11011010011100111111110011110011,0
ADD,ipv4,00001010000000000000000010100111/32,11000111010001101000110010111001,0
ADD,ipv4,00001010000000000000000010101000/32,00001011111111000111000110000101,0
ADD,ipv4,00001010000000000000000010101001/32,01011110000110000001101111011111,0
ADD,ipv4,00001010000000000000000010101010/32,10110001110001010111100101001101,0
ADD,ipv4,00001010000000000000000010101011/32,01110011100000010110110011101101,0
ADD,ipv4,00001010000000000000000010101100/32,00010111010011100010100011101000,0
ADD,ipv4,00001010000000000000000010101101/32,11111010010001010111101111011011,0
ADD,ipv4,00001010000000000000000010101110/32,11110000001000110100000011001111,0
ADD,ipv4,00001010000000000000000010101111/32,10100011010101011000010001101111,0
ADD,ipv4,00001010000000000000000010110000/32,11010010101010001011001110101100,0
ADD,ipv4,00001010000000000000000010110001/32,10111010000101010000000110011110,0
ADD,ipv4,00001010000000000000000010110010/32,00000010111101101101101001001110,0
ADD,ipv4,00001010000000000000000010110011/32,01000001010000101110101111001101,0
ADD,ipv4,00001010000000000000000010110100/32,10111110011011011011010010010111,0
ADD,ipv4,00001010000000000000000010110101/32,11010011000110111000000100101010,0
ADD,ipv4,00001010000000000000000010110110/32,01011110010010110101001000101111,0
ADD,ipv4,00001010000000000000000010110111/32,00110101110010101100100111010000,0
ADD,ipv4,00001010000000000000000010111000/32,01101000110010010100001100100100,0
ADD,ipv4,00001010000000000000000010111001/32,01010001111011100011010111101001,0
ADD,ipv4,00001010000000000000000010111010/32,10010101110010000011001011101111,0
ADD,ipv4,00001010000000000000000010111011/32,10011000111011011000110000011111,0
ADD,ipv4,00001010000000000000000010111100/32,11110100111011001111000011100110,0
ADD,ipv4,00001010000000000000000010111101/32,01110111111000000111101110100100,0
ADD,ipv4,00001010000000000000000010111110/32,10011111110110000110001101100111,0
ADD,ipv4,00001010000000000000000010111111/32,10001011111010101010011011011111,0
ADD,ipv4,00001010000000000000000011000000/32,10110000010111100011101011001101,0
ADD,ipv4,00001010000000000000000011000001/32,10010011101100101001110001111010,0
ADD,ipv4,00001010000000000000000011000010/32,00001100100000100111011000110111,0
ADD,ipv4,00001010000000000000000011000011/32,10000000010110001001011010100100,0
ADD,ipv4,00001010000000000000000011000100/32,00000110001010000111100100100011,0
ADD,ipv4,00001010000000000000000011000101/32,01001010010001100101101100010001,0
ADD,ipv4,00001010000000000000000011000110/32,01110001011100111100010001011111,0
ADD,ipv4,00001010000000000000000011000111/32,00100110010000111111100111000111,0
ADD,ipv4,00001010000000000000000011001000/32,00100101001101111011100011011000,0
ADD,ipv4,00001010000000000000000011001001/32,11011001000010110000010111110000,0
ADD,ipv4,00001010000000000000000011001010/32,00000000010110000010010101000001,0
ADD,ipv4,00001010000000000000000011001011/32,11000110100100010010000010011010,0
ADD,ipv4,00001010000000000000000011001100/32,00010111001101010110100101110101,0
ADD,ipv4,00001010000000000000000011001101/32,00011101010001010110110110100101,0
ADD,ipv4,00001010000000000000000011001110/32,10011000101010001110010110101000,0
ADD,ipv4,00001010000000000000000011001111/32,01111011101110010100011101000011,0
ADD,ipv4,00001010000000000000000011010000/32,01101101001101100001110001100110,0
ADD,ipv4,00001010000000000000000011010001/32,11100101000101011110000001100000,0
ADD,ipv4,00001010000000000000000011010010/32,00100100100101000011011011000110,0
ADD,ipv4,00001010000000000000000011010011/32,11011110001000100100000100100101,0
ADD,ipv4,00001010000000000000000011010100/32,00100000101000100110001110110001,0
ADD,ipv4,00001010000000000000000011010101/32,00101011011001100100110011000001,0
ADD,ipv4,00001010000000000000000011010110/32,00011000111110000001111111010111,0
ADD,ipv4,00001010000000000000000011010111/32,01101011010010111101001110110000,0
ADD,ipv4,00001010000000000000000011011000/32,01000011101110011010011000011010,0
ADD,ipv4,00001010000000000000000011011001/32,00101001101100110101111110001111,0
ADD,ipv4,00001010000000000000000011011010/32,10101010011111111111100100100010,0
ADD,ipv4,00001010000000000000000011011011/32,11001100010011111101111101000000,0
ADD,ipv4,00001010000000000000000011011100/32,00101010000111101110101101100001,0
ADD,ipv4,00001010000000000000000011011101/32,10100101000001010110001000100000,0
ADD,ipv4,00001010000000000000000011011110/32,01011001011010111111010111000111,0
ADD,ipv4,00001010000000000000000011011111/32,11101101100001000100011100000001,0
ADD,ipv4,00001010000000000000000011100000/32,10011111101001010000100111000100,0
ADD,ipv4,00001010000000000000000011100001/32,01010101010011000111010010101101,0
ADD,ipv4,00001010000000000000000011100010/32,11100101101011100100010011111010,0
ADD,ipv4,00001010000000000000000011100011/32,11011110000110110100000100111011,0
ADD,ipv4,00001010000000000000000011100100/32,01110110101011000110101111001110,0
ADD,ipv4,00001010000000000000000011100101/32,10011011100001001110111111100010,0
ADD,ipv4,00001010000000000000000011100110/32,01101101100111011011001010000110,0
ADD,ipv4,00001010000000000000000011100111/32,11110101011011100010001001001011,0
ADD,ipv4,00001010000000000000000011101000/32,01001101010011001011010001101111,0
ADD,ipv4,00001010000000000000000011101001/32,01010111100001101001010110110110,0
ADD,ipv4,00001010000000000000000011101010/32,11111011101010001011101101010111,0
ADD,ipv4,00001010000000000000000011101011/32,01011110010001100011101000111100,0
ADD,ipv4,00001010000000000000000011101100/32,01011100000001100100101101101001,0
ADD,ipv4,00001010000000000000000011101101/32,00000110100001000000001100000000,0
ADD,ipv4,00001010000000000000000011101110/32,11010010001111101000000000000000,0
ADD,ipv4,00001010000000000000000011101111/32,11101000011010111000011100101101,0
ADD,ipv4,00001010000000000000000011110000/32,10110110000000001000100100111100,0
ADD,ipv4,00001010000000000000000011110001/32,01111000001000011111110000010000,0
ADD,ipv4,00001010000000000000000011110010/32,10111101010111010010000000011111,0
ADD,ipv4,00001010000000000000000011110011/32,01111100001100100011110001111101,0
ADD,ipv4,00001010000000000000000011110100/32,10101100010101101010110101100110,0
ADD,ipv4,00001010000000000000000011110101/32,10110110110011011101001100100000,0
ADD,ipv4,00001010000000000000000011110110/32,11111100100111000010101001110111,0
ADD,ipv4,00001010000000000000000011110111/32,01001000000010001101100001110010,0
ADD,ipv4,00001010000000000000000011111000/32,11101000110001001110000011011001,0
ADD,ipv4,00001010000000000000000011111001/32,11011101010111010111100101100000,0
ADD,ipv4,00001010000000000000000011111010/32,10110011110100000000001000100010,0
ADD,ipv4,00001010000000000000000011111011/32,01000000100110011001111011110100,0
ADD,ipv4,00001010000000000000000011111100/32,11110100011111100000100001000100,0
ADD,ipv4,00001010000000000000000011111101/32,01010100101100110001001000000000,0
ADD,ipv4,00001010000000000000000011111110/32,01001010000110110110011011000001,0
ADD,ipv4,00001010000000000000000011111111/32,01111100110010010110100100010010,0
ADD,ipv4,00001010000000000000000100000000/32,11110010010111000011111111001110,0
ADD,ipv4,00001010000000000000001000000000/32,11011101001111111100010000001110,0
ADD,ipv4,00001010000000000000001100000000/32,11111011100101011100000001011111,0
ADD,ipv4,00001010000000000000010000000000/32,11001011001100001010001101110101,0
ADD,ipv4,00001010000000000000010100000000/32,01010100111111100110001010101101,0
ADD,ipv4,00001010000000000000011000000000/32,11000101100111011010010100100110,0
ADD,ipv4,00001010000000000000011100000000/32,10011100001101101111111111010011,0
ADD,ipv4,00001010000000000000100000000000/32,00001100100110000000100111100100,0
ADD,ipv4,00001010000000000000100100000000/32,10111100001110001000110001101011,0
ADD,ipv4,00001010000000000000101000000000/32,10111101001100110100100010100110,0
ADD,ipv4,00001010000000000000101100000000/32,11110000010101001000001111101110,0
ADD,ipv4,00001010000000000000110000000000/32,11011011101100011011010001001010,0
ADD,ipv4,00001010000000000000110100000000/32,01011010100100111001001001001101,0
ADD,ipv4,00001010000000000000111000000000/32,00100001000011000110010011101111,0
ADD,ipv4,00001010000000000000111100000000/32,01011010000001011101001001010101,0
ADD,ipv4,00001010000000000001000000000000/32,10100001001111100110001111000011,0
ADD,ipv4,00001010000000000001000100000000/32,01100011010001001101011110010011,0
ADD,ipv4,00001010000000000001001000000000/32,11101111100100101111001010001010,0
ADD,ipv4,00001010000000000001001100000000/32,00100101111010010100000100010001,0
ADD,ipv4,00001010000000000001010000000000/32,11001000101100011010011010111000,0
ADD,ipv4,00001010000000000001010100000000/32,01101001011110000010100001011011,0
ADD,ipv4,00001010000000000001011000000000/32,11010010111000111100010011110001,0
ADD,ipv4,00001010000000000001011100000000/32,10011010010110110100011001001010,0
ADD,ipv4,00001010000000000001100000000000/32,00011111110010011000000001011111,0
ADD,ipv4,00001010000000000001100100000000/32,01111101010001011010010101011111,0
ADD,ipv4,00001010000000000001101000000000/32,10101111110111101101101111001011,0
ADD,ipv4,00001010000000000001101100000000/32,10111000110001101001010111000001,0
ADD,ipv4,00001010000000000001110000000000/32,10100110100000110110110101110001,0
ADD,ipv4,00001010000000000001110100000000/32,00001101111000000111001100101101,0
ADD,ipv4,00001010000000000001111000000000/32,10011010101100100010000000000111,0
ADD,ipv4,00001010000000000001111100000000/32,00110110001100100100011001000001,0
ADD,ipv4,00001010000000000010000000000000/32,01100000010100111100100111010000,0
ADD,ipv4,00001010000000000010000100000000/32,11101010011011010010111011111010,0
ADD,ipv4,00001010000000000010001000000000/32,01001011001110111111001101011000,0
ADD,ipv4,00001010000000000010001100000000/32,11001010110000110101011100011110,0
ADD,ipv4,00001010000000000010010000000000/32,01110100011011011110111110010101,0
ADD,ipv4,00001010000000000010010100000000/32,10100101000101001000010110000010,0
ADD,ipv4,00001010000000000010011000000000/32,10000110000101010111010100010001,0
ADD,ipv4,00001010000000000010011100000000/32,10101111110111111000000000111001,0
ADD,ipv4,00001010000000000010100000000000/32,00100100101011101000001111111010,0
ADD,ipv4,00001010000000000010100100000000/32,11000000111111101000000111000111,0
ADD,ipv4,00001010000000000010101000000000/32,11000100110100010111100000010111,0
ADD,ipv4,00001010000000000010101100000000/32,10000110011111000100001111010011,0
ADD,ipv4,00001010000000000010110000000000/32,11101001111111111101100010000010,0
ADD,ipv4,00001010000000000010110100000000/32,11000110010101000111010101101000,0
ADD,ipv4,00001010000000000010111000000000/32,00110001111100100110101010001101,0
ADD,ipv4,00001010000000000010111100000000/32,10110100001011000010010101000011,0
ADD,ipv4,00001010000000000011000000000000/32,10110111111001001101000010100111,0
ADD,ipv4,00001010000000000011000100000000/32,01101111011110101000100011011101,0
ADD,ipv4,00001010000000000011001000000000/32,10111011100001010101111101101111,0
ADD,ipv4,00001010000000000011001100000000/32,00011111111011011011100001001000,0
ADD,ipv4,00001010000000000011010000000000/32,10001000111100000011111110100000,0
ADD,ipv4,00001010000000000011010100000000/32,11000101010011010010000110111000,0
ADD,ipv4,00001010000000000011011000000000/32,11100000101000110111111011001011,0
ADD,ipv4,00001010000000000011011100000000/32,11010011110001000000011100100101,0
ADD,ipv4,00001010000000000011100000000000/32,01111111111100000101101111000001,0
ADD,ipv4,00001010000000000011100100000000/32,01100001010101000000100000100001,0
ADD,ipv4,00001010000000000011101000000000/32,01111101010110000000101011011011,0
ADD,ipv4,00001010000000000011101100000000/32,10010011111100100000001100000110,0
ADD,ipv4,00001010000000000011110000000000/32,00101101011010111110110000000001,0
ADD,ipv4,00001010000000000011110100000000/32,10110011100000101100110010010011,0
ADD,ipv4,00001010000000000011111000000000/32,01000101100100001000110000011011,0
ADD,ipv4,00001010000000000011111100000000/32,00001000101111011010110001101110,0
ADD,ipv4,00001010000000000100000000000000/32,00011010111101011011101011010101,0
ADD,ipv4,00001010000000000100000100000000/32,01100111100011100110000011011101,0
ADD,ipv4,00001010000000000100001000000000/32,00100000110011000001110011100111,0
ADD,ipv4,00001010000000000100001100000000/32,11000111011111011100101010100001,0
ADD,ipv4,00001010000000000100010000000000/32,00111100011110011111010110010011,0
ADD,ipv4,00001010000000000100010100000000/32,00000110100111111000011001110100,0
ADD,ipv4,00001010000000000100011000000000/32,00010111101011101101100001101111,0
ADD,ipv4,00001010000000000100011100000000/32,10000001100101100000000000100000,0
ADD,ipv4,00001010000000000100100000000000/32,00100000100110110110100010100100,0
ADD,ipv4,00001010000000000100100100000000/32,00100100001110000110110000000111,0
ADD,ipv4,00001010000000000100101000000000/32,11111011001100100010000000001101,0
ADD,ipv4,00001010000000000100101100000000/32,11001110000110011101110111110000,0
ADD,ipv4,00001010000000000100110000000000/32,11100000011111000101101010101011,0
ADD,ipv4,00001010000000000100110100000000/32,10001101001101110100010101101110,0
ADD,ipv4,00001010000000000100111000000000/32,00010100100010000000000101010100,0
ADD,ipv4,00001010000000000100111100000000/32,11011011111010011100011111110001,0
ADD,ipv4,00001010000000000101000000000000/32,00001011111010011010100101001100,0
ADD,ipv4,00001010000000000101000100000000/32,11011001100111011101011010101001,0
ADD,ipv4,00001010000000000101001000000000/32,11110100011000110000101000011111,0
ADD,ipv4,00001010000000000101001100000000/32,01100111110000111011010101000100,0
ADD,ipv4,00001010000000000101010000000000/32,01001110001000111011001000100010,0
ADD,ipv4,00001010000000000101010100000000/32,11111101101011010100010101100101,0
ADD,ipv4,00001010000000000101011000000000/32,01110010110100100100110010110111,0
ADD,ipv4,00001010000000000101011100000000/32,10101111000100000100000000101110,0
ADD,ipv4,00001010000000000101100000000000/32,00011000111100110010001011000110,0
ADD,ipv4,00001010000000000101100100000000/32,01101110100110110110101101011100,0
ADD,ipv4,00001010000000000101101000000000/32,00010110001101011110000001100111,0
ADD,ipv4,00001010000000000101101100000000/32,00111110110101110111000100110011,0
ADD,ipv4,00001010000000000101110000000000/32,01100101100000001110111010000110,0
ADD,ipv4,00001010000000000101110100000000/32,11100000101101010000100110000011,0
ADD,ipv4,00001010000000000101111000000000/32,11011001101100001100101011111100,0
ADD,ipv4,00001010000000000101111100000000/32,10111000000001011101110111100011,0
ADD,ipv4,00001010000000000110000000000000/32,11010101000000000000000101010111,0
ADD,ipv4,00001010000000000110000100000000/32,11100111001110110100000111110010,0
ADD,ipv4,00001010000000000110001000000000/32,10010111010111110001000111000011,0
ADD,ipv4,00001010000000000110001100000000/32,11010101001100100001000111100010,0
ADD,ipv4,00001010000000000110010000000000/32,11010101010011111110101111011011,0
ADD,ipv4,00001010000000000110010100000000/32,01101110110100111010100101111000,0
ADD,ipv4,00001010000000000110011000000000/32,11011111110001011110010010101100,0
ADD,ipv4,00001010000000000110011100000000/32,01001000101010100100101110011110,0
ADD,ipv4,00001010000000000110100000000000/32,00011101001100100111011011101000,0
ADD,ipv4,00001010000000000110100100000000/32,11011111101110111110001100110110,0
ADD,ipv4,00001010000000000110101000000000/32,00000000011111101111001011110000,0
ADD,ipv4,00001010000000000110101100000000/32,11110000101010101111010000010100,0
ADD,ipv4,00001010000000000110110000000000/32,01111110110000001011010110000010,0
ADD,ipv4,00001010000000000110110100000000/32,00000101011100111010100001001111,0
ADD,ipv4,00001010000000000110111000000000/32,11001000001101111110101000111010,0
ADD,ipv4,00001010000000000110111100000000/32,01011111101100101000000111110110,0
ADD,ipv4,00001010000000000111000000000000/32,10101101001001110010001111001111,0
ADD,ipv4,00001010000000000111000100000000/32,10101101011110000000001000111001,0
ADD,ipv4,00001010000000000111001000000000/32,01101100111011010011101110111010,0
ADD,ipv4,00001010000000000111001100000000/32,00111000110010100110011100001001,0
ADD,ipv4,00001010000000000111010000000000/32,00000001110000001001010011100011,0
ADD,ipv4,00001010000000000111010100000000/32,00100110011000101010010110100011,0
ADD,ipv4,00001010000000000111011000000000/32,00010101001010110111000001011001,0
ADD,ipv4,00001010000000000111011100000000/32,10110000001010111110111000011100,0
ADD,ipv4,00001010000000000111100000000000/32,01101100110111011000011001100011,0
ADD,ipv4,00001010000000000111100100000000/32,00010111100010111101111111100001,0
ADD,ipv4,00001010000000000111101000000000/32,01011011000101001101011100011111,0
ADD,ipv4,00001010000000000111101100000000/32,11101001111010110110110101111110,0
ADD,ipv4,00001010000000000111110000000000/32,01101110110100100100101011011010,0
ADD,ipv4,00001010000000000111110100000000/32,01111000111010001111010101001101,0
ADD,ipv4,00001010000000000111111000000000/32,10011010110100011100000101101001,0
ADD,ipv4,00001010000000000111111100000000/32,11000101000011011101111001000010,0
ADD,ipv4,00001010000000001000000000000000/32,11111110001010110100010100101101,0
ADD,ipv4,00001010000000001000000100000000/32,10001000011000100001101000011101,0
ADD,ipv4,00001010000000001000001000000000/32,00010111101001111011000010111001,0
ADD,ipv4,00001010000000001000001100000000/32,10110010100111001010000100000101,0
ADD,ipv4,00001010000000001000010000000000/32,00111000001010010101100000111101,0
ADD,ipv4,00001010000000001000010100000000/32,00001101110111010101000000011011,0
ADD,ipv4,00001010000000001000011000000000/32,10111110001110011110000110011000,0
ADD,ipv4,00001010000000001000011100000000/32,10101100010110100001011000011111,0
ADD,ipv4,00001010000000001000100000000000/32,00111100101110111110111110001110,0
ADD,ipv4,00001010000000001000100100000000/32,00011110011110010111111101100111,0
ADD,ipv4,00001010000000001000101000000000/32,00110001101110101001101001000111,0
ADD,ipv4,00001010000000001000101100000000/32,11011000001001000101100000111000,0
ADD,ipv4,00001010000000001000110000000000/32,10000100100101111100000000110010,0
ADD,ipv4,00001010000000001000110100000000/32,01100010000110001001100101011110,0
ADD,ipv4,00001010000000001000111000000000/32,10001100101100010010000101011111,0
ADD,ipv4,00001010000000001000111100000000/32,01101011101001011111011010111101,0
ADD,ipv4,00001010000000001001000000000000/32,00000001001101011100101111011001,0
ADD,ipv4,00001010000000001001000100000000/32,10110111010011110100101001100010,0
ADD,ipv4,00001010000000001001001000000000/32,00111000100000000001000010000101,0
ADD,ipv4,00001010000000001001001100000000/32,00011110000000010010001000010110,0
ADD,ipv4,00001010000000001001010000000000/32,11110100010001110011111001001101,0
ADD,ipv4,00001010000000001001010100000000/32,11010001110111110110001001010110,0
ADD,ipv4,00001010000000001001011000000000/32,10101011100101100010010011010001,0
ADD,ipv4,00001010000000001001011100000000/32,00101110101001100011111101100000,0
ADD,ipv4,00001010000000001001100000000000/32,11011011101111010001101111101011,0
ADD,ipv4,00001010000000001001100100000000/32,00001011101110101010001101010010,0
ADD,ipv4,00001010000000001001101000000000/32,10001101001111100001100000100101,0
ADD,ipv4,00001010000000001001101100000000/32,00011100101111011111111100001011,0
ADD,ipv4,00001010000000001001110000000000/32,11011110101100110001001111001011,0
ADD,ipv4,00001010000000001001110100000000/32,01000111101011000111101101111010,0
ADD,ipv4,00001010000000001001111000000000/32,10101111010110001110101000110000,0
ADD,ipv4,00001010000000001001111100000000/32,00111010110111000001101000111000,0
ADD,ipv4,00001010000000001010000000000000/32,01101010000010001110111100101000,0
ADD,ipv4,00001010000000001010000100000000/32,11111110100010001110011100110001,0
ADD,ipv4,00001010000000001010001000000000/32,11001100010101010111000111010100,0
ADD,ipv4,00001010000000001010001100000000/32,11010101111110000010001000001110,0
ADD,ipv4,00001010000000001010010000000000/32,11100001101111101100100100100101,0
ADD,ipv4,00001010000000001010010100000000/32,10100100100111110001100110110100,0
ADD,ipv4,00001010000000001010011000000000/32,01010001000011011100010100001000,0
ADD,ipv4,00001010000000001010011100000000/32,01101111111011111110111000010010,0
ADD,ipv4,00001010000000001010100000000000/32,01101011101101111010100100001001,0
ADD,ipv4,00001010000000001010100100000000/32,01101101000110100000111101100111,0
ADD,ipv4,00001010000000001010101000000000/32,10001101010111001111101011110001,0
ADD,ipv4,00001010000000001010101100000000/32,11010101101110000011111110010001,0
ADD,ipv4,00001010000000001010110000000000/32,11000111111011010100010110100100,0
ADD,ipv4,00001010000000001010110100000000/32,00001110010101010101010001010011,0
ADD,ipv4,00001010000000001010111000000000/32,11010010010010001000001110011001,0
ADD,ipv4,00001010000000001010111100000000/32,01101001100010000111111010010110,0
ADD,ipv4,00001010000000001011000000000000/32,10001111111001111000110010001011,0
ADD,ipv4,00001010000000001011000100000000/32,11000110101110110101010100111010,0
ADD,ipv4,00001010000000001011001000000000/32,10110011110111001001001001101001,0
ADD,ipv4,00001010000000001011001100000000/32,00000110100000111000110101110011,0
ADD,ipv4,00001010000000001011010000000000/32,10101011100011110111110100111010,0
ADD,ipv4,00001010000000001011010100000000/32,00011110101111111101000011110000,0
ADD,ipv4,00001010000000001011011000000000/32,00101111011010110111100100111100,0
ADD,ipv4,00001010000000001011011100000000/32,10101110011011101101011010001000,0
ADD,ipv4,00001010000000001011100000000000/32,10001001111100010100110000011001,0
ADD,ipv4,00001010000000001011100100000000/32,01010101001100010100010011000100,0
ADD,ipv4,00001010000000001011101000000000/32,00110101111100001001110111011010,0
ADD,ipv4,00001010000000001011101100000000/32,10110101000110001101110100111011,0
ADD,ipv4,00001010000000001011110000000000/32,00111111100000101010001101011000,0
ADD,ipv4,00001010000000001011110100000000/32,11011110011001011011011000110001,0
ADD,ipv4,00001010000000001011111000000000/32,00100111101011111001110001010010,0
ADD,ipv4,00001010000000001011111100000000/32,11011010010101110000111100011010,0
ADD,ipv4,00001010000000001100000000000000/32,01011011100011111011010010010100,0
ADD,ipv4,00001010000000001100000100000000/32,11101000000101110011011000010100,0
ADD,ipv4,00001010000000001100001000000000/32,00100011001001000101111000110100,0
ADD,ipv4,00001010000000001100001100000000/32,10110110000001101010000010101101,0
ADD,ipv4,00001010000000001100010000000000/32,01100111001101000010100000110111,0
ADD,ipv4,00001010000000001100010100000000/32,10000101010000101110101011110110,0
ADD,ipv4,00001010000000001100011000000000/32,11110001000010101110110001001010,0
ADD,ipv4,00001010000000001100011100000000/32,01111010011000100001010011110010,0
ADD,ipv4,00001010000000001100100000000000/32,11011111011100100001111010000010,0
ADD,ipv4,00001010000000001100100100000000/32,01001111100101100100001111001111,0
ADD,ipv4,00001010000000001100101000000000/32,10101010101110100011011101110111,0
ADD,ipv4,00001010000000001100101100000000/32,00110011010110010000110101010010,0
ADD,ipv4,00001010000000001100110000000000/32,10000001001101000011011110111011,0
ADD,ipv4,00001010000000001100110100000000/32,00100111110101101101110011001000,0
ADD,ipv4,00001010000000001100111000000000/32,00101111000011101000100110110111,0
ADD,ipv4,00001010000000001100111100000000/32,00101101000000011101001111111110,0
ADD,ipv4,00001010000000001101000000000000/32,10000100111011100001100000011100,0
ADD,ipv4,00001010000000001101000100000000/32,01011011110001001110010101010010,0
ADD,ipv4,00001010000000001101001000000000/32,10100010111010111001111101000010,0
ADD,ipv4,00001010000000001101001100000000/32,01001001110011111110111111100000,0
ADD,ipv4,00001010000000001101010000000000/32,00101110110101010111000000101101,0
ADD,ipv4,00001010000000001101010100000000/32,01100000001001100100000001111000,0
ADD,ipv4,00001010000000001101011000000000/32,10011011100100100000111010001011,0
ADD,ipv4,00001010000000001101011100000000/32,11001101011101010101111111011001,0
ADD,ipv4,00001010000000001101100000000000/32,11001000010000000100010100010010,0
ADD,ipv4,00001010000000001101100100000000/32,11101110010111110010011010000101,0
ADD,ipv4,00001010000000001101101000000000/32,01000101111010000011011011111110,0
ADD,ipv4,00001010000000001101101100000000/32,11001100110001110100011100000100,0
ADD,ipv4,00001010000000001101110000000000/32,00011011010011100011000101010010,0
ADD,ipv4,00001010000000001101110100000000/32,00110110111100000111011011101101,0
ADD,ipv4,00001010000000001101111000000000/32,10010110100001101001111000011001,0
ADD,ipv4,00001010000000001101111100000000/32,00100110101001111111000001011111,0
ADD,ipv4,00001010000000001110000000000000/32,00101011100001011100110100010011,0
ADD,ipv4,00001010000000001110000100000000/32,10101001101001110011011001110001,0
ADD,ipv4,00001010000000001110001000000000/32,11011010010100001011111101100100,0
ADD,ipv4,00001010000000001110001100000000/32,11001111101111011111011100101111,0
ADD,ipv4,00001010000000001110010000000000/32,01011010100000001010010010011100,0
ADD,ipv4,00001010000000001110010100000000/32,00001101100101100011110010101101,0
ADD,ipv4,00001010000000001110011000000000/32,01111001100011100000110111111111,0
ADD,ipv4,00001010000000001110011100000000/32,10000011101001100100000011011110,0
ADD,ipv4,00001010000000001110100000000000/32,00100000110001000111100001000101,0
ADD,ipv4,00001010000000001110100100000000/32,01110000000111110000010011110100,0
ADD,ipv4,00001010000000001110101000000000/32,10000001001101110100011111011010,0
ADD,ipv4,00001010000000001110101100000000/32,10100111011111110010111001010001,0
ADD,ipv4,00001010000000001110110000000000/32,11000000011101010111001000111111,0
ADD,ipv4,00001010000000001110110100000000/32,01001010011101111001100001001101,0
ADD,ipv4,00001010000000001110111000000000/32,10110001010011010011100001010000,0
ADD,ipv4,00001010000000001110111100000000/32,11001001101101000111000001111100,0
ADD,ipv4,00001010000000001111000000000000/32,11010010010011110100000101111101,0
ADD,ipv4,00001010000000001111000100000000/32,11111011001001011001001110110000,0
ADD,ipv4,00001010000000001111001000000000/32,01001101111110000010000110011010,0
ADD,ipv4,00001010000000001111001100000000/32,01000001101110001001001011010000,0
ADD,ipv4,00001010000000001111010000000000/32,11000111100000110000001000110100,0
ADD,ipv4,00001010000000001111010100000000/32,01100001011110011000110011101010,0
ADD,punt,0000000000000000;1;0000;00000000000000000000000000000000;00000000000000000000000000000000;00000000,,0
