ADD,ipv4,10.0.0.1/32#32,11#48;1#9,0
ADD,ethernet,11#48,1#9,0
ADD,punt,0&0#16;1#1;0&0#4;0&0#32;0&0#32;0#8,,0
ADD,ethernet,22#48,2#9,0
ADD,ethernet,33#48,3#9,0
ADD,ethernet,44#48,4#9,0
ADD,ethernet,55#48,5#9,0
ADD,ethernet,66#48,6#9,0
ADD,ethernet,77#48,7#9,0
ADD,ethernet,88#48,8#9,0
ADD,ethernet,99#48,9#9,0
ADD,ethernet,1010#48,10#9,0
ADD,ethernet,1111#48,11#9,0
ADD,ethernet,1212#48,12#9,0
ADD,ethernet,1313#48,13#9,0
ADD,ethernet,1414#48,14#9,0
ADD,ethernet,1515#48,15#9,0
ADD,ethernet,1616#48,16#9,0
ADD,ethernet,1717#48,17#9,0
ADD,ethernet,1818#48,18#9,0
ADD,ethernet,1919#48,19#9,0
ADD,ethernet,2020#48,20#9,0
ADD,ethernet,2121#48,21#9,0
ADD,ethernet,2222#48,22#9,0
ADD,ethernet,2323#48,23#9,0
ADD,ethernet,2424#48,24#9,0
ADD,ethernet,2525#48,25#9,0
ADD,ethernet,2626#48,26#9,0
ADD,ethernet,2727#48,27#9,0
ADD,ethernet,2828#48,28#9,0
ADD,ethernet,2929#48,29#9,0
ADD,ethernet,3030#48,30#9,0
ADD,ethernet,3131#48,31#9,0
ADD,ethernet,3232#48,32#9,0
ADD,ethernet,3333#48,33#9,0
ADD,ethernet,3434#48,34#9,0
ADD,ethernet,3535#48,35#9,0
ADD,ethernet,3636#48,36#9,0
ADD,ethernet,3737#48,37#9,0
ADD,ethernet,3838#48,38#9,0
ADD,ethernet,3939#48,39#9,0
ADD,ethernet,4040#48,40#9,0
ADD,ethernet,4141#48,41#9,0
ADD,ethernet,4242#48,42#9,0
ADD,ethernet,4343#48,43#9,0
ADD,ethernet,4444#48,44#9,0
ADD,ethernet,4545#48,45#9,0
ADD,ethernet,4646#48,46#9,0
ADD,ethernet,4747#48,47#9,0
ADD,ethernet,4848#48,48#9,0
ADD,ethernet,4949#48,49#9,0
ADD,ethernet,5050#48,50#9,0
ADD,ethernet,5151#48,51#9,0
ADD,ethernet,5252#48,52#9,0
ADD,ethernet,5353#48,53#9,0
ADD,ethernet,5454#48,54#9,0
ADD,ethernet,5555#48,55#9,0
ADD,ethernet,5656#48,56#9,0
ADD,ethernet,5757#48,57#9,0
ADD,ethernet,5858#48,58#9,0
ADD,ethernet,5959#48,59#9,0
ADD,ethernet,6060#48,60#9,0
ADD,ethernet,6161#48,61#9,0
ADD,ethernet,6262#48,62#9,0
ADD,ethernet,6363#48,63#9,0
ADD,ethernet,6464#48,64#9,0
ADD,ethernet,6565#48,65#9,0
ADD,ethernet,6666#48,66#9,0
ADD,ethernet,6767#48,67#9,0
ADD,ethernet,6868#48,68#9,0
ADD,ethernet,6969#48,69#9,0
ADD,ethernet,7070#48,70#9,0
ADD,ethernet,7171#48,71#9,0
ADD,ethernet,7272#48,72#9,0
ADD,ethernet,7373#48,73#9,0
ADD,ethernet,7474#48,74#9,0
ADD,ethernet,7575#48,75#9,0
ADD,ethernet,7676#48,76#9,0
ADD,ethernet,7777#48,77#9,0
ADD,ethernet,7878#48,78#9,0
ADD,ethernet,7979#48,79#9,0
ADD,ethernet,8080#48,80#9,0
ADD,ethernet,8181#48,81#9,0
ADD,ethernet,8282#48,82#9,0
ADD,ethernet,8383#48,83#9,0
ADD,ethernet,8484#48,84#9,0
ADD,ethernet,8585#48,85#9,0
ADD,ethernet,8686#48,86#9,0
ADD,ethernet,8787#48,87#9,0
ADD,ethernet,8888#48,88#9,0
ADD,ethernet,8989#48,89#9,0
ADD,ethernet,9090#48,90#9,0
ADD,ethernet,9191#48,91#9,0
ADD,ethernet,9292#48,92#9,0
ADD,ethernet,9393#48,93#9,0
ADD,ethernet,9494#48,94#9,0
ADD,ethernet,9595#48,95#9,0
ADD,ethernet,9696#48,96#9,0
ADD,ethernet,9797#48,97#9,0
ADD,ethernet,9898#48,98#9,0
ADD,ethernet,9999#48,99#9,0
ADD,ethernet,100100#48,100#9,0
ADD,ethernet,101101#48,101#9,0
ADD,ethernet,102102#48,102#9,0
ADD,ethernet,103103#48,103#9,0
ADD,ethernet,104104#48,104#9,0
ADD,ethernet,105105#48,105#9,0
ADD,ethernet,106106#48,106#9,0
ADD,ethernet,107107#48,107#9,0
ADD,ethernet,108108#48,108#9,0
ADD,ethernet,109109#48,109#9,0
ADD,ethernet,110110#48,110#9,0
ADD,ethernet,111111#48,111#9,0
ADD,ethernet,112112#48,112#9,0
ADD,ethernet,113113#48,113#9,0
ADD,ethernet,114114#48,114#9,0
ADD,ethernet,115115#48,115#9,0
ADD,ethernet,116116#48,116#9,0
ADD,ethernet,117117#48,117#9,0
ADD,ethernet,118118#48,118#9,0
ADD,ethernet,119119#48,119#9,0
ADD,ethernet,120120#48,120#9,0
ADD,ethernet,121121#48,121#9,0
ADD,ethernet,122122#48,122#9,0
ADD,ethernet,123123#48,123#9,0
ADD,ethernet,124124#48,124#9,0
ADD,ethernet,125125#48,125#9,0
ADD,ethernet,126126#48,126#9,0
ADD,ethernet,127127#48,127#9,0
ADD,ethernet,128128#48,128#9,0
ADD,ethernet,129129#48,129#9,0
ADD,ethernet,130130#48,130#9,0
ADD,ethernet,131131#48,131#9,0
ADD,ethernet,132132#48,132#9,0
ADD,ethernet,133133#48,133#9,0
ADD,ethernet,134134#48,134#9,0
ADD,ethernet,135135#48,135#9,0
ADD,ethernet,136136#48,136#9,0
ADD,ethernet,137137#48,137#9,0
ADD,ethernet,138138#48,138#9,0
ADD,ethernet,139139#48,139#9,0
ADD,ethernet,140140#48,140#9,0
ADD,ethernet,141141#48,141#9,0
ADD,ethernet,142142#48,142#9,0
ADD,ethernet,143143#48,143#9,0
ADD,ethernet,144144#48,144#9,0
ADD,ethernet,145145#48,145#9,0
ADD,ethernet,146146#48,146#9,0
ADD,ethernet,147147#48,147#9,0
ADD,ethernet,148148#48,148#9,0
ADD,ethernet,149149#48,149#9,0
ADD,ethernet,150150#48,150#9,0
ADD,ethernet,151151#48,151#9,0
ADD,ethernet,152152#48,152#9,0
ADD,ethernet,153153#48,153#9,0
ADD,ethernet,154154#48,154#9,0
ADD,ethernet,155155#48,155#9,0
ADD,ethernet,156156#48,156#9,0
ADD,ethernet,157157#48,157#9,0
ADD,ethernet,158158#48,158#9,0
ADD,ethernet,159159#48,159#9,0
ADD,ethernet,160160#48,160#9,0
ADD,ethernet,161161#48,161#9,0
ADD,ethernet,162162#48,162#9,0
ADD,ethernet,163163#48,163#9,0
ADD,ethernet,164164#48,164#9,0
ADD,ethernet,165165#48,165#9,0
ADD,ethernet,166166#48,166#9,0
ADD,ethernet,167167#48,167#9,0
ADD,ethernet,168168#48,168#9,0
ADD,ethernet,169169#48,169#9,0
ADD,ethernet,170170#48,170#9,0
ADD,ethernet,171171#48,171#9,0
ADD,ethernet,172172#48,172#9,0
ADD,ethernet,173173#48,173#9,0
ADD,ethernet,174174#48,174#9,0
ADD,ethernet,175175#48,175#9,0
ADD,ethernet,176176#48,176#9,0
ADD,ethernet,177177#48,177#9,0
ADD,ethernet,178178#48,178#9,0
ADD,ethernet,179179#48,179#9,0
ADD,ethernet,180180#48,180#9,0
ADD,ethernet,181181#48,181#9,0
ADD,ethernet,182182#48,182#9,0
ADD,ethernet,183183#48,183#9,0
ADD,ethernet,184184#48,184#9,0
ADD,ethernet,185185#48,185#9,0
ADD,ethernet,186186#48,186#9,0
ADD,ethernet,187187#48,187#9,0
ADD,ethernet,188188#48,188#9,0
ADD,ethernet,189189#48,189#9,0
ADD,ethernet,190190#48,190#9,0
ADD,ethernet,191191#48,191#9,0
ADD,ethernet,192192#48,192#9,0
ADD,ethernet,193193#48,193#9,0
ADD,ethernet,194194#48,194#9,0
ADD,ethernet,195195#48,195#9,0
ADD,ethernet,196196#48,196#9,0
ADD,ethernet,197197#48,197#9,0
ADD,ethernet,198198#48,198#9,0
ADD,ethernet,199199#48,199#9,0
ADD,ethernet,200200#48,200#9,0
ADD,ethernet,201201#48,201#9,0
ADD,ethernet,202202#48,202#9,0
ADD,ethernet,203203#48,203#9,0
ADD,ethernet,204204#48,204#9,0
ADD,ethernet,205205#48,205#9,0
ADD,ethernet,206206#48,206#9,0
ADD,ethernet,207207#48,207#9,0
ADD,ethernet,208208#48,208#9,0
ADD,ethernet,209209#48,209#9,0
ADD,ethernet,210210#48,210#9,0
ADD,ethernet,211211#48,211#9,0
ADD,ethernet,212212#48,212#9,0
ADD,ethernet,213213#48,213#9,0
ADD,ethernet,214214#48,214#9,0
ADD,ethernet,215215#48,215#9,0
ADD,ethernet,216216#48,216#9,0
ADD,ethernet,217217#48,217#9,0
ADD,ethernet,218218#48,218#9,0
ADD,ethernet,219219#48,219#9,0
ADD,ethernet,220220#48,220#9,0
ADD,ethernet,221221#48,221#9,0
ADD,ethernet,222222#48,222#9,0
ADD,ethernet,223223#48,223#9,0
ADD,ethernet,224224#48,224#9,0
ADD,ethernet,225225#48,225#9,0
ADD,ethernet,226226#48,226#9,0
ADD,ethernet,227227#48,227#9,0
ADD,ethernet,228228#48,228#9,0
ADD,ethernet,229229#48,229#9,0
ADD,ethernet,230230#48,230#9,0
ADD,ethernet,231231#48,231#9,0
ADD,ethernet,232232#48,232#9,0
ADD,ethernet,233233#48,233#9,0
ADD,ethernet,234234#48,234#9,0
ADD,ethernet,235235#48,235#9,0
ADD,ethernet,236236#48,236#9,0
ADD,ethernet,237237#48,237#9,0
ADD,ethernet,238238#48,238#9,0
ADD,ethernet,239239#48,239#9,0
ADD,ethernet,240240#48,240#9,0
ADD,ethernet,241241#48,241#9,0
ADD,ethernet,242242#48,242#9,0
ADD,ethernet,243243#48,243#9,0
ADD,ethernet,244244#48,244#9,0
ADD,ethernet,245245#48,245#9,0
ADD,ethernet,246246#48,246#9,0
ADD,ethernet,247247#48,247#9,0
ADD,ethernet,248248#48,248#9,0
ADD,ethernet,249249#48,249#9,0
ADD,ethernet,250250#48,250#9,0
ADD,ethernet,251251#48,251#9,0
ADD,ethernet,252252#48,252#9,0
ADD,ethernet,253253#48,253#9,0
ADD,ethernet,254254#48,254#9,0
ADD,ethernet,255255#48,255#9,0
ADD,ethernet,256256#48,256#9,0
ADD,ethernet,257257#48,257#9,0
ADD,ethernet,258258#48,258#9,0
ADD,ethernet,259259#48,259#9,0
ADD,ethernet,260260#48,260#9,0
ADD,ethernet,261261#48,261#9,0
ADD,ethernet,262262#48,262#9,0
ADD,ethernet,263263#48,263#9,0
ADD,ethernet,264264#48,264#9,0
ADD,ethernet,265265#48,265#9,0
ADD,ethernet,266266#48,266#9,0
ADD,ethernet,267267#48,267#9,0
ADD,ethernet,268268#48,268#9,0
ADD,ethernet,269269#48,269#9,0
ADD,ethernet,270270#48,270#9,0
ADD,ethernet,271271#48,271#9,0
ADD,ethernet,272272#48,272#9,0
ADD,ethernet,273273#48,273#9,0
ADD,ethernet,274274#48,274#9,0
ADD,ethernet,275275#48,275#9,0
ADD,ethernet,276276#48,276#9,0
ADD,ethernet,277277#48,277#9,0
ADD,ethernet,278278#48,278#9,0
ADD,ethernet,279279#48,279#9,0
ADD,ethernet,280280#48,280#9,0
ADD,ethernet,281281#48,281#9,0
ADD,ethernet,282282#48,282#9,0
ADD,ethernet,283283#48,283#9,0
ADD,ethernet,284284#48,284#9,0
ADD,ethernet,285285#48,285#9,0
ADD,ethernet,286286#48,286#9,0
ADD,ethernet,287287#48,287#9,0
ADD,ethernet,288288#48,288#9,0
ADD,ethernet,289289#48,289#9,0
ADD,ethernet,290290#48,290#9,0
ADD,ethernet,291291#48,291#9,0
ADD,ethernet,292292#48,292#9,0
ADD,ethernet,293293#48,293#9,0
ADD,ethernet,294294#48,294#9,0
ADD,ethernet,295295#48,295#9,0
ADD,ethernet,296296#48,296#9,0
ADD,ethernet,297297#48,297#9,0
ADD,ethernet,298298#48,298#9,0
ADD,ethernet,299299#48,299#9,0
ADD,ethernet,300300#48,300#9,0
ADD,ethernet,301301#48,301#9,0
ADD,ethernet,302302#48,302#9,0
ADD,ethernet,303303#48,303#9,0
ADD,ethernet,304304#48,304#9,0
ADD,ethernet,305305#48,305#9,0
ADD,ethernet,306306#48,306#9,0
ADD,ethernet,307307#48,307#9,0
ADD,ethernet,308308#48,308#9,0
ADD,ethernet,309309#48,309#9,0
ADD,ethernet,310310#48,310#9,0
ADD,ethernet,311311#48,311#9,0
ADD,ethernet,312312#48,312#9,0
ADD,ethernet,313313#48,313#9,0
ADD,ethernet,314314#48,314#9,0
ADD,ethernet,315315#48,315#9,0
ADD,ethernet,316316#48,316#9,0
ADD,ethernet,317317#48,317#9,0
ADD,ethernet,318318#48,318#9,0
ADD,ethernet,319319#48,319#9,0
ADD,ethernet,320320#48,320#9,0
ADD,ethernet,321321#48,321#9,0
ADD,ethernet,322322#48,322#9,0
ADD,ethernet,323323#48,323#9,0
ADD,ethernet,324324#48,324#9,0
ADD,ethernet,325325#48,325#9,0
ADD,ethernet,326326#48,326#9,0
ADD,ethernet,327327#48,327#9,0
ADD,ethernet,328328#48,328#9,0
ADD,ethernet,329329#48,329#9,0
ADD,ethernet,330330#48,330#9,0
ADD,ethernet,331331#48,331#9,0
ADD,ethernet,332332#48,332#9,0
ADD,ethernet,333333#48,333#9,0
ADD,ethernet,334334#48,334#9,0
ADD,ethernet,335335#48,335#9,0
ADD,ethernet,336336#48,336#9,0
ADD,ethernet,337337#48,337#9,0
ADD,ethernet,338338#48,338#9,0
ADD,ethernet,339339#48,339#9,0
ADD,ethernet,340340#48,340#9,0
ADD,ethernet,341341#48,341#9,0
ADD,ethernet,342342#48,342#9,0
ADD,ethernet,343343#48,343#9,0
ADD,ethernet,344344#48,344#9,0
ADD,ethernet,345345#48,345#9,0
ADD,ethernet,346346#48,346#9,0
ADD,ethernet,347347#48,347#9,0
ADD,ethernet,348348#48,348#9,0
ADD,ethernet,349349#48,349#9,0
ADD,ethernet,350350#48,350#9,0
ADD,ethernet,351351#48,351#9,0
ADD,ethernet,352352#48,352#9,0
ADD,ethernet,353353#48,353#9,0
ADD,ethernet,354354#48,354#9,0
ADD,ethernet,355355#48,355#9,0
ADD,ethernet,356356#48,356#9,0
ADD,ethernet,357357#48,357#9,0
ADD,ethernet,358358#48,358#9,0
ADD,ethernet,359359#48,359#9,0
ADD,ethernet,360360#48,360#9,0
ADD,ethernet,361361#48,361#9,0
ADD,ethernet,362362#48,362#9,0
ADD,ethernet,363363#48,363#9,0
ADD,ethernet,364364#48,364#9,0
ADD,ethernet,365365#48,365#9,0
ADD,ethernet,366366#48,366#9,0
ADD,ethernet,367367#48,367#9,0
ADD,ethernet,368368#48,368#9,0
ADD,ethernet,369369#48,369#9,0
ADD,ethernet,370370#48,370#9,0
ADD,ethernet,371371#48,371#9,0
ADD,ethernet,372372#48,372#9,0
ADD,ethernet,373373#48,373#9,0
ADD,ethernet,374374#48,374#9,0
ADD,ethernet,375375#48,375#9,0
ADD,ethernet,376376#48,376#9,0
ADD,ethernet,377377#48,377#9,0
ADD,ethernet,378378#48,378#9,0
ADD,ethernet,379379#48,379#9,0
ADD,ethernet,380380#48,380#9,0
ADD,ethernet,381381#48,381#9,0
ADD,ethernet,382382#48,382#9,0
ADD,ethernet,383383#48,383#9,0
ADD,ethernet,384384#48,384#9,0
ADD,ethernet,385385#48,385#9,0
ADD,ethernet,386386#48,386#9,0
ADD,ethernet,387387#48,387#9,0
ADD,ethernet,388388#48,388#9,0
ADD,ethernet,389389#48,389#9,0
ADD,ethernet,390390#48,390#9,0
ADD,ethernet,391391#48,391#9,0
ADD,ethernet,392392#48,392#9,0
ADD,ethernet,393393#48,393#9,0
ADD,ethernet,394394#48,394#9,0
ADD,ethernet,395395#48,395#9,0
ADD,ethernet,396396#48,396#9,0
ADD,ethernet,397397#48,397#9,0
ADD,ethernet,398398#48,398#9,0
ADD,ethernet,399399#48,399#9,0
ADD,ethernet,400400#48,400#9,0
ADD,ethernet,401401#48,401#9,0
ADD,ethernet,402402#48,402#9,0
ADD,ethernet,403403#48,403#9,0
ADD,ethernet,404404#48,404#9,0
ADD,ethernet,405405#48,405#9,0
ADD,ethernet,406406#48,406#9,0
ADD,ethernet,407407#48,407#9,0
ADD,ethernet,408408#48,408#9,0
ADD,ethernet,409409#48,409#9,0
ADD,ethernet,410410#48,410#9,0
ADD,ethernet,411411#48,411#9,0
ADD,ethernet,412412#48,412#9,0
ADD,ethernet,413413#48,413#9,0
ADD,ethernet,414414#48,414#9,0
ADD,ethernet,415415#48,415#9,0
ADD,ethernet,416416#48,416#9,0
ADD,ethernet,417417#48,417#9,0
ADD,ethernet,418418#48,418#9,0
ADD,ethernet,419419#48,419#9,0
ADD,ethernet,420420#48,420#9,0
ADD,ethernet,421421#48,421#9,0
ADD,ethernet,422422#48,422#9,0
ADD,ethernet,423423#48,423#9,0
ADD,ethernet,424424#48,424#9,0
ADD,ethernet,425425#48,425#9,0
ADD,ethernet,426426#48,426#9,0
ADD,ethernet,427427#48,427#9,0
ADD,ethernet,428428#48,428#9,0
ADD,ethernet,429429#48,429#9,0
ADD,ethernet,430430#48,430#9,0
ADD,ethernet,431431#48,431#9,0
ADD,ethernet,432432#48,432#9,0
ADD,ethernet,433433#48,433#9,0
ADD,ethernet,434434#48,434#9,0
ADD,ethernet,435435#48,435#9,0
ADD,ethernet,436436#48,436#9,0
ADD,ethernet,437437#48,437#9,0
ADD,ethernet,438438#48,438#9,0
ADD,ethernet,439439#48,439#9,0
ADD,ethernet,440440#48,440#9,0
ADD,ethernet,441441#48,441#9,0
ADD,ethernet,442442#48,442#9,0
ADD,ethernet,443443#48,443#9,0
ADD,ethernet,444444#48,444#9,0
ADD,ethernet,445445#48,445#9,0
ADD,ethernet,446446#48,446#9,0
ADD,ethernet,447447#48,447#9,0
ADD,ethernet,448448#48,448#9,0
ADD,ethernet,449449#48,449#9,0
ADD,ethernet,450450#48,450#9,0
ADD,ethernet,451451#48,451#9,0
ADD,ethernet,452452#48,452#9,0
ADD,ethernet,453453#48,453#9,0
ADD,ethernet,454454#48,454#9,0
ADD,ethernet,455455#48,455#9,0
ADD,ethernet,456456#48,456#9,0
ADD,ethernet,457457#48,457#9,0
ADD,ethernet,458458#48,458#9,0
ADD,ethernet,459459#48,459#9,0
ADD,ethernet,460460#48,460#9,0
ADD,ethernet,461461#48,461#9,0
ADD,ethernet,462462#48,462#9,0
ADD,ethernet,463463#48,463#9,0
ADD,ethernet,464464#48,464#9,0
ADD,ethernet,465465#48,465#9,0
ADD,ethernet,466466#48,466#9,0
ADD,ethernet,467467#48,467#9,0
ADD,ethernet,468468#48,468#9,0
ADD,ethernet,469469#48,469#9,0
ADD,ethernet,470470#48,470#9,0
ADD,ethernet,471471#48,471#9,0
ADD,ethernet,472472#48,472#9,0
ADD,ethernet,473473#48,473#9,0
ADD,ethernet,474474#48,474#9,0
ADD,ethernet,475475#48,475#9,0
ADD,ethernet,476476#48,476#9,0
ADD,ethernet,477477#48,477#9,0
ADD,ethernet,478478#48,478#9,0
ADD,ethernet,479479#48,479#9,0
ADD,ethernet,480480#48,480#9,0
ADD,ethernet,481481#48,481#9,0
ADD,ethernet,482482#48,482#9,0
ADD,ethernet,483483#48,483#9,0
ADD,ethernet,484484#48,484#9,0
ADD,ethernet,485485#48,485#9,0
ADD,ethernet,486486#48,486#9,0
ADD,ethernet,487487#48,487#9,0
ADD,ethernet,488488#48,488#9,0
ADD,ethernet,489489#48,489#9,0
ADD,ethernet,490490#48,490#9,0
ADD,ethernet,491491#48,491#9,0
ADD,ethernet,492492#48,492#9,0
ADD,ethernet,493493#48,493#9,0
ADD,ethernet,494494#48,494#9,0
ADD,ethernet,495495#48,495#9,0
ADD,ethernet,496496#48,496#9,0
ADD,ethernet,497497#48,497#9,0
ADD,ethernet,498498#48,498#9,0
ADD,ethernet,499499#48,499#9,0
ADD,ethernet,500500#48,500#9,0
ADD,ethernet,501501#48,501#9,0
ADD,ethernet,502502#48,502#9,0
ADD,ethernet,503503#48,503#9,0
ADD,ethernet,504504#48,504#9,0
ADD,ethernet,505505#48,505#9,0
ADD,ethernet,506506#48,506#9,0
ADD,ethernet,507507#48,507#9,0
ADD,ethernet,508508#48,508#9,0
ADD,ethernet,509509#48,509#9,0
ADD,ethernet,510510#48,510#9,0
ADD,ethernet,511511#48,511#9,0
ADD,ethernet,512512#48,512#9,0
ADD,ethernet,513513#48,513#9,0
ADD,ethernet,514514#48,514#9,0
ADD,ethernet,515515#48,515#9,0
ADD,ethernet,516516#48,516#9,0
ADD,ethernet,517517#48,517#9,0
ADD,ethernet,518518#48,518#9,0
ADD,ethernet,519519#48,519#9,0
ADD,ethernet,520520#48,520#9,0
ADD,ethernet,521521#48,521#9,0
ADD,ethernet,522522#48,522#9,0
ADD,ethernet,523523#48,523#9,0
ADD,ethernet,524524#48,524#9,0
ADD,ethernet,525525#48,525#9,0
ADD,ethernet,526526#48,526#9,0
ADD,ethernet,527527#48,527#9,0
ADD,ethernet,528528#48,528#9,0
ADD,ethernet,529529#48,529#9,0
ADD,ethernet,530530#48,530#9,0
ADD,ethernet,531531#48,531#9,0
ADD,ethernet,532532#48,532#9,0
ADD,ethernet,533533#48,533#9,0
ADD,ethernet,534534#48,534#9,0
ADD,ethernet,535535#48,535#9,0
ADD,ethernet,536536#48,536#9,0
ADD,ethernet,537537#48,537#9,0
ADD,ethernet,538538#48,538#9,0
ADD,ethernet,539539#48,539#9,0
ADD,ethernet,540540#48,540#9,0
ADD,ethernet,541541#48,541#9,0
ADD,ethernet,542542#48,542#9,0
ADD,ethernet,543543#48,543#9,0
ADD,ethernet,544544#48,544#9,0
ADD,ethernet,545545#48,545#9,0
ADD,ethernet,546546#48,546#9,0
ADD,ethernet,547547#48,547#9,0
ADD,ethernet,548548#48,548#9,0
ADD,ethernet,549549#48,549#9,0
ADD,ethernet,550550#48,550#9,0
ADD,ethernet,551551#48,551#9,0
ADD,ethernet,552552#48,552#9,0
ADD,ethernet,553553#48,553#9,0
ADD,ethernet,554554#48,554#9,0
ADD,ethernet,555555#48,555#9,0
ADD,ethernet,556556#48,556#9,0
ADD,ethernet,557557#48,557#9,0
ADD,ethernet,558558#48,558#9,0
ADD,ethernet,559559#48,559#9,0
ADD,ethernet,560560#48,560#9,0
ADD,ethernet,561561#48,561#9,0
ADD,ethernet,562562#48,562#9,0
ADD,ethernet,563563#48,563#9,0
ADD,ethernet,564564#48,564#9,0
ADD,ethernet,565565#48,565#9,0
ADD,ethernet,566566#48,566#9,0
ADD,ethernet,567567#48,567#9,0
ADD,ethernet,568568#48,568#9,0
ADD,ethernet,569569#48,569#9,0
ADD,ethernet,570570#48,570#9,0
ADD,ethernet,571571#48,571#9,0
ADD,ethernet,572572#48,572#9,0
ADD,ethernet,573573#48,573#9,0
ADD,ethernet,574574#48,574#9,0
ADD,ethernet,575575#48,575#9,0
ADD,ethernet,576576#48,576#9,0
ADD,ethernet,577577#48,577#9,0
ADD,ethernet,578578#48,578#9,0
ADD,ethernet,579579#48,579#9,0
ADD,ethernet,580580#48,580#9,0
ADD,ethernet,581581#48,581#9,0
ADD,ethernet,582582#48,582#9,0
ADD,ethernet,583583#48,583#9,0
ADD,ethernet,584584#48,584#9,0
ADD,ethernet,585585#48,585#9,0
ADD,ethernet,586586#48,586#9,0
ADD,ethernet,587587#48,587#9,0
ADD,ethernet,588588#48,588#9,0
ADD,ethernet,589589#48,589#9,0
ADD,ethernet,590590#48,590#9,0
ADD,ethernet,591591#48,591#9,0
ADD,ethernet,592592#48,592#9,0
ADD,ethernet,593593#48,593#9,0
ADD,ethernet,594594#48,594#9,0
ADD,ethernet,595595#48,595#9,0
ADD,ethernet,596596#48,596#9,0
ADD,ethernet,597597#48,597#9,0
ADD,ethernet,598598#48,598#9,0
ADD,ethernet,599599#48,599#9,0
ADD,ethernet,600600#48,600#9,0
ADD,ethernet,601601#48,601#9,0
ADD,ethernet,602602#48,602#9,0
ADD,ethernet,603603#48,603#9,0
ADD,ethernet,604604#48,604#9,0
ADD,ethernet,605605#48,605#9,0
ADD,ethernet,606606#48,606#9,0
ADD,ethernet,607607#48,607#9,0
ADD,ethernet,608608#48,608#9,0
ADD,ethernet,609609#48,609#9,0
ADD,ethernet,610610#48,610#9,0
ADD,ethernet,611611#48,611#9,0
ADD,ethernet,612612#48,612#9,0
ADD,ethernet,613613#48,613#9,0
ADD,ethernet,614614#48,614#9,0
ADD,ethernet,615615#48,615#9,0
ADD,ethernet,616616#48,616#9,0
ADD,ethernet,617617#48,617#9,0
ADD,ethernet,618618#48,618#9,0
ADD,ethernet,619619#48,619#9,0
ADD,ethernet,620620#48,620#9,0
ADD,ethernet,621621#48,621#9,0
ADD,ethernet,622622#48,622#9,0
ADD,ethernet,623623#48,623#9,0
ADD,ethernet,624624#48,624#9,0
ADD,ethernet,625625#48,625#9,0
ADD,ethernet,626626#48,626#9,0
ADD,ethernet,627627#48,627#9,0
ADD,ethernet,628628#48,628#9,0
ADD,ethernet,629629#48,629#9,0
ADD,ethernet,630630#48,630#9,0
ADD,ethernet,631631#48,631#9,0
ADD,ethernet,632632#48,632#9,0
ADD,ethernet,633633#48,633#9,0
ADD,ethernet,634634#48,634#9,0
ADD,ethernet,635635#48,635#9,0
ADD,ethernet,636636#48,636#9,0
ADD,ethernet,637637#48,637#9,0
ADD,ethernet,638638#48,638#9,0
ADD,ethernet,639639#48,639#9,0
ADD,ethernet,640640#48,640#9,0
ADD,ethernet,641641#48,641#9,0
ADD,ethernet,642642#48,642#9,0
ADD,ethernet,643643#48,643#9,0
ADD,ethernet,644644#48,644#9,0
ADD,ethernet,645645#48,645#9,0
ADD,ethernet,646646#48,646#9,0
ADD,ethernet,647647#48,647#9,0
ADD,ethernet,648648#48,648#9,0
ADD,ethernet,649649#48,649#9,0
ADD,ethernet,650650#48,650#9,0
ADD,ethernet,651651#48,651#9,0
ADD,ethernet,652652#48,652#9,0
ADD,ethernet,653653#48,653#9,0
ADD,ethernet,654654#48,654#9,0
ADD,ethernet,655655#48,655#9,0
ADD,ethernet,656656#48,656#9,0
ADD,ethernet,657657#48,657#9,0
ADD,ethernet,658658#48,658#9,0
ADD,ethernet,659659#48,659#9,0
ADD,ethernet,660660#48,660#9,0
ADD,ethernet,661661#48,661#9,0
ADD,ethernet,662662#48,662#9,0
ADD,ethernet,663663#48,663#9,0
ADD,ethernet,664664#48,664#9,0
ADD,ethernet,665665#48,665#9,0
ADD,ethernet,666666#48,666#9,0
ADD,ethernet,667667#48,667#9,0
ADD,ethernet,668668#48,668#9,0
ADD,ethernet,669669#48,669#9,0
ADD,ethernet,670670#48,670#9,0
ADD,ethernet,671671#48,671#9,0
ADD,ethernet,672672#48,672#9,0
ADD,ethernet,673673#48,673#9,0
ADD,ethernet,674674#48,674#9,0
ADD,ethernet,675675#48,675#9,0
ADD,ethernet,676676#48,676#9,0
ADD,ethernet,677677#48,677#9,0
ADD,ethernet,678678#48,678#9,0
ADD,ethernet,679679#48,679#9,0
ADD,ethernet,680680#48,680#9,0
ADD,ethernet,681681#48,681#9,0
ADD,ethernet,682682#48,682#9,0
ADD,ethernet,683683#48,683#9,0
ADD,ethernet,684684#48,684#9,0
ADD,ethernet,685685#48,685#9,0
ADD,ethernet,686686#48,686#9,0
ADD,ethernet,687687#48,687#9,0
ADD,ethernet,688688#48,688#9,0
ADD,ethernet,689689#48,689#9,0
ADD,ethernet,690690#48,690#9,0
ADD,ethernet,691691#48,691#9,0
ADD,ethernet,692692#48,692#9,0
ADD,ethernet,693693#48,693#9,0
ADD,ethernet,694694#48,694#9,0
ADD,ethernet,695695#48,695#9,0
ADD,ethernet,696696#48,696#9,0
ADD,ethernet,697697#48,697#9,0
ADD,ethernet,698698#48,698#9,0
ADD,ethernet,699699#48,699#9,0
ADD,ethernet,700700#48,700#9,0
ADD,ethernet,701701#48,701#9,0
ADD,ethernet,702702#48,702#9,0
ADD,ethernet,703703#48,703#9,0
ADD,ethernet,704704#48,704#9,0
ADD,ethernet,705705#48,705#9,0
ADD,ethernet,706706#48,706#9,0
ADD,ethernet,707707#48,707#9,0
ADD,ethernet,708708#48,708#9,0
ADD,ethernet,709709#48,709#9,0
ADD,ethernet,710710#48,710#9,0
ADD,ethernet,711711#48,711#9,0
ADD,ethernet,712712#48,712#9,0
ADD,ethernet,713713#48,713#9,0
ADD,ethernet,714714#48,714#9,0
ADD,ethernet,715715#48,715#9,0
ADD,ethernet,716716#48,716#9,0
ADD,ethernet,717717#48,717#9,0
ADD,ethernet,718718#48,718#9,0
ADD,ethernet,719719#48,719#9,0
ADD,ethernet,720720#48,720#9,0
ADD,ethernet,721721#48,721#9,0
ADD,ethernet,722722#48,722#9,0
ADD,ethernet,723723#48,723#9,0
ADD,ethernet,724724#48,724#9,0
ADD,ethernet,725725#48,725#9,0
ADD,ethernet,726726#48,726#9,0
ADD,ethernet,727727#48,727#9,0
ADD,ethernet,728728#48,728#9,0
ADD,ethernet,729729#48,729#9,0
ADD,ethernet,730730#48,730#9,0
ADD,ethernet,731731#48,731#9,0
ADD,ethernet,732732#48,732#9,0
ADD,ethernet,733733#48,733#9,0
ADD,ethernet,734734#48,734#9,0
ADD,ethernet,735735#48,735#9,0
ADD,ethernet,736736#48,736#9,0
ADD,ethernet,737737#48,737#9,0
ADD,ethernet,738738#48,738#9,0
ADD,ethernet,739739#48,739#9,0
ADD,ethernet,740740#48,740#9,0
ADD,ethernet,741741#48,741#9,0
ADD,ethernet,742742#48,742#9,0
ADD,ethernet,743743#48,743#9,0
ADD,ethernet,744744#48,744#9,0
ADD,ethernet,745745#48,745#9,0
ADD,ethernet,746746#48,746#9,0
ADD,ethernet,747747#48,747#9,0
ADD,ethernet,748748#48,748#9,0
ADD,ethernet,749749#48,749#9,0
ADD,ethernet,750750#48,750#9,0
ADD,ethernet,751751#48,751#9,0
ADD,ethernet,752752#48,752#9,0
ADD,ethernet,753753#48,753#9,0
ADD,ethernet,754754#48,754#9,0
ADD,ethernet,755755#48,755#9,0
ADD,ethernet,756756#48,756#9,0
ADD,ethernet,757757#48,757#9,0
ADD,ethernet,758758#48,758#9,0
ADD,ethernet,759759#48,759#9,0
ADD,ethernet,760760#48,760#9,0
ADD,ethernet,761761#48,761#9,0
ADD,ethernet,762762#48,762#9,0
ADD,ethernet,763763#48,763#9,0
ADD,ethernet,764764#48,764#9,0
ADD,ethernet,765765#48,765#9,0
ADD,ethernet,766766#48,766#9,0
ADD,ethernet,767767#48,767#9,0
ADD,ethernet,768768#48,768#9,0
ADD,ethernet,769769#48,769#9,0
ADD,ethernet,770770#48,770#9,0
ADD,ethernet,771771#48,771#9,0
ADD,ethernet,772772#48,772#9,0
ADD,ethernet,773773#48,773#9,0
ADD,ethernet,774774#48,774#9,0
ADD,ethernet,775775#48,775#9,0
ADD,ethernet,776776#48,776#9,0
ADD,ethernet,777777#48,777#9,0
ADD,ethernet,778778#48,778#9,0
ADD,ethernet,779779#48,779#9,0
ADD,ethernet,780780#48,780#9,0
ADD,ethernet,781781#48,781#9,0
ADD,ethernet,782782#48,782#9,0
ADD,ethernet,783783#48,783#9,0
ADD,ethernet,784784#48,784#9,0
ADD,ethernet,785785#48,785#9,0
ADD,ethernet,786786#48,786#9,0
ADD,ethernet,787787#48,787#9,0
ADD,ethernet,788788#48,788#9,0
ADD,ethernet,789789#48,789#9,0
ADD,ethernet,790790#48,790#9,0
ADD,ethernet,791791#48,791#9,0
ADD,ethernet,792792#48,792#9,0
ADD,ethernet,793793#48,793#9,0
ADD,ethernet,794794#48,794#9,0
ADD,ethernet,795795#48,795#9,0
ADD,ethernet,796796#48,796#9,0
ADD,ethernet,797797#48,797#9,0
ADD,ethernet,798798#48,798#9,0
ADD,ethernet,799799#48,799#9,0
ADD,ethernet,800800#48,800#9,0
ADD,ethernet,801801#48,801#9,0
ADD,ethernet,802802#48,802#9,0
ADD,ethernet,803803#48,803#9,0
ADD,ethernet,804804#48,804#9,0
ADD,ethernet,805805#48,805#9,0
ADD,ethernet,806806#48,806#9,0
ADD,ethernet,807807#48,807#9,0
ADD,ethernet,808808#48,808#9,0
ADD,ethernet,809809#48,809#9,0
ADD,ethernet,810810#48,810#9,0
ADD,ethernet,811811#48,811#9,0
ADD,ethernet,812812#48,812#9,0
ADD,ethernet,813813#48,813#9,0
ADD,ethernet,814814#48,814#9,0
ADD,ethernet,815815#48,815#9,0
ADD,ethernet,816816#48,816#9,0
ADD,ethernet,817817#48,817#9,0
ADD,ethernet,818818#48,818#9,0
ADD,ethernet,819819#48,819#9,0
ADD,ethernet,820820#48,820#9,0
ADD,ethernet,821821#48,821#9,0
ADD,ethernet,822822#48,822#9,0
ADD,ethernet,823823#48,823#9,0
ADD,ethernet,824824#48,824#9,0
ADD,ethernet,825825#48,825#9,0
ADD,ethernet,826826#48,826#9,0
ADD,ethernet,827827#48,827#9,0
ADD,ethernet,828828#48,828#9,0
ADD,ethernet,829829#48,829#9,0
ADD,ethernet,830830#48,830#9,0
ADD,ethernet,831831#48,831#9,0
ADD,ethernet,832832#48,832#9,0
ADD,ethernet,833833#48,833#9,0
ADD,ethernet,834834#48,834#9,0
ADD,ethernet,835835#48,835#9,0
ADD,ethernet,836836#48,836#9,0
ADD,ethernet,837837#48,837#9,0
ADD,ethernet,838838#48,838#9,0
ADD,ethernet,839839#48,839#9,0
ADD,ethernet,840840#48,840#9,0
ADD,ethernet,841841#48,841#9,0
ADD,ethernet,842842#48,842#9,0
ADD,ethernet,843843#48,843#9,0
ADD,ethernet,844844#48,844#9,0
ADD,ethernet,845845#48,845#9,0
ADD,ethernet,846846#48,846#9,0
ADD,ethernet,847847#48,847#9,0
ADD,ethernet,848848#48,848#9,0
ADD,ethernet,849849#48,849#9,0
ADD,ethernet,850850#48,850#9,0
ADD,ethernet,851851#48,851#9,0
ADD,ethernet,852852#48,852#9,0
ADD,ethernet,853853#48,853#9,0
ADD,ethernet,854854#48,854#9,0
ADD,ethernet,855855#48,855#9,0
ADD,ethernet,856856#48,856#9,0
ADD,ethernet,857857#48,857#9,0
ADD,ethernet,858858#48,858#9,0
ADD,ethernet,859859#48,859#9,0
ADD,ethernet,860860#48,860#9,0
ADD,ethernet,861861#48,861#9,0
ADD,ethernet,862862#48,862#9,0
ADD,ethernet,863863#48,863#9,0
ADD,ethernet,864864#48,864#9,0
ADD,ethernet,865865#48,865#9,0
ADD,ethernet,866866#48,866#9,0
ADD,ethernet,867867#48,867#9,0
ADD,ethernet,868868#48,868#9,0
ADD,ethernet,869869#48,869#9,0
ADD,ethernet,870870#48,870#9,0
ADD,ethernet,871871#48,871#9,0
ADD,ethernet,872872#48,872#9,0
ADD,ethernet,873873#48,873#9,0
ADD,ethernet,874874#48,874#9,0
ADD,ethernet,875875#48,875#9,0
ADD,ethernet,876876#48,876#9,0
ADD,ethernet,877877#48,877#9,0
ADD,ethernet,878878#48,878#9,0
ADD,ethernet,879879#48,879#9,0
ADD,ethernet,880880#48,880#9,0
ADD,ethernet,881881#48,881#9,0
ADD,ethernet,882882#48,882#9,0
ADD,ethernet,883883#48,883#9,0
ADD,ethernet,884884#48,884#9,0
ADD,ethernet,885885#48,885#9,0
ADD,ethernet,886886#48,886#9,0
ADD,ethernet,887887#48,887#9,0
ADD,ethernet,888888#48,888#9,0
ADD,ethernet,889889#48,889#9,0
ADD,ethernet,890890#48,890#9,0
ADD,ethernet,891891#48,891#9,0
ADD,ethernet,892892#48,892#9,0
ADD,ethernet,893893#48,893#9,0
ADD,ethernet,894894#48,894#9,0
ADD,ethernet,895895#48,895#9,0
ADD,ethernet,896896#48,896#9,0
ADD,ethernet,897897#48,897#9,0
ADD,ethernet,898898#48,898#9,0
ADD,ethernet,899899#48,899#9,0
ADD,ethernet,900900#48,900#9,0
ADD,ethernet,901901#48,901#9,0
ADD,ethernet,902902#48,902#9,0
ADD,ethernet,903903#48,903#9,0
ADD,ethernet,904904#48,904#9,0
ADD,ethernet,905905#48,905#9,0
ADD,ethernet,906906#48,906#9,0
ADD,ethernet,907907#48,907#9,0
ADD,ethernet,908908#48,908#9,0
ADD,ethernet,909909#48,909#9,0
ADD,ethernet,910910#48,910#9,0
ADD,ethernet,911911#48,911#9,0
ADD,ethernet,912912#48,912#9,0
ADD,ethernet,913913#48,913#9,0
ADD,ethernet,914914#48,914#9,0
ADD,ethernet,915915#48,915#9,0
ADD,ethernet,916916#48,916#9,0
ADD,ethernet,917917#48,917#9,0
ADD,ethernet,918918#48,918#9,0
ADD,ethernet,919919#48,919#9,0
ADD,ethernet,920920#48,920#9,0
ADD,ethernet,921921#48,921#9,0
ADD,ethernet,922922#48,922#9,0
ADD,ethernet,923923#48,923#9,0
ADD,ethernet,924924#48,924#9,0
ADD,ethernet,925925#48,925#9,0
ADD,ethernet,926926#48,926#9,0
ADD,ethernet,927927#48,927#9,0
ADD,ethernet,928928#48,928#9,0
ADD,ethernet,929929#48,929#9,0
ADD,ethernet,930930#48,930#9,0
ADD,ethernet,931931#48,931#9,0
ADD,ethernet,932932#48,932#9,0
ADD,ethernet,933933#48,933#9,0
ADD,ethernet,934934#48,934#9,0
ADD,ethernet,935935#48,935#9,0
ADD,ethernet,936936#48,936#9,0
ADD,ethernet,937937#48,937#9,0
ADD,ethernet,938938#48,938#9,0
ADD,ethernet,939939#48,939#9,0
ADD,ethernet,940940#48,940#9,0
ADD,ethernet,941941#48,941#9,0
ADD,ethernet,942942#48,942#9,0
ADD,ethernet,943943#48,943#9,0
ADD,ethernet,944944#48,944#9,0
ADD,ethernet,945945#48,945#9,0
ADD,ethernet,946946#48,946#9,0
ADD,ethernet,947947#48,947#9,0
ADD,ethernet,948948#48,948#9,0
ADD,ethernet,949949#48,949#9,0
ADD,ethernet,950950#48,950#9,0
ADD,ethernet,951951#48,951#9,0
ADD,ethernet,952952#48,952#9,0
ADD,ethernet,953953#48,953#9,0
ADD,ethernet,954954#48,954#9,0
ADD,ethernet,955955#48,955#9,0
ADD,ethernet,956956#48,956#9,0
ADD,ethernet,957957#48,957#9,0
ADD,ethernet,958958#48,958#9,0
ADD,ethernet,959959#48,959#9,0
ADD,ethernet,960960#48,960#9,0
ADD,ethernet,961961#48,961#9,0
ADD,ethernet,962962#48,962#9,0
ADD,ethernet,963963#48,963#9,0
ADD,ethernet,964964#48,964#9,0
ADD,ethernet,965965#48,965#9,0
ADD,ethernet,966966#48,966#9,0
ADD,ethernet,967967#48,967#9,0
ADD,ethernet,968968#48,968#9,0
ADD,ethernet,969969#48,969#9,0
ADD,ethernet,970970#48,970#9,0
ADD,ethernet,971971#48,971#9,0
ADD,ethernet,972972#48,972#9,0
ADD,ethernet,973973#48,973#9,0
ADD,ethernet,974974#48,974#9,0
ADD,ethernet,975975#48,975#9,0
ADD,ethernet,976976#48,976#9,0
ADD,ethernet,977977#48,977#9,0
ADD,ethernet,978978#48,978#9,0
ADD,ethernet,979979#48,979#9,0
ADD,ethernet,980980#48,980#9,0
ADD,ethernet,981981#48,981#9,0
ADD,ethernet,982982#48,982#9,0
ADD,ethernet,983983#48,983#9,0
ADD,ethernet,984984#48,984#9,0
ADD,ethernet,985985#48,985#9,0
ADD,ethernet,986986#48,986#9,0
ADD,ethernet,987987#48,987#9,0
ADD,ethernet,988988#48,988#9,0
ADD,ethernet,989989#48,989#9,0
ADD,ethernet,990990#48,990#9,0
ADD,ethernet,991991#48,991#9,0
ADD,ethernet,992992#48,992#9,0
ADD,ethernet,993993#48,993#9,0
ADD,ethernet,994994#48,994#9,0
ADD,ethernet,995995#48,995#9,0
ADD,ethernet,996996#48,996#9,0
ADD,ethernet,997997#48,997#9,0
ADD,ethernet,998998#48,998#9,0
ADD,ethernet,999999#48,999#9,0
ADD,ethernet,10001000#48,1000#9,0
ADD,ethernet,10011001#48,1001#9,0
ADD,ethernet,10021002#48,1002#9,0
ADD,ethernet,10031003#48,1003#9,0
ADD,ethernet,10041004#48,1004#9,0
ADD,ethernet,10051005#48,1005#9,0
ADD,ethernet,10061006#48,1006#9,0
ADD,ethernet,10071007#48,1007#9,0
ADD,ethernet,10081008#48,1008#9,0
ADD,ethernet,10091009#48,1009#9,0
ADD,ethernet,10101010#48,1010#9,0
ADD,ethernet,10111011#48,1011#9,0
ADD,ethernet,10121012#48,1012#9,0
ADD,ethernet,10131013#48,1013#9,0
ADD,ethernet,10141014#48,1014#9,0
ADD,ethernet,10151015#48,1015#9,0
ADD,ethernet,10161016#48,1016#9,0
ADD,ethernet,10171017#48,1017#9,0
ADD,ethernet,10181018#48,1018#9,0
ADD,ethernet,10191019#48,1019#9,0
ADD,ethernet,10201020#48,1020#9,0
ADD,ethernet,10211021#48,1021#9,0
ADD,ethernet,10221022#48,1022#9,0
ADD,ethernet,10231023#48,1023#9,0
ADD,ethernet,10241024#48,1024#9,0
ADD,ethernet,10251025#48,1025#9,0
ADD,ethernet,10261026#48,1026#9,0
ADD,ethernet,10271027#48,1027#9,0
ADD,ethernet,10281028#48,1028#9,0
ADD,ethernet,10291029#48,1029#9,0
ADD,ethernet,10301030#48,1030#9,0
ADD,ethernet,10311031#48,1031#9,0
ADD,ethernet,10321032#48,1032#9,0
ADD,ethernet,10331033#48,1033#9,0
ADD,ethernet,10341034#48,1034#9,0
ADD,ethernet,10351035#48,1035#9,0
ADD,ethernet,10361036#48,1036#9,0
ADD,ethernet,10371037#48,1037#9,0
ADD,ethernet,10381038#48,1038#9,0
ADD,ethernet,10391039#48,1039#9,0
ADD,ethernet,10401040#48,1040#9,0
ADD,ethernet,10411041#48,1041#9,0
ADD,ethernet,10421042#48,1042#9,0
ADD,ethernet,10431043#48,1043#9,0
ADD,ethernet,10441044#48,1044#9,0
ADD,ethernet,10451045#48,1045#9,0
ADD,ethernet,10461046#48,1046#9,0
ADD,ethernet,10471047#48,1047#9,0
ADD,ethernet,10481048#48,1048#9,0
ADD,ethernet,10491049#48,1049#9,0
ADD,ethernet,10501050#48,1050#9,0
ADD,ethernet,10511051#48,1051#9,0
ADD,ethernet,10521052#48,1052#9,0
ADD,ethernet,10531053#48,1053#9,0
ADD,ethernet,10541054#48,1054#9,0
ADD,ethernet,10551055#48,1055#9,0
ADD,ethernet,10561056#48,1056#9,0
ADD,ethernet,10571057#48,1057#9,0
ADD,ethernet,10581058#48,1058#9,0
ADD,ethernet,10591059#48,1059#9,0
ADD,ethernet,10601060#48,1060#9,0
ADD,ethernet,10611061#48,1061#9,0
ADD,ethernet,10621062#48,1062#9,0
ADD,ethernet,10631063#48,1063#9,0
ADD,ethernet,10641064#48,1064#9,0
ADD,ethernet,10651065#48,1065#9,0
ADD,ethernet,10661066#48,1066#9,0
ADD,ethernet,10671067#48,1067#9,0
ADD,ethernet,10681068#48,1068#9,0
ADD,ethernet,10691069#48,1069#9,0
ADD,ethernet,10701070#48,1070#9,0
ADD,ethernet,10711071#48,1071#9,0
ADD,ethernet,10721072#48,1072#9,0
ADD,ethernet,10731073#48,1073#9,0
ADD,ethernet,10741074#48,1074#9,0
ADD,ethernet,10751075#48,1075#9,0
ADD,ethernet,10761076#48,1076#9,0
ADD,ethernet,10771077#48,1077#9,0
ADD,ethernet,10781078#48,1078#9,0
ADD,ethernet,10791079#48,1079#9,0
ADD,ethernet,10801080#48,1080#9,0
ADD,ethernet,10811081#48,1081#9,0
ADD,ethernet,10821082#48,1082#9,0
ADD,ethernet,10831083#48,1083#9,0
ADD,ethernet,10841084#48,1084#9,0
ADD,ethernet,10851085#48,1085#9,0
ADD,ethernet,10861086#48,1086#9,0
ADD,ethernet,10871087#48,1087#9,0
ADD,ethernet,10881088#48,1088#9,0
ADD,ethernet,10891089#48,1089#9,0
ADD,ethernet,10901090#48,1090#9,0
ADD,ethernet,10911091#48,1091#9,0
ADD,ethernet,10921092#48,1092#9,0
ADD,ethernet,10931093#48,1093#9,0
ADD,ethernet,10941094#48,1094#9,0
ADD,ethernet,10951095#48,1095#9,0
ADD,ethernet,10961096#48,1096#9,0
ADD,ethernet,10971097#48,1097#9,0
ADD,ethernet,10981098#48,1098#9,0
ADD,ethernet,10991099#48,1099#9,0
ADD,ethernet,11001100#48,1100#9,0
ADD,ethernet,11011101#48,1101#9,0
ADD,ethernet,11021102#48,1102#9,0
ADD,ethernet,11031103#48,1103#9,0
ADD,ethernet,11041104#48,1104#9,0
ADD,ethernet,11051105#48,1105#9,0
ADD,ethernet,11061106#48,1106#9,0
ADD,ethernet,11071107#48,1107#9,0
ADD,ethernet,11081108#48,1108#9,0
ADD,ethernet,11091109#48,1109#9,0
ADD,ethernet,11101110#48,1110#9,0
ADD,ethernet,11111111#48,1111#9,0
ADD,ethernet,11121112#48,1112#9,0
ADD,ethernet,11131113#48,1113#9,0
ADD,ethernet,11141114#48,1114#9,0
ADD,ethernet,11151115#48,1115#9,0
ADD,ethernet,11161116#48,1116#9,0
ADD,ethernet,11171117#48,1117#9,0
ADD,ethernet,11181118#48,1118#9,0
ADD,ethernet,11191119#48,1119#9,0
ADD,ethernet,11201120#48,1120#9,0
ADD,ethernet,11211121#48,1121#9,0
ADD,ethernet,11221122#48,1122#9,0
ADD,ethernet,11231123#48,1123#9,0
ADD,ethernet,11241124#48,1124#9,0
ADD,ethernet,11251125#48,1125#9,0
ADD,ethernet,11261126#48,1126#9,0
ADD,ethernet,11271127#48,1127#9,0
ADD,ethernet,11281128#48,1128#9,0
ADD,ethernet,11291129#48,1129#9,0
ADD,ethernet,11301130#48,1130#9,0
ADD,ethernet,11311131#48,1131#9,0
ADD,ethernet,11321132#48,1132#9,0
ADD,ethernet,11331133#48,1133#9,0
ADD,ethernet,11341134#48,1134#9,0
ADD,ethernet,11351135#48,1135#9,0
ADD,ethernet,11361136#48,1136#9,0
ADD,ethernet,11371137#48,1137#9,0
ADD,ethernet,11381138#48,1138#9,0
ADD,ethernet,11391139#48,1139#9,0
ADD,ethernet,11401140#48,1140#9,0
ADD,ethernet,11411141#48,1141#9,0
ADD,ethernet,11421142#48,1142#9,0
ADD,ethernet,11431143#48,1143#9,0
ADD,ethernet,11441144#48,1144#9,0
ADD,ethernet,11451145#48,1145#9,0
ADD,ethernet,11461146#48,1146#9,0
ADD,ethernet,11471147#48,1147#9,0
ADD,ethernet,11481148#48,1148#9,0
ADD,ethernet,11491149#48,1149#9,0
ADD,ethernet,11501150#48,1150#9,0
ADD,ethernet,11511151#48,1151#9,0
ADD,ethernet,11521152#48,1152#9,0
ADD,ethernet,11531153#48,1153#9,0
ADD,ethernet,11541154#48,1154#9,0
ADD,ethernet,11551155#48,1155#9,0
ADD,ethernet,11561156#48,1156#9,0
ADD,ethernet,11571157#48,1157#9,0
ADD,ethernet,11581158#48,1158#9,0
ADD,ethernet,11591159#48,1159#9,0
ADD,ethernet,11601160#48,1160#9,0
ADD,ethernet,11611161#48,1161#9,0
ADD,ethernet,11621162#48,1162#9,0
ADD,ethernet,11631163#48,1163#9,0
ADD,ethernet,11641164#48,1164#9,0
ADD,ethernet,11651165#48,1165#9,0
ADD,ethernet,11661166#48,1166#9,0
ADD,ethernet,11671167#48,1167#9,0
ADD,ethernet,11681168#48,1168#9,0
ADD,ethernet,11691169#48,1169#9,0
ADD,ethernet,11701170#48,1170#9,0
ADD,ethernet,11711171#48,1171#9,0
ADD,ethernet,11721172#48,1172#9,0
ADD,ethernet,11731173#48,1173#9,0
ADD,ethernet,11741174#48,1174#9,0
ADD,ethernet,11751175#48,1175#9,0
ADD,ethernet,11761176#48,1176#9,0
ADD,ethernet,11771177#48,1177#9,0
ADD,ethernet,11781178#48,1178#9,0
ADD,ethernet,11791179#48,1179#9,0
ADD,ethernet,11801180#48,1180#9,0
ADD,ethernet,11811181#48,1181#9,0
ADD,ethernet,11821182#48,1182#9,0
ADD,ethernet,11831183#48,1183#9,0
ADD,ethernet,11841184#48,1184#9,0
ADD,ethernet,11851185#48,1185#9,0
ADD,ethernet,11861186#48,1186#9,0
ADD,ethernet,11871187#48,1187#9,0
ADD,ethernet,11881188#48,1188#9,0
ADD,ethernet,11891189#48,1189#9,0
ADD,ethernet,11901190#48,1190#9,0
ADD,ethernet,11911191#48,1191#9,0
ADD,ethernet,11921192#48,1192#9,0
ADD,ethernet,11931193#48,1193#9,0
ADD,ethernet,11941194#48,1194#9,0
ADD,ethernet,11951195#48,1195#9,0
ADD,ethernet,11961196#48,1196#9,0
ADD,ethernet,11971197#48,1197#9,0
ADD,ethernet,11981198#48,1198#9,0
ADD,ethernet,11991199#48,1199#9,0
ADD,ethernet,12001200#48,1200#9,0
ADD,ethernet,12011201#48,1201#9,0
ADD,ethernet,12021202#48,1202#9,0
ADD,ethernet,12031203#48,1203#9,0
ADD,ethernet,12041204#48,1204#9,0
ADD,ethernet,12051205#48,1205#9,0
ADD,ethernet,12061206#48,1206#9,0
ADD,ethernet,12071207#48,1207#9,0
ADD,ethernet,12081208#48,1208#9,0
ADD,ethernet,12091209#48,1209#9,0
ADD,ethernet,12101210#48,1210#9,0
ADD,ethernet,12111211#48,1211#9,0
ADD,ethernet,12121212#48,1212#9,0
ADD,ethernet,12131213#48,1213#9,0
ADD,ethernet,12141214#48,1214#9,0
ADD,ethernet,12151215#48,1215#9,0
ADD,ethernet,12161216#48,1216#9,0
ADD,ethernet,12171217#48,1217#9,0
ADD,ethernet,12181218#48,1218#9,0
ADD,ethernet,12191219#48,1219#9,0
ADD,ethernet,12201220#48,1220#9,0
ADD,ethernet,12211221#48,1221#9,0
ADD,ethernet,12221222#48,1222#9,0
ADD,ethernet,12231223#48,1223#9,0
ADD,ethernet,12241224#48,1224#9,0
ADD,ethernet,12251225#48,1225#9,0
ADD,ethernet,12261226#48,1226#9,0
ADD,ethernet,12271227#48,1227#9,0
ADD,ethernet,12281228#48,1228#9,0
ADD,ethernet,12291229#48,1229#9,0
ADD,ethernet,12301230#48,1230#9,0
ADD,ethernet,12311231#48,1231#9,0
ADD,ethernet,12321232#48,1232#9,0
ADD,ethernet,12331233#48,1233#9,0
ADD,ethernet,12341234#48,1234#9,0
ADD,ethernet,12351235#48,1235#9,0
ADD,ethernet,12361236#48,1236#9,0
ADD,ethernet,12371237#48,1237#9,0
ADD,ethernet,12381238#48,1238#9,0
ADD,ethernet,12391239#48,1239#9,0
ADD,ethernet,12401240#48,1240#9,0
ADD,ethernet,12411241#48,1241#9,0
ADD,ethernet,12421242#48,1242#9,0
ADD,ethernet,12431243#48,1243#9,0
ADD,ethernet,12441244#48,1244#9,0
ADD,ethernet,12451245#48,1245#9,0
ADD,ethernet,12461246#48,1246#9,0
ADD,ethernet,12471247#48,1247#9,0
ADD,ethernet,12481248#48,1248#9,0
ADD,ethernet,12491249#48,1249#9,0
ADD,ethernet,12501250#48,1250#9,0
ADD,ethernet,12511251#48,1251#9,0
ADD,ethernet,12521252#48,1252#9,0
ADD,ethernet,12531253#48,1253#9,0
ADD,ethernet,12541254#48,1254#9,0
ADD,ethernet,12551255#48,1255#9,0
ADD,ethernet,12561256#48,1256#9,0
ADD,ethernet,12571257#48,1257#9,0
ADD,ethernet,12581258#48,1258#9,0
ADD,ethernet,12591259#48,1259#9,0
ADD,ethernet,12601260#48,1260#9,0
ADD,ethernet,12611261#48,1261#9,0
ADD,ethernet,12621262#48,1262#9,0
ADD,ethernet,12631263#48,1263#9,0
ADD,ethernet,12641264#48,1264#9,0
ADD,ethernet,12651265#48,1265#9,0
ADD,ethernet,12661266#48,1266#9,0
ADD,ethernet,12671267#48,1267#9,0
ADD,ethernet,12681268#48,1268#9,0
ADD,ethernet,12691269#48,1269#9,0
ADD,ethernet,12701270#48,1270#9,0
ADD,ethernet,12711271#48,1271#9,0
ADD,ethernet,12721272#48,1272#9,0
ADD,ethernet,12731273#48,1273#9,0
ADD,ethernet,12741274#48,1274#9,0
ADD,ethernet,12751275#48,1275#9,0
ADD,ethernet,12761276#48,1276#9,0
ADD,ethernet,12771277#48,1277#9,0
ADD,ethernet,12781278#48,1278#9,0
ADD,ethernet,12791279#48,1279#9,0
ADD,ethernet,12801280#48,1280#9,0
ADD,ethernet,12811281#48,1281#9,0
ADD,ethernet,12821282#48,1282#9,0
ADD,ethernet,12831283#48,1283#9,0
ADD,ethernet,12841284#48,1284#9,0
ADD,ethernet,12851285#48,1285#9,0
ADD,ethernet,12861286#48,1286#9,0
ADD,ethernet,12871287#48,1287#9,0
ADD,ethernet,12881288#48,1288#9,0
ADD,ethernet,12891289#48,1289#9,0
ADD,ethernet,12901290#48,1290#9,0
ADD,ethernet,12911291#48,1291#9,0
ADD,ethernet,12921292#48,1292#9,0
ADD,ethernet,12931293#48,1293#9,0
ADD,ethernet,12941294#48,1294#9,0
ADD,ethernet,12951295#48,1295#9,0
ADD,ethernet,12961296#48,1296#9,0
ADD,ethernet,12971297#48,1297#9,0
ADD,ethernet,12981298#48,1298#9,0
ADD,ethernet,12991299#48,1299#9,0
ADD,ethernet,13001300#48,1300#9,0
ADD,ethernet,13011301#48,1301#9,0
ADD,ethernet,13021302#48,1302#9,0
ADD,ethernet,13031303#48,1303#9,0
ADD,ethernet,13041304#48,1304#9,0
ADD,ethernet,13051305#48,1305#9,0
ADD,ethernet,13061306#48,1306#9,0
ADD,ethernet,13071307#48,1307#9,0
ADD,ethernet,13081308#48,1308#9,0
ADD,ethernet,13091309#48,1309#9,0
ADD,ethernet,13101310#48,1310#9,0
ADD,ethernet,13111311#48,1311#9,0
ADD,ethernet,13121312#48,1312#9,0
ADD,ethernet,13131313#48,1313#9,0
ADD,ethernet,13141314#48,1314#9,0
ADD,ethernet,13151315#48,1315#9,0
ADD,ethernet,13161316#48,1316#9,0
ADD,ethernet,13171317#48,1317#9,0
ADD,ethernet,13181318#48,1318#9,0
ADD,ethernet,13191319#48,1319#9,0
ADD,ethernet,13201320#48,1320#9,0
ADD,ethernet,13211321#48,1321#9,0
ADD,ethernet,13221322#48,1322#9,0
ADD,ethernet,13231323#48,1323#9,0
ADD,ethernet,13241324#48,1324#9,0
ADD,ethernet,13251325#48,1325#9,0
ADD,ethernet,13261326#48,1326#9,0
ADD,ethernet,13271327#48,1327#9,0
ADD,ethernet,13281328#48,1328#9,0
ADD,ethernet,13291329#48,1329#9,0
ADD,ethernet,13301330#48,1330#9,0
ADD,ethernet,13311331#48,1331#9,0
ADD,ethernet,13321332#48,1332#9,0
ADD,ethernet,13331333#48,1333#9,0
ADD,ethernet,13341334#48,1334#9,0
ADD,ethernet,13351335#48,1335#9,0
ADD,ethernet,13361336#48,1336#9,0
ADD,ethernet,13371337#48,1337#9,0
ADD,ethernet,13381338#48,1338#9,0
ADD,ethernet,13391339#48,1339#9,0
ADD,ethernet,13401340#48,1340#9,0
ADD,ethernet,13411341#48,1341#9,0
ADD,ethernet,13421342#48,1342#9,0
ADD,ethernet,13431343#48,1343#9,0
ADD,ethernet,13441344#48,1344#9,0
ADD,ethernet,13451345#48,1345#9,0
ADD,ethernet,13461346#48,1346#9,0
ADD,ethernet,13471347#48,1347#9,0
ADD,ethernet,13481348#48,1348#9,0
ADD,ethernet,13491349#48,1349#9,0
ADD,ethernet,13501350#48,1350#9,0
ADD,ethernet,13511351#48,1351#9,0
ADD,ethernet,13521352#48,1352#9,0
ADD,ethernet,13531353#48,1353#9,0
ADD,ethernet,13541354#48,1354#9,0
ADD,ethernet,13551355#48,1355#9,0
ADD,ethernet,13561356#48,1356#9,0
ADD,ethernet,13571357#48,1357#9,0
ADD,ethernet,13581358#48,1358#9,0
ADD,ethernet,13591359#48,1359#9,0
ADD,ethernet,13601360#48,1360#9,0
ADD,ethernet,13611361#48,1361#9,0
ADD,ethernet,13621362#48,1362#9,0
ADD,ethernet,13631363#48,1363#9,0
ADD,ethernet,13641364#48,1364#9,0
ADD,ethernet,13651365#48,1365#9,0
ADD,ethernet,13661366#48,1366#9,0
ADD,ethernet,13671367#48,1367#9,0
ADD,ethernet,13681368#48,1368#9,0
ADD,ethernet,13691369#48,1369#9,0
ADD,ethernet,13701370#48,1370#9,0
ADD,ethernet,13711371#48,1371#9,0
ADD,ethernet,13721372#48,1372#9,0
ADD,ethernet,13731373#48,1373#9,0
ADD,ethernet,13741374#48,1374#9,0
ADD,ethernet,13751375#48,1375#9,0
ADD,ethernet,13761376#48,1376#9,0
ADD,ethernet,13771377#48,1377#9,0
ADD,ethernet,13781378#48,1378#9,0
ADD,ethernet,13791379#48,1379#9,0
ADD,ethernet,13801380#48,1380#9,0
ADD,ethernet,13811381#48,1381#9,0
ADD,ethernet,13821382#48,1382#9,0
ADD,ethernet,13831383#48,1383#9,0
ADD,ethernet,13841384#48,1384#9,0
ADD,ethernet,13851385#48,1385#9,0
ADD,ethernet,13861386#48,1386#9,0
ADD,ethernet,13871387#48,1387#9,0
ADD,ethernet,13881388#48,1388#9,0
ADD,ethernet,13891389#48,1389#9,0
ADD,ethernet,13901390#48,1390#9,0
ADD,ethernet,13911391#48,1391#9,0
ADD,ethernet,13921392#48,1392#9,0
ADD,ethernet,13931393#48,1393#9,0
ADD,ethernet,13941394#48,1394#9,0
ADD,ethernet,13951395#48,1395#9,0
ADD,ethernet,13961396#48,1396#9,0
ADD,ethernet,13971397#48,1397#9,0
ADD,ethernet,13981398#48,1398#9,0
ADD,ethernet,13991399#48,1399#9,0
ADD,ethernet,14001400#48,1400#9,0
ADD,ethernet,14011401#48,1401#9,0
ADD,ethernet,14021402#48,1402#9,0
ADD,ethernet,14031403#48,1403#9,0
ADD,ethernet,14041404#48,1404#9,0
ADD,ethernet,14051405#48,1405#9,0
ADD,ethernet,14061406#48,1406#9,0
ADD,ethernet,14071407#48,1407#9,0
ADD,ethernet,14081408#48,1408#9,0
ADD,ethernet,14091409#48,1409#9,0
ADD,ethernet,14101410#48,1410#9,0
ADD,ethernet,14111411#48,1411#9,0
ADD,ethernet,14121412#48,1412#9,0
ADD,ethernet,14131413#48,1413#9,0
ADD,ethernet,14141414#48,1414#9,0
ADD,ethernet,14151415#48,1415#9,0
ADD,ethernet,14161416#48,1416#9,0
ADD,ethernet,14171417#48,1417#9,0
ADD,ethernet,14181418#48,1418#9,0
ADD,ethernet,14191419#48,1419#9,0
ADD,ethernet,14201420#48,1420#9,0
ADD,ethernet,14211421#48,1421#9,0
ADD,ethernet,14221422#48,1422#9,0
ADD,ethernet,14231423#48,1423#9,0
ADD,ethernet,14241424#48,1424#9,0
ADD,ethernet,14251425#48,1425#9,0
ADD,ethernet,14261426#48,1426#9,0
ADD,ethernet,14271427#48,1427#9,0
ADD,ethernet,14281428#48,1428#9,0
ADD,ethernet,14291429#48,1429#9,0
ADD,ethernet,14301430#48,1430#9,0
ADD,ethernet,14311431#48,1431#9,0
ADD,ethernet,14321432#48,1432#9,0
ADD,ethernet,14331433#48,1433#9,0
ADD,ethernet,14341434#48,1434#9,0
ADD,ethernet,14351435#48,1435#9,0
ADD,ethernet,14361436#48,1436#9,0
ADD,ethernet,14371437#48,1437#9,0
ADD,ethernet,14381438#48,1438#9,0
ADD,ethernet,14391439#48,1439#9,0
ADD,ethernet,14401440#48,1440#9,0
ADD,ethernet,14411441#48,1441#9,0
ADD,ethernet,14421442#48,1442#9,0
ADD,ethernet,14431443#48,1443#9,0
ADD,ethernet,14441444#48,1444#9,0
ADD,ethernet,14451445#48,1445#9,0
ADD,ethernet,14461446#48,1446#9,0
ADD,ethernet,14471447#48,1447#9,0
ADD,ethernet,14481448#48,1448#9,0
ADD,ethernet,14491449#48,1449#9,0
ADD,ethernet,14501450#48,1450#9,0
ADD,ethernet,14511451#48,1451#9,0
ADD,ethernet,14521452#48,1452#9,0
ADD,ethernet,14531453#48,1453#9,0
ADD,ethernet,14541454#48,1454#9,0
ADD,ethernet,14551455#48,1455#9,0
ADD,ethernet,14561456#48,1456#9,0
ADD,ethernet,14571457#48,1457#9,0
ADD,ethernet,14581458#48,1458#9,0
ADD,ethernet,14591459#48,1459#9,0
ADD,ethernet,14601460#48,1460#9,0
ADD,ethernet,14611461#48,1461#9,0
ADD,ethernet,14621462#48,1462#9,0
ADD,ethernet,14631463#48,1463#9,0
ADD,ethernet,14641464#48,1464#9,0
ADD,ethernet,14651465#48,1465#9,0
ADD,ethernet,14661466#48,1466#9,0
ADD,ethernet,14671467#48,1467#9,0
ADD,ethernet,14681468#48,1468#9,0
ADD,ethernet,14691469#48,1469#9,0
ADD,ethernet,14701470#48,1470#9,0
ADD,ethernet,14711471#48,1471#9,0
ADD,ethernet,14721472#48,1472#9,0
ADD,ethernet,14731473#48,1473#9,0
ADD,ethernet,14741474#48,1474#9,0
ADD,ethernet,14751475#48,1475#9,0
ADD,ethernet,14761476#48,1476#9,0
ADD,ethernet,14771477#48,1477#9,0
ADD,ethernet,14781478#48,1478#9,0
ADD,ethernet,14791479#48,1479#9,0
ADD,ethernet,14801480#48,1480#9,0
ADD,ethernet,14811481#48,1481#9,0
ADD,ethernet,14821482#48,1482#9,0
ADD,ethernet,14831483#48,1483#9,0
ADD,ethernet,14841484#48,1484#9,0
ADD,ethernet,14851485#48,1485#9,0
ADD,ethernet,14861486#48,1486#9,0
ADD,ethernet,14871487#48,1487#9,0
ADD,ethernet,14881488#48,1488#9,0
ADD,ethernet,14891489#48,1489#9,0
ADD,ethernet,14901490#48,1490#9,0
ADD,ethernet,14911491#48,1491#9,0
ADD,ethernet,14921492#48,1492#9,0
ADD,ethernet,14931493#48,1493#9,0
ADD,ethernet,14941494#48,1494#9,0
ADD,ethernet,14951495#48,1495#9,0
ADD,ethernet,14961496#48,1496#9,0
ADD,ethernet,14971497#48,1497#9,0
ADD,ethernet,14981498#48,1498#9,0
ADD,ethernet,14991499#48,1499#9,0
ADD,ethernet,15001500#48,1500#9,0
ADD,ethernet,15011501#48,1501#9,0
ADD,ethernet,15021502#48,1502#9,0
ADD,ethernet,15031503#48,1503#9,0
ADD,ethernet,15041504#48,1504#9,0
ADD,ethernet,15051505#48,1505#9,0
ADD,ethernet,15061506#48,1506#9,0
ADD,ethernet,15071507#48,1507#9,0
ADD,ethernet,15081508#48,1508#9,0
ADD,ethernet,15091509#48,1509#9,0
ADD,ethernet,15101510#48,1510#9,0
ADD,ethernet,15111511#48,1511#9,0
ADD,ethernet,15121512#48,1512#9,0
ADD,ethernet,15131513#48,1513#9,0
ADD,ethernet,15141514#48,1514#9,0
ADD,ethernet,15151515#48,1515#9,0
ADD,ethernet,15161516#48,1516#9,0
ADD,ethernet,15171517#48,1517#9,0
ADD,ethernet,15181518#48,1518#9,0
ADD,ethernet,15191519#48,1519#9,0
ADD,ethernet,15201520#48,1520#9,0
ADD,ethernet,15211521#48,1521#9,0
ADD,ethernet,15221522#48,1522#9,0
ADD,ethernet,15231523#48,1523#9,0
ADD,ethernet,15241524#48,1524#9,0
ADD,ethernet,15251525#48,1525#9,0
ADD,ethernet,15261526#48,1526#9,0
ADD,ethernet,15271527#48,1527#9,0
ADD,ethernet,15281528#48,1528#9,0
ADD,ethernet,15291529#48,1529#9,0
ADD,ethernet,15301530#48,1530#9,0
ADD,ethernet,15311531#48,1531#9,0
ADD,ethernet,15321532#48,1532#9,0
ADD,ethernet,15331533#48,1533#9,0
ADD,ethernet,15341534#48,1534#9,0
ADD,ethernet,15351535#48,1535#9,0
ADD,ethernet,15361536#48,1536#9,0
ADD,ethernet,15371537#48,1537#9,0
ADD,ethernet,15381538#48,1538#9,0
ADD,ethernet,15391539#48,1539#9,0
ADD,ethernet,15401540#48,1540#9,0
ADD,ethernet,15411541#48,1541#9,0
ADD,ethernet,15421542#48,1542#9,0
ADD,ethernet,15431543#48,1543#9,0
ADD,ethernet,15441544#48,1544#9,0
ADD,ethernet,15451545#48,1545#9,0
ADD,ethernet,15461546#48,1546#9,0
ADD,ethernet,15471547#48,1547#9,0
ADD,ethernet,15481548#48,1548#9,0
ADD,ethernet,15491549#48,1549#9,0
ADD,ethernet,15501550#48,1550#9,0
ADD,ethernet,15511551#48,1551#9,0
ADD,ethernet,15521552#48,1552#9,0
ADD,ethernet,15531553#48,1553#9,0
ADD,ethernet,15541554#48,1554#9,0
ADD,ethernet,15551555#48,1555#9,0
ADD,ethernet,15561556#48,1556#9,0
ADD,ethernet,15571557#48,1557#9,0
ADD,ethernet,15581558#48,1558#9,0
ADD,ethernet,15591559#48,1559#9,0
ADD,ethernet,15601560#48,1560#9,0
ADD,ethernet,15611561#48,1561#9,0
ADD,ethernet,15621562#48,1562#9,0
ADD,ethernet,15631563#48,1563#9,0
ADD,ethernet,15641564#48,1564#9,0
ADD,ethernet,15651565#48,1565#9,0
ADD,ethernet,15661566#48,1566#9,0
ADD,ethernet,15671567#48,1567#9,0
ADD,ethernet,15681568#48,1568#9,0
ADD,ethernet,15691569#48,1569#9,0
ADD,ethernet,15701570#48,1570#9,0
ADD,ethernet,15711571#48,1571#9,0
ADD,ethernet,15721572#48,1572#9,0
ADD,ethernet,15731573#48,1573#9,0
ADD,ethernet,15741574#48,1574#9,0
ADD,ethernet,15751575#48,1575#9,0
ADD,ethernet,15761576#48,1576#9,0
ADD,ethernet,15771577#48,1577#9,0
ADD,ethernet,15781578#48,1578#9,0
ADD,ethernet,15791579#48,1579#9,0
ADD,ethernet,15801580#48,1580#9,0
ADD,ethernet,15811581#48,1581#9,0
ADD,ethernet,15821582#48,1582#9,0
ADD,ethernet,15831583#48,1583#9,0
ADD,ethernet,15841584#48,1584#9,0
ADD,ethernet,15851585#48,1585#9,0
ADD,ethernet,15861586#48,1586#9,0
ADD,ethernet,15871587#48,1587#9,0
ADD,ethernet,15881588#48,1588#9,0
ADD,ethernet,15891589#48,1589#9,0
ADD,ethernet,15901590#48,1590#9,0
ADD,ethernet,15911591#48,1591#9,0
ADD,ethernet,15921592#48,1592#9,0
ADD,ethernet,15931593#48,1593#9,0
ADD,ethernet,15941594#48,1594#9,0
ADD,ethernet,15951595#48,1595#9,0
ADD,ethernet,15961596#48,1596#9,0
ADD,ethernet,15971597#48,1597#9,0
ADD,ethernet,15981598#48,1598#9,0
ADD,ethernet,15991599#48,1599#9,0
ADD,ethernet,16001600#48,1600#9,0
ADD,ethernet,16011601#48,1601#9,0
ADD,ethernet,16021602#48,1602#9,0
ADD,ethernet,16031603#48,1603#9,0
ADD,ethernet,16041604#48,1604#9,0
ADD,ethernet,16051605#48,1605#9,0
ADD,ethernet,16061606#48,1606#9,0
ADD,ethernet,16071607#48,1607#9,0
ADD,ethernet,16081608#48,1608#9,0
ADD,ethernet,16091609#48,1609#9,0
ADD,ethernet,16101610#48,1610#9,0
ADD,ethernet,16111611#48,1611#9,0
ADD,ethernet,16121612#48,1612#9,0
ADD,ethernet,16131613#48,1613#9,0
ADD,ethernet,16141614#48,1614#9,0
ADD,ethernet,16151615#48,1615#9,0
ADD,ethernet,16161616#48,1616#9,0
ADD,ethernet,16171617#48,1617#9,0
ADD,ethernet,16181618#48,1618#9,0
ADD,ethernet,16191619#48,1619#9,0
ADD,ethernet,16201620#48,1620#9,0
ADD,ethernet,16211621#48,1621#9,0
ADD,ethernet,16221622#48,1622#9,0
ADD,ethernet,16231623#48,1623#9,0
ADD,ethernet,16241624#48,1624#9,0
ADD,ethernet,16251625#48,1625#9,0
ADD,ethernet,16261626#48,1626#9,0
ADD,ethernet,16271627#48,1627#9,0
ADD,ethernet,16281628#48,1628#9,0
ADD,ethernet,16291629#48,1629#9,0
ADD,ethernet,16301630#48,1630#9,0
ADD,ethernet,16311631#48,1631#9,0
ADD,ethernet,16321632#48,1632#9,0
ADD,ethernet,16331633#48,1633#9,0
ADD,ethernet,16341634#48,1634#9,0
ADD,ethernet,16351635#48,1635#9,0
ADD,ethernet,16361636#48,1636#9,0
ADD,ethernet,16371637#48,1637#9,0
ADD,ethernet,16381638#48,1638#9,0
ADD,ethernet,16391639#48,1639#9,0
ADD,ethernet,16401640#48,1640#9,0
ADD,ethernet,16411641#48,1641#9,0
ADD,ethernet,16421642#48,1642#9,0
ADD,ethernet,16431643#48,1643#9,0
ADD,ethernet,16441644#48,1644#9,0
ADD,ethernet,16451645#48,1645#9,0
ADD,ethernet,16461646#48,1646#9,0
ADD,ethernet,16471647#48,1647#9,0
ADD,ethernet,16481648#48,1648#9,0
ADD,ethernet,16491649#48,1649#9,0
ADD,ethernet,16501650#48,1650#9,0
ADD,ethernet,16511651#48,1651#9,0
ADD,ethernet,16521652#48,1652#9,0
ADD,ethernet,16531653#48,1653#9,0
ADD,ethernet,16541654#48,1654#9,0
ADD,ethernet,16551655#48,1655#9,0
ADD,ethernet,16561656#48,1656#9,0
ADD,ethernet,16571657#48,1657#9,0
ADD,ethernet,16581658#48,1658#9,0
ADD,ethernet,16591659#48,1659#9,0
ADD,ethernet,16601660#48,1660#9,0
ADD,ethernet,16611661#48,1661#9,0
ADD,ethernet,16621662#48,1662#9,0
ADD,ethernet,16631663#48,1663#9,0
ADD,ethernet,16641664#48,1664#9,0
ADD,ethernet,16651665#48,1665#9,0
ADD,ethernet,16661666#48,1666#9,0
ADD,ethernet,16671667#48,1667#9,0
ADD,ethernet,16681668#48,1668#9,0
ADD,ethernet,16691669#48,1669#9,0
ADD,ethernet,16701670#48,1670#9,0
ADD,ethernet,16711671#48,1671#9,0
ADD,ethernet,16721672#48,1672#9,0
ADD,ethernet,16731673#48,1673#9,0
ADD,ethernet,16741674#48,1674#9,0
ADD,ethernet,16751675#48,1675#9,0
ADD,ethernet,16761676#48,1676#9,0
ADD,ethernet,16771677#48,1677#9,0
ADD,ethernet,16781678#48,1678#9,0
ADD,ethernet,16791679#48,1679#9,0
ADD,ethernet,16801680#48,1680#9,0
ADD,ethernet,16811681#48,1681#9,0
ADD,ethernet,16821682#48,1682#9,0
ADD,ethernet,16831683#48,1683#9,0
ADD,ethernet,16841684#48,1684#9,0
ADD,ethernet,16851685#48,1685#9,0
ADD,ethernet,16861686#48,1686#9,0
ADD,ethernet,16871687#48,1687#9,0
ADD,ethernet,16881688#48,1688#9,0
ADD,ethernet,16891689#48,1689#9,0
ADD,ethernet,16901690#48,1690#9,0
ADD,ethernet,16911691#48,1691#9,0
ADD,ethernet,16921692#48,1692#9,0
ADD,ethernet,16931693#48,1693#9,0
ADD,ethernet,16941694#48,1694#9,0
ADD,ethernet,16951695#48,1695#9,0
ADD,ethernet,16961696#48,1696#9,0
ADD,ethernet,16971697#48,1697#9,0
ADD,ethernet,16981698#48,1698#9,0
ADD,ethernet,16991699#48,1699#9,0
ADD,ethernet,17001700#48,1700#9,0
ADD,ethernet,17011701#48,1701#9,0
ADD,ethernet,17021702#48,1702#9,0
ADD,ethernet,17031703#48,1703#9,0
ADD,ethernet,17041704#48,1704#9,0
ADD,ethernet,17051705#48,1705#9,0
ADD,ethernet,17061706#48,1706#9,0
ADD,ethernet,17071707#48,1707#9,0
ADD,ethernet,17081708#48,1708#9,0
ADD,ethernet,17091709#48,1709#9,0
ADD,ethernet,17101710#48,1710#9,0
ADD,ethernet,17111711#48,1711#9,0
ADD,ethernet,17121712#48,1712#9,0
ADD,ethernet,17131713#48,1713#9,0
ADD,ethernet,17141714#48,1714#9,0
ADD,ethernet,17151715#48,1715#9,0
ADD,ethernet,17161716#48,1716#9,0
ADD,ethernet,17171717#48,1717#9,0
ADD,ethernet,17181718#48,1718#9,0
ADD,ethernet,17191719#48,1719#9,0
ADD,ethernet,17201720#48,1720#9,0
ADD,ethernet,17211721#48,1721#9,0
ADD,ethernet,17221722#48,1722#9,0
ADD,ethernet,17231723#48,1723#9,0
ADD,ethernet,17241724#48,1724#9,0
ADD,ethernet,17251725#48,1725#9,0
ADD,ethernet,17261726#48,1726#9,0
ADD,ethernet,17271727#48,1727#9,0
ADD,ethernet,17281728#48,1728#9,0
ADD,ethernet,17291729#48,1729#9,0
ADD,ethernet,17301730#48,1730#9,0
ADD,ethernet,17311731#48,1731#9,0
ADD,ethernet,17321732#48,1732#9,0
ADD,ethernet,17331733#48,1733#9,0
ADD,ethernet,17341734#48,1734#9,0
ADD,ethernet,17351735#48,1735#9,0
ADD,ethernet,17361736#48,1736#9,0
ADD,ethernet,17371737#48,1737#9,0
ADD,ethernet,17381738#48,1738#9,0
ADD,ethernet,17391739#48,1739#9,0
ADD,ethernet,17401740#48,1740#9,0
ADD,ethernet,17411741#48,1741#9,0
ADD,ethernet,17421742#48,1742#9,0
ADD,ethernet,17431743#48,1743#9,0
ADD,ethernet,17441744#48,1744#9,0
ADD,ethernet,17451745#48,1745#9,0
ADD,ethernet,17461746#48,1746#9,0
ADD,ethernet,17471747#48,1747#9,0
ADD,ethernet,17481748#48,1748#9,0
ADD,ethernet,17491749#48,1749#9,0
ADD,ethernet,17501750#48,1750#9,0
ADD,ethernet,17511751#48,1751#9,0
ADD,ethernet,17521752#48,1752#9,0
ADD,ethernet,17531753#48,1753#9,0
ADD,ethernet,17541754#48,1754#9,0
ADD,ethernet,17551755#48,1755#9,0
ADD,ethernet,17561756#48,1756#9,0
ADD,ethernet,17571757#48,1757#9,0
ADD,ethernet,17581758#48,1758#9,0
ADD,ethernet,17591759#48,1759#9,0
ADD,ethernet,17601760#48,1760#9,0
ADD,ethernet,17611761#48,1761#9,0
ADD,ethernet,17621762#48,1762#9,0
ADD,ethernet,17631763#48,1763#9,0
ADD,ethernet,17641764#48,1764#9,0
ADD,ethernet,17651765#48,1765#9,0
ADD,ethernet,17661766#48,1766#9,0
ADD,ethernet,17671767#48,1767#9,0
ADD,ethernet,17681768#48,1768#9,0
ADD,ethernet,17691769#48,1769#9,0
ADD,ethernet,17701770#48,1770#9,0
ADD,ethernet,17711771#48,1771#9,0
ADD,ethernet,17721772#48,1772#9,0
ADD,ethernet,17731773#48,1773#9,0
ADD,ethernet,17741774#48,1774#9,0
ADD,ethernet,17751775#48,1775#9,0
ADD,ethernet,17761776#48,1776#9,0
ADD,ethernet,17771777#48,1777#9,0
ADD,ethernet,17781778#48,1778#9,0
ADD,ethernet,17791779#48,1779#9,0
ADD,ethernet,17801780#48,1780#9,0
ADD,ethernet,17811781#48,1781#9,0
ADD,ethernet,17821782#48,1782#9,0
ADD,ethernet,17831783#48,1783#9,0
ADD,ethernet,17841784#48,1784#9,0
ADD,ethernet,17851785#48,1785#9,0
ADD,ethernet,17861786#48,1786#9,0
ADD,ethernet,17871787#48,1787#9,0
ADD,ethernet,17881788#48,1788#9,0
ADD,ethernet,17891789#48,1789#9,0
ADD,ethernet,17901790#48,1790#9,0
ADD,ethernet,17911791#48,1791#9,0
ADD,ethernet,17921792#48,1792#9,0
ADD,ethernet,17931793#48,1793#9,0
ADD,ethernet,17941794#48,1794#9,0
ADD,ethernet,17951795#48,1795#9,0
ADD,ethernet,17961796#48,1796#9,0
ADD,ethernet,17971797#48,1797#9,0
ADD,ethernet,17981798#48,1798#9,0
ADD,ethernet,17991799#48,1799#9,0
ADD,ethernet,18001800#48,1800#9,0
ADD,ethernet,18011801#48,1801#9,0
ADD,ethernet,18021802#48,1802#9,0
ADD,ethernet,18031803#48,1803#9,0
ADD,ethernet,18041804#48,1804#9,0
ADD,ethernet,18051805#48,1805#9,0
ADD,ethernet,18061806#48,1806#9,0
ADD,ethernet,18071807#48,1807#9,0
ADD,ethernet,18081808#48,1808#9,0
ADD,ethernet,18091809#48,1809#9,0
ADD,ethernet,18101810#48,1810#9,0
ADD,ethernet,18111811#48,1811#9,0
ADD,ethernet,18121812#48,1812#9,0
ADD,ethernet,18131813#48,1813#9,0
ADD,ethernet,18141814#48,1814#9,0
ADD,ethernet,18151815#48,1815#9,0
ADD,ethernet,18161816#48,1816#9,0
ADD,ethernet,18171817#48,1817#9,0
ADD,ethernet,18181818#48,1818#9,0
ADD,ethernet,18191819#48,1819#9,0
ADD,ethernet,18201820#48,1820#9,0
ADD,ethernet,18211821#48,1821#9,0
ADD,ethernet,18221822#48,1822#9,0
ADD,ethernet,18231823#48,1823#9,0
ADD,ethernet,18241824#48,1824#9,0
ADD,ethernet,18251825#48,1825#9,0
ADD,ethernet,18261826#48,1826#9,0
ADD,ethernet,18271827#48,1827#9,0
ADD,ethernet,18281828#48,1828#9,0
ADD,ethernet,18291829#48,1829#9,0
ADD,ethernet,18301830#48,1830#9,0
ADD,ethernet,18311831#48,1831#9,0
ADD,ethernet,18321832#48,1832#9,0
ADD,ethernet,18331833#48,1833#9,0
ADD,ethernet,18341834#48,1834#9,0
ADD,ethernet,18351835#48,1835#9,0
ADD,ethernet,18361836#48,1836#9,0
ADD,ethernet,18371837#48,1837#9,0
ADD,ethernet,18381838#48,1838#9,0
ADD,ethernet,18391839#48,1839#9,0
ADD,ethernet,18401840#48,1840#9,0
ADD,ethernet,18411841#48,1841#9,0
ADD,ethernet,18421842#48,1842#9,0
ADD,ethernet,18431843#48,1843#9,0
ADD,ethernet,18441844#48,1844#9,0
ADD,ethernet,18451845#48,1845#9,0
ADD,ethernet,18461846#48,1846#9,0
ADD,ethernet,18471847#48,1847#9,0
ADD,ethernet,18481848#48,1848#9,0
ADD,ethernet,18491849#48,1849#9,0
ADD,ethernet,18501850#48,1850#9,0
ADD,ethernet,18511851#48,1851#9,0
ADD,ethernet,18521852#48,1852#9,0
ADD,ethernet,18531853#48,1853#9,0
ADD,ethernet,18541854#48,1854#9,0
ADD,ethernet,18551855#48,1855#9,0
ADD,ethernet,18561856#48,1856#9,0
ADD,ethernet,18571857#48,1857#9,0
ADD,ethernet,18581858#48,1858#9,0
ADD,ethernet,18591859#48,1859#9,0
ADD,ethernet,18601860#48,1860#9,0
ADD,ethernet,18611861#48,1861#9,0
ADD,ethernet,18621862#48,1862#9,0
ADD,ethernet,18631863#48,1863#9,0
ADD,ethernet,18641864#48,1864#9,0
ADD,ethernet,18651865#48,1865#9,0
ADD,ethernet,18661866#48,1866#9,0
ADD,ethernet,18671867#48,1867#9,0
ADD,ethernet,18681868#48,1868#9,0
ADD,ethernet,18691869#48,1869#9,0
ADD,ethernet,18701870#48,1870#9,0
ADD,ethernet,18711871#48,1871#9,0
ADD,ethernet,18721872#48,1872#9,0
ADD,ethernet,18731873#48,1873#9,0
ADD,ethernet,18741874#48,1874#9,0
ADD,ethernet,18751875#48,1875#9,0
ADD,ethernet,18761876#48,1876#9,0
ADD,ethernet,18771877#48,1877#9,0
ADD,ethernet,18781878#48,1878#9,0
ADD,ethernet,18791879#48,1879#9,0
ADD,ethernet,18801880#48,1880#9,0
ADD,ethernet,18811881#48,1881#9,0
ADD,ethernet,18821882#48,1882#9,0
ADD,ethernet,18831883#48,1883#9,0
ADD,ethernet,18841884#48,1884#9,0
ADD,ethernet,18851885#48,1885#9,0
ADD,ethernet,18861886#48,1886#9,0
ADD,ethernet,18871887#48,1887#9,0
ADD,ethernet,18881888#48,1888#9,0
ADD,ethernet,18891889#48,1889#9,0
ADD,ethernet,18901890#48,1890#9,0
ADD,ethernet,18911891#48,1891#9,0
ADD,ethernet,18921892#48,1892#9,0
ADD,ethernet,18931893#48,1893#9,0
ADD,ethernet,18941894#48,1894#9,0
ADD,ethernet,18951895#48,1895#9,0
ADD,ethernet,18961896#48,1896#9,0
ADD,ethernet,18971897#48,1897#9,0
ADD,ethernet,18981898#48,1898#9,0
ADD,ethernet,18991899#48,1899#9,0
ADD,ethernet,19001900#48,1900#9,0
ADD,ethernet,19011901#48,1901#9,0
ADD,ethernet,19021902#48,1902#9,0
ADD,ethernet,19031903#48,1903#9,0
ADD,ethernet,19041904#48,1904#9,0
ADD,ethernet,19051905#48,1905#9,0
ADD,ethernet,19061906#48,1906#9,0
ADD,ethernet,19071907#48,1907#9,0
ADD,ethernet,19081908#48,1908#9,0
ADD,ethernet,19091909#48,1909#9,0
ADD,ethernet,19101910#48,1910#9,0
ADD,ethernet,19111911#48,1911#9,0
ADD,ethernet,19121912#48,1912#9,0
ADD,ethernet,19131913#48,1913#9,0
ADD,ethernet,19141914#48,1914#9,0
ADD,ethernet,19151915#48,1915#9,0
ADD,ethernet,19161916#48,1916#9,0
ADD,ethernet,19171917#48,1917#9,0
ADD,ethernet,19181918#48,1918#9,0
ADD,ethernet,19191919#48,1919#9,0
ADD,ethernet,19201920#48,1920#9,0
ADD,ethernet,19211921#48,1921#9,0
ADD,ethernet,19221922#48,1922#9,0
ADD,ethernet,19231923#48,1923#9,0
ADD,ethernet,19241924#48,1924#9,0
ADD,ethernet,19251925#48,1925#9,0
ADD,ethernet,19261926#48,1926#9,0
ADD,ethernet,19271927#48,1927#9,0
ADD,ethernet,19281928#48,1928#9,0
ADD,ethernet,19291929#48,1929#9,0
ADD,ethernet,19301930#48,1930#9,0
ADD,ethernet,19311931#48,1931#9,0
ADD,ethernet,19321932#48,1932#9,0
ADD,ethernet,19331933#48,1933#9,0
ADD,ethernet,19341934#48,1934#9,0
ADD,ethernet,19351935#48,1935#9,0
ADD,ethernet,19361936#48,1936#9,0
ADD,ethernet,19371937#48,1937#9,0
ADD,ethernet,19381938#48,1938#9,0
ADD,ethernet,19391939#48,1939#9,0
ADD,ethernet,19401940#48,1940#9,0
ADD,ethernet,19411941#48,1941#9,0
ADD,ethernet,19421942#48,1942#9,0
ADD,ethernet,19431943#48,1943#9,0
ADD,ethernet,19441944#48,1944#9,0
ADD,ethernet,19451945#48,1945#9,0
ADD,ethernet,19461946#48,1946#9,0
ADD,ethernet,19471947#48,1947#9,0
ADD,ethernet,19481948#48,1948#9,0
ADD,ethernet,19491949#48,1949#9,0
ADD,ethernet,19501950#48,1950#9,0
ADD,ethernet,19511951#48,1951#9,0
ADD,ethernet,19521952#48,1952#9,0
ADD,ethernet,19531953#48,1953#9,0
ADD,ethernet,19541954#48,1954#9,0
ADD,ethernet,19551955#48,1955#9,0
ADD,ethernet,19561956#48,1956#9,0
ADD,ethernet,19571957#48,1957#9,0
ADD,ethernet,19581958#48,1958#9,0
ADD,ethernet,19591959#48,1959#9,0
ADD,ethernet,19601960#48,1960#9,0
ADD,ethernet,19611961#48,1961#9,0
ADD,ethernet,19621962#48,1962#9,0
ADD,ethernet,19631963#48,1963#9,0
ADD,ethernet,19641964#48,1964#9,0
ADD,ethernet,19651965#48,1965#9,0
ADD,ethernet,19661966#48,1966#9,0
ADD,ethernet,19671967#48,1967#9,0
ADD,ethernet,19681968#48,1968#9,0
ADD,ethernet,19691969#48,1969#9,0
ADD,ethernet,19701970#48,1970#9,0
ADD,ethernet,19711971#48,1971#9,0
ADD,ethernet,19721972#48,1972#9,0
ADD,ethernet,19731973#48,1973#9,0
ADD,ethernet,19741974#48,1974#9,0
ADD,ethernet,19751975#48,1975#9,0
ADD,ethernet,19761976#48,1976#9,0
ADD,ethernet,19771977#48,1977#9,0
ADD,ethernet,19781978#48,1978#9,0
ADD,ethernet,19791979#48,1979#9,0
ADD,ethernet,19801980#48,1980#9,0
ADD,ethernet,19811981#48,1981#9,0
ADD,ethernet,19821982#48,1982#9,0
ADD,ethernet,19831983#48,1983#9,0
ADD,ethernet,19841984#48,1984#9,0
ADD,ethernet,19851985#48,1985#9,0
ADD,ethernet,19861986#48,1986#9,0
ADD,ethernet,19871987#48,1987#9,0
ADD,ethernet,19881988#48,1988#9,0
ADD,ethernet,19891989#48,1989#9,0
ADD,ethernet,19901990#48,1990#9,0
ADD,ethernet,19911991#48,1991#9,0
ADD,ethernet,19921992#48,1992#9,0
ADD,ethernet,19931993#48,1993#9,0
ADD,ethernet,19941994#48,1994#9,0
ADD,ethernet,19951995#48,1995#9,0
ADD,ethernet,19961996#48,1996#9,0
ADD,ethernet,19971997#48,1997#9,0
ADD,ethernet,19981998#48,1998#9,0
ADD,ethernet,19991999#48,1999#9,0
ADD,ethernet,20002000#48,2000#9,0
ADD,ethernet,20012001#48,2001#9,0
ADD,ethernet,20022002#48,2002#9,0
ADD,ethernet,20032003#48,2003#9,0
ADD,ethernet,20042004#48,2004#9,0
ADD,ethernet,20052005#48,2005#9,0
ADD,ethernet,20062006#48,2006#9,0
ADD,ethernet,20072007#48,2007#9,0
ADD,ethernet,20082008#48,2008#9,0
ADD,ethernet,20092009#48,2009#9,0
ADD,ethernet,20102010#48,2010#9,0
ADD,ethernet,20112011#48,2011#9,0
ADD,ethernet,20122012#48,2012#9,0
ADD,ethernet,20132013#48,2013#9,0
ADD,ethernet,20142014#48,2014#9,0
ADD,ethernet,20152015#48,2015#9,0
ADD,ethernet,20162016#48,2016#9,0
ADD,ethernet,20172017#48,2017#9,0
ADD,ethernet,20182018#48,2018#9,0
ADD,ethernet,20192019#48,2019#9,0
ADD,ethernet,20202020#48,2020#9,0
ADD,ethernet,20212021#48,2021#9,0
ADD,ethernet,20222022#48,2022#9,0
ADD,ethernet,20232023#48,2023#9,0
ADD,ethernet,20242024#48,2024#9,0
ADD,ethernet,20252025#48,2025#9,0
ADD,ethernet,20262026#48,2026#9,0
ADD,ethernet,20272027#48,2027#9,0
ADD,ethernet,20282028#48,2028#9,0
ADD,ethernet,20292029#48,2029#9,0
ADD,ethernet,20302030#48,2030#9,0
ADD,ethernet,20312031#48,2031#9,0
ADD,ethernet,20322032#48,2032#9,0
ADD,ethernet,20332033#48,2033#9,0
ADD,ethernet,20342034#48,2034#9,0
ADD,ethernet,20352035#48,2035#9,0
ADD,ethernet,20362036#48,2036#9,0
ADD,ethernet,20372037#48,2037#9,0
ADD,ethernet,20382038#48,2038#9,0
ADD,ethernet,20392039#48,2039#9,0
ADD,ethernet,20402040#48,2040#9,0
ADD,ethernet,20412041#48,2041#9,0
ADD,ethernet,20422042#48,2042#9,0
ADD,ethernet,20432043#48,2043#9,0
ADD,ethernet,20442044#48,2044#9,0
ADD,ethernet,20452045#48,2045#9,0
ADD,ethernet,20462046#48,2046#9,0
ADD,ethernet,20472047#48,2047#9,0
ADD,ethernet,20482048#48,2048#9,0
ADD,ethernet,20492049#48,2049#9,0
ADD,ethernet,20502050#48,2050#9,0
ADD,ethernet,20512051#48,2051#9,0
ADD,ethernet,20522052#48,2052#9,0
ADD,ethernet,20532053#48,2053#9,0
ADD,ethernet,20542054#48,2054#9,0
ADD,ethernet,20552055#48,2055#9,0
ADD,ethernet,20562056#48,2056#9,0
ADD,ethernet,20572057#48,2057#9,0
ADD,ethernet,20582058#48,2058#9,0
ADD,ethernet,20592059#48,2059#9,0
ADD,ethernet,20602060#48,2060#9,0
ADD,ethernet,20612061#48,2061#9,0
ADD,ethernet,20622062#48,2062#9,0
ADD,ethernet,20632063#48,2063#9,0
ADD,ethernet,20642064#48,2064#9,0
ADD,ethernet,20652065#48,2065#9,0
ADD,ethernet,20662066#48,2066#9,0
ADD,ethernet,20672067#48,2067#9,0
ADD,ethernet,20682068#48,2068#9,0
ADD,ethernet,20692069#48,2069#9,0
ADD,ethernet,20702070#48,2070#9,0
ADD,ethernet,20712071#48,2071#9,0
ADD,ethernet,20722072#48,2072#9,0
ADD,ethernet,20732073#48,2073#9,0
ADD,ethernet,20742074#48,2074#9,0
ADD,ethernet,20752075#48,2075#9,0
ADD,ethernet,20762076#48,2076#9,0
ADD,ethernet,20772077#48,2077#9,0
ADD,ethernet,20782078#48,2078#9,0
ADD,ethernet,20792079#48,2079#9,0
ADD,ethernet,20802080#48,2080#9,0
ADD,ethernet,20812081#48,2081#9,0
ADD,ethernet,20822082#48,2082#9,0
ADD,ethernet,20832083#48,2083#9,0
ADD,ethernet,20842084#48,2084#9,0
ADD,ethernet,20852085#48,2085#9,0
ADD,ethernet,20862086#48,2086#9,0
ADD,ethernet,20872087#48,2087#9,0
ADD,ethernet,20882088#48,2088#9,0
ADD,ethernet,20892089#48,2089#9,0
ADD,ethernet,20902090#48,2090#9,0
ADD,ethernet,20912091#48,2091#9,0
ADD,ethernet,20922092#48,2092#9,0
ADD,ethernet,20932093#48,2093#9,0
ADD,ethernet,20942094#48,2094#9,0
ADD,ethernet,20952095#48,2095#9,0
ADD,ethernet,20962096#48,2096#9,0
ADD,ethernet,20972097#48,2097#9,0
ADD,ethernet,20982098#48,2098#9,0
ADD,ethernet,20992099#48,2099#9,0
ADD,ethernet,21002100#48,2100#9,0
ADD,ethernet,21012101#48,2101#9,0
ADD,ethernet,21022102#48,2102#9,0
ADD,ethernet,21032103#48,2103#9,0
ADD,ethernet,21042104#48,2104#9,0
ADD,ethernet,21052105#48,2105#9,0
ADD,ethernet,21062106#48,2106#9,0
ADD,ethernet,21072107#48,2107#9,0
ADD,ethernet,21082108#48,2108#9,0
ADD,ethernet,21092109#48,2109#9,0
ADD,ethernet,21102110#48,2110#9,0
ADD,ethernet,21112111#48,2111#9,0
ADD,ethernet,21122112#48,2112#9,0
ADD,ethernet,21132113#48,2113#9,0
ADD,ethernet,21142114#48,2114#9,0
ADD,ethernet,21152115#48,2115#9,0
ADD,ethernet,21162116#48,2116#9,0
ADD,ethernet,21172117#48,2117#9,0
ADD,ethernet,21182118#48,2118#9,0
ADD,ethernet,21192119#48,2119#9,0
ADD,ethernet,21202120#48,2120#9,0
ADD,ethernet,21212121#48,2121#9,0
ADD,ethernet,21222122#48,2122#9,0
ADD,ethernet,21232123#48,2123#9,0
ADD,ethernet,21242124#48,2124#9,0
ADD,ethernet,21252125#48,2125#9,0
ADD,ethernet,21262126#48,2126#9,0
ADD,ethernet,21272127#48,2127#9,0
ADD,ethernet,21282128#48,2128#9,0
ADD,ethernet,21292129#48,2129#9,0
ADD,ethernet,21302130#48,2130#9,0
ADD,ethernet,21312131#48,2131#9,0
ADD,ethernet,21322132#48,2132#9,0
ADD,ethernet,21332133#48,2133#9,0
ADD,ethernet,21342134#48,2134#9,0
ADD,ethernet,21352135#48,2135#9,0
ADD,ethernet,21362136#48,2136#9,0
ADD,ethernet,21372137#48,2137#9,0
ADD,ethernet,21382138#48,2138#9,0
ADD,ethernet,21392139#48,2139#9,0
ADD,ethernet,21402140#48,2140#9,0
ADD,ethernet,21412141#48,2141#9,0
ADD,ethernet,21422142#48,2142#9,0
ADD,ethernet,21432143#48,2143#9,0
ADD,ethernet,21442144#48,2144#9,0
ADD,ethernet,21452145#48,2145#9,0
ADD,ethernet,21462146#48,2146#9,0
ADD,ethernet,21472147#48,2147#9,0
ADD,ethernet,21482148#48,2148#9,0
ADD,ethernet,21492149#48,2149#9,0
ADD,ethernet,21502150#48,2150#9,0
ADD,ethernet,21512151#48,2151#9,0
ADD,ethernet,21522152#48,2152#9,0
ADD,ethernet,21532153#48,2153#9,0
ADD,ethernet,21542154#48,2154#9,0
ADD,ethernet,21552155#48,2155#9,0
ADD,ethernet,21562156#48,2156#9,0
ADD,ethernet,21572157#48,2157#9,0
ADD,ethernet,21582158#48,2158#9,0
ADD,ethernet,21592159#48,2159#9,0
ADD,ethernet,21602160#48,2160#9,0
ADD,ethernet,21612161#48,2161#9,0
ADD,ethernet,21622162#48,2162#9,0
ADD,ethernet,21632163#48,2163#9,0
ADD,ethernet,21642164#48,2164#9,0
ADD,ethernet,21652165#48,2165#9,0
ADD,ethernet,21662166#48,2166#9,0
ADD,ethernet,21672167#48,2167#9,0
ADD,ethernet,21682168#48,2168#9,0
ADD,ethernet,21692169#48,2169#9,0
ADD,ethernet,21702170#48,2170#9,0
ADD,ethernet,21712171#48,2171#9,0
ADD,ethernet,21722172#48,2172#9,0
ADD,ethernet,21732173#48,2173#9,0
ADD,ethernet,21742174#48,2174#9,0
ADD,ethernet,21752175#48,2175#9,0
ADD,ethernet,21762176#48,2176#9,0
ADD,ethernet,21772177#48,2177#9,0
ADD,ethernet,21782178#48,2178#9,0
ADD,ethernet,21792179#48,2179#9,0
ADD,ethernet,21802180#48,2180#9,0
ADD,ethernet,21812181#48,2181#9,0
ADD,ethernet,21822182#48,2182#9,0
ADD,ethernet,21832183#48,2183#9,0
ADD,ethernet,21842184#48,2184#9,0
ADD,ethernet,21852185#48,2185#9,0
ADD,ethernet,21862186#48,2186#9,0
ADD,ethernet,21872187#48,2187#9,0
ADD,ethernet,21882188#48,2188#9,0
ADD,ethernet,21892189#48,2189#9,0
ADD,ethernet,21902190#48,2190#9,0
ADD,ethernet,21912191#48,2191#9,0
ADD,ethernet,21922192#48,2192#9,0
ADD,ethernet,21932193#48,2193#9,0
ADD,ethernet,21942194#48,2194#9,0
ADD,ethernet,21952195#48,2195#9,0
ADD,ethernet,21962196#48,2196#9,0
ADD,ethernet,21972197#48,2197#9,0
ADD,ethernet,21982198#48,2198#9,0
ADD,ethernet,21992199#48,2199#9,0
ADD,ethernet,22002200#48,2200#9,0
ADD,ethernet,22012201#48,2201#9,0
ADD,ethernet,22022202#48,2202#9,0
ADD,ethernet,22032203#48,2203#9,0
ADD,ethernet,22042204#48,2204#9,0
ADD,ethernet,22052205#48,2205#9,0
ADD,ethernet,22062206#48,2206#9,0
ADD,ethernet,22072207#48,2207#9,0
ADD,ethernet,22082208#48,2208#9,0
ADD,ethernet,22092209#48,2209#9,0
ADD,ethernet,22102210#48,2210#9,0
ADD,ethernet,22112211#48,2211#9,0
ADD,ethernet,22122212#48,2212#9,0
ADD,ethernet,22132213#48,2213#9,0
ADD,ethernet,22142214#48,2214#9,0
ADD,ethernet,22152215#48,2215#9,0
ADD,ethernet,22162216#48,2216#9,0
ADD,ethernet,22172217#48,2217#9,0
ADD,ethernet,22182218#48,2218#9,0
ADD,ethernet,22192219#48,2219#9,0
ADD,ethernet,22202220#48,2220#9,0
ADD,ethernet,22212221#48,2221#9,0
ADD,ethernet,22222222#48,2222#9,0
ADD,ethernet,22232223#48,2223#9,0
ADD,ethernet,22242224#48,2224#9,0
ADD,ethernet,22252225#48,2225#9,0
ADD,ethernet,22262226#48,2226#9,0
ADD,ethernet,22272227#48,2227#9,0
ADD,ethernet,22282228#48,2228#9,0
ADD,ethernet,22292229#48,2229#9,0
ADD,ethernet,22302230#48,2230#9,0
ADD,ethernet,22312231#48,2231#9,0
ADD,ethernet,22322232#48,2232#9,0
ADD,ethernet,22332233#48,2233#9,0
ADD,ethernet,22342234#48,2234#9,0
ADD,ethernet,22352235#48,2235#9,0
ADD,ethernet,22362236#48,2236#9,0
ADD,ethernet,22372237#48,2237#9,0
ADD,ethernet,22382238#48,2238#9,0
ADD,ethernet,22392239#48,2239#9,0
ADD,ethernet,22402240#48,2240#9,0
ADD,ethernet,22412241#48,2241#9,0
ADD,ethernet,22422242#48,2242#9,0
ADD,ethernet,22432243#48,2243#9,0
ADD,ethernet,22442244#48,2244#9,0
ADD,ethernet,22452245#48,2245#9,0
ADD,ethernet,22462246#48,2246#9,0
ADD,ethernet,22472247#48,2247#9,0
ADD,ethernet,22482248#48,2248#9,0
ADD,ethernet,22492249#48,2249#9,0
ADD,ethernet,22502250#48,2250#9,0
ADD,ethernet,22512251#48,2251#9,0
ADD,ethernet,22522252#48,2252#9,0
ADD,ethernet,22532253#48,2253#9,0
ADD,ethernet,22542254#48,2254#9,0
ADD,ethernet,22552255#48,2255#9,0
ADD,ethernet,22562256#48,2256#9,0
ADD,ethernet,22572257#48,2257#9,0
ADD,ethernet,22582258#48,2258#9,0
ADD,ethernet,22592259#48,2259#9,0
ADD,ethernet,22602260#48,2260#9,0
ADD,ethernet,22612261#48,2261#9,0
ADD,ethernet,22622262#48,2262#9,0
ADD,ethernet,22632263#48,2263#9,0
ADD,ethernet,22642264#48,2264#9,0
ADD,ethernet,22652265#48,2265#9,0
ADD,ethernet,22662266#48,2266#9,0
ADD,ethernet,22672267#48,2267#9,0
ADD,ethernet,22682268#48,2268#9,0
ADD,ethernet,22692269#48,2269#9,0
ADD,ethernet,22702270#48,2270#9,0
ADD,ethernet,22712271#48,2271#9,0
ADD,ethernet,22722272#48,2272#9,0
ADD,ethernet,22732273#48,2273#9,0
ADD,ethernet,22742274#48,2274#9,0
ADD,ethernet,22752275#48,2275#9,0
ADD,ethernet,22762276#48,2276#9,0
ADD,ethernet,22772277#48,2277#9,0
ADD,ethernet,22782278#48,2278#9,0
ADD,ethernet,22792279#48,2279#9,0
ADD,ethernet,22802280#48,2280#9,0
ADD,ethernet,22812281#48,2281#9,0
ADD,ethernet,22822282#48,2282#9,0
ADD,ethernet,22832283#48,2283#9,0
ADD,ethernet,22842284#48,2284#9,0
ADD,ethernet,22852285#48,2285#9,0
ADD,ethernet,22862286#48,2286#9,0
ADD,ethernet,22872287#48,2287#9,0
ADD,ethernet,22882288#48,2288#9,0
ADD,ethernet,22892289#48,2289#9,0
ADD,ethernet,22902290#48,2290#9,0
ADD,ethernet,22912291#48,2291#9,0
ADD,ethernet,22922292#48,2292#9,0
ADD,ethernet,22932293#48,2293#9,0
ADD,ethernet,22942294#48,2294#9,0
ADD,ethernet,22952295#48,2295#9,0
ADD,ethernet,22962296#48,2296#9,0
ADD,ethernet,22972297#48,2297#9,0
ADD,ethernet,22982298#48,2298#9,0
ADD,ethernet,22992299#48,2299#9,0
ADD,ethernet,23002300#48,2300#9,0
ADD,ethernet,23012301#48,2301#9,0
ADD,ethernet,23022302#48,2302#9,0
ADD,ethernet,23032303#48,2303#9,0
ADD,ethernet,23042304#48,2304#9,0
ADD,ethernet,23052305#48,2305#9,0
ADD,ethernet,23062306#48,2306#9,0
ADD,ethernet,23072307#48,2307#9,0
ADD,ethernet,23082308#48,2308#9,0
ADD,ethernet,23092309#48,2309#9,0
ADD,ethernet,23102310#48,2310#9,0
ADD,ethernet,23112311#48,2311#9,0
ADD,ethernet,23122312#48,2312#9,0
ADD,ethernet,23132313#48,2313#9,0
ADD,ethernet,23142314#48,2314#9,0
ADD,ethernet,23152315#48,2315#9,0
ADD,ethernet,23162316#48,2316#9,0
ADD,ethernet,23172317#48,2317#9,0
ADD,ethernet,23182318#48,2318#9,0
ADD,ethernet,23192319#48,2319#9,0
ADD,ethernet,23202320#48,2320#9,0
ADD,ethernet,23212321#48,2321#9,0
ADD,ethernet,23222322#48,2322#9,0
ADD,ethernet,23232323#48,2323#9,0
ADD,ethernet,23242324#48,2324#9,0
ADD,ethernet,23252325#48,2325#9,0
ADD,ethernet,23262326#48,2326#9,0
ADD,ethernet,23272327#48,2327#9,0
ADD,ethernet,23282328#48,2328#9,0
ADD,ethernet,23292329#48,2329#9,0
ADD,ethernet,23302330#48,2330#9,0
ADD,ethernet,23312331#48,2331#9,0
ADD,ethernet,23322332#48,2332#9,0
ADD,ethernet,23332333#48,2333#9,0
ADD,ethernet,23342334#48,2334#9,0
ADD,ethernet,23352335#48,2335#9,0
ADD,ethernet,23362336#48,2336#9,0
ADD,ethernet,23372337#48,2337#9,0
ADD,ethernet,23382338#48,2338#9,0
ADD,ethernet,23392339#48,2339#9,0
ADD,ethernet,23402340#48,2340#9,0
ADD,ethernet,23412341#48,2341#9,0
ADD,ethernet,23422342#48,2342#9,0
ADD,ethernet,23432343#48,2343#9,0
ADD,ethernet,23442344#48,2344#9,0
ADD,ethernet,23452345#48,2345#9,0
ADD,ethernet,23462346#48,2346#9,0
ADD,ethernet,23472347#48,2347#9,0
ADD,ethernet,23482348#48,2348#9,0
ADD,ethernet,23492349#48,2349#9,0
ADD,ethernet,23502350#48,2350#9,0
ADD,ethernet,23512351#48,2351#9,0
ADD,ethernet,23522352#48,2352#9,0
ADD,ethernet,23532353#48,2353#9,0
ADD,ethernet,23542354#48,2354#9,0
ADD,ethernet,23552355#48,2355#9,0
ADD,ethernet,23562356#48,2356#9,0
ADD,ethernet,23572357#48,2357#9,0
ADD,ethernet,23582358#48,2358#9,0
ADD,ethernet,23592359#48,2359#9,0
ADD,ethernet,23602360#48,2360#9,0
ADD,ethernet,23612361#48,2361#9,0
ADD,ethernet,23622362#48,2362#9,0
ADD,ethernet,23632363#48,2363#9,0
ADD,ethernet,23642364#48,2364#9,0
ADD,ethernet,23652365#48,2365#9,0
ADD,ethernet,23662366#48,2366#9,0
ADD,ethernet,23672367#48,2367#9,0
ADD,ethernet,23682368#48,2368#9,0
ADD,ethernet,23692369#48,2369#9,0
ADD,ethernet,23702370#48,2370#9,0
ADD,ethernet,23712371#48,2371#9,0
ADD,ethernet,23722372#48,2372#9,0
ADD,ethernet,23732373#48,2373#9,0
ADD,ethernet,23742374#48,2374#9,0
ADD,ethernet,23752375#48,2375#9,0
ADD,ethernet,23762376#48,2376#9,0
ADD,ethernet,23772377#48,2377#9,0
ADD,ethernet,23782378#48,2378#9,0
ADD,ethernet,23792379#48,2379#9,0
ADD,ethernet,23802380#48,2380#9,0
ADD,ethernet,23812381#48,2381#9,0
ADD,ethernet,23822382#48,2382#9,0
ADD,ethernet,23832383#48,2383#9,0
ADD,ethernet,23842384#48,2384#9,0
ADD,ethernet,23852385#48,2385#9,0
ADD,ethernet,23862386#48,2386#9,0
ADD,ethernet,23872387#48,2387#9,0
ADD,ethernet,23882388#48,2388#9,0
ADD,ethernet,23892389#48,2389#9,0
ADD,ethernet,23902390#48,2390#9,0
ADD,ethernet,23912391#48,2391#9,0
ADD,ethernet,23922392#48,2392#9,0
ADD,ethernet,23932393#48,2393#9,0
ADD,ethernet,23942394#48,2394#9,0
ADD,ethernet,23952395#48,2395#9,0
ADD,ethernet,23962396#48,2396#9,0
ADD,ethernet,23972397#48,2397#9,0
ADD,ethernet,23982398#48,2398#9,0
ADD,ethernet,23992399#48,2399#9,0
ADD,ethernet,24002400#48,2400#9,0
ADD,ethernet,24012401#48,2401#9,0
ADD,ethernet,24022402#48,2402#9,0
ADD,ethernet,24032403#48,2403#9,0
ADD,ethernet,24042404#48,2404#9,0
ADD,ethernet,24052405#48,2405#9,0
ADD,ethernet,24062406#48,2406#9,0
ADD,ethernet,24072407#48,2407#9,0
ADD,ethernet,24082408#48,2408#9,0
ADD,ethernet,24092409#48,2409#9,0
ADD,ethernet,24102410#48,2410#9,0
ADD,ethernet,24112411#48,2411#9,0
ADD,ethernet,24122412#48,2412#9,0
ADD,ethernet,24132413#48,2413#9,0
ADD,ethernet,24142414#48,2414#9,0
ADD,ethernet,24152415#48,2415#9,0
ADD,ethernet,24162416#48,2416#9,0
ADD,ethernet,24172417#48,2417#9,0
ADD,ethernet,24182418#48,2418#9,0
ADD,ethernet,24192419#48,2419#9,0
ADD,ethernet,24202420#48,2420#9,0
ADD,ethernet,24212421#48,2421#9,0
ADD,ethernet,24222422#48,2422#9,0
ADD,ethernet,24232423#48,2423#9,0
ADD,ethernet,24242424#48,2424#9,0
ADD,ethernet,24252425#48,2425#9,0
ADD,ethernet,24262426#48,2426#9,0
ADD,ethernet,24272427#48,2427#9,0
ADD,ethernet,24282428#48,2428#9,0
ADD,ethernet,24292429#48,2429#9,0
ADD,ethernet,24302430#48,2430#9,0
ADD,ethernet,24312431#48,2431#9,0
ADD,ethernet,24322432#48,2432#9,0
ADD,ethernet,24332433#48,2433#9,0
ADD,ethernet,24342434#48,2434#9,0
ADD,ethernet,24352435#48,2435#9,0
ADD,ethernet,24362436#48,2436#9,0
ADD,ethernet,24372437#48,2437#9,0
ADD,ethernet,24382438#48,2438#9,0
ADD,ethernet,24392439#48,2439#9,0
ADD,ethernet,24402440#48,2440#9,0
ADD,ethernet,24412441#48,2441#9,0
ADD,ethernet,24422442#48,2442#9,0
ADD,ethernet,24432443#48,2443#9,0
ADD,ethernet,24442444#48,2444#9,0
ADD,ethernet,24452445#48,2445#9,0
ADD,ethernet,24462446#48,2446#9,0
ADD,ethernet,24472447#48,2447#9,0
ADD,ethernet,24482448#48,2448#9,0
ADD,ethernet,24492449#48,2449#9,0
ADD,ethernet,24502450#48,2450#9,0
ADD,ethernet,24512451#48,2451#9,0
ADD,ethernet,24522452#48,2452#9,0
ADD,ethernet,24532453#48,2453#9,0
ADD,ethernet,24542454#48,2454#9,0
ADD,ethernet,24552455#48,2455#9,0
ADD,ethernet,24562456#48,2456#9,0
ADD,ethernet,24572457#48,2457#9,0
ADD,ethernet,24582458#48,2458#9,0
ADD,ethernet,24592459#48,2459#9,0
ADD,ethernet,24602460#48,2460#9,0
ADD,ethernet,24612461#48,2461#9,0
ADD,ethernet,24622462#48,2462#9,0
ADD,ethernet,24632463#48,2463#9,0
ADD,ethernet,24642464#48,2464#9,0
ADD,ethernet,24652465#48,2465#9,0
ADD,ethernet,24662466#48,2466#9,0
ADD,ethernet,24672467#48,2467#9,0
ADD,ethernet,24682468#48,2468#9,0
ADD,ethernet,24692469#48,2469#9,0
ADD,ethernet,24702470#48,2470#9,0
ADD,ethernet,24712471#48,2471#9,0
ADD,ethernet,24722472#48,2472#9,0
ADD,ethernet,24732473#48,2473#9,0
ADD,ethernet,24742474#48,2474#9,0
ADD,ethernet,24752475#48,2475#9,0
ADD,ethernet,24762476#48,2476#9,0
ADD,ethernet,24772477#48,2477#9,0
ADD,ethernet,24782478#48,2478#9,0
ADD,ethernet,24792479#48,2479#9,0
ADD,ethernet,24802480#48,2480#9,0
ADD,ethernet,24812481#48,2481#9,0
ADD,ethernet,24822482#48,2482#9,0
ADD,ethernet,24832483#48,2483#9,0
ADD,ethernet,24842484#48,2484#9,0
ADD,ethernet,24852485#48,2485#9,0
ADD,ethernet,24862486#48,2486#9,0
ADD,ethernet,24872487#48,2487#9,0
ADD,ethernet,24882488#48,2488#9,0
ADD,ethernet,24892489#48,2489#9,0
ADD,ethernet,24902490#48,2490#9,0
ADD,ethernet,24912491#48,2491#9,0
ADD,ethernet,24922492#48,2492#9,0
ADD,ethernet,24932493#48,2493#9,0
ADD,ethernet,24942494#48,2494#9,0
ADD,ethernet,24952495#48,2495#9,0
ADD,ethernet,24962496#48,2496#9,0
ADD,ethernet,24972497#48,2497#9,0
ADD,ethernet,24982498#48,2498#9,0
ADD,ethernet,24992499#48,2499#9,0
ADD,ethernet,25002500#48,2500#9,0
ADD,ipv4,10.0.0.2/32#32,22#48;2#9,0
ADD,ipv4,10.0.0.3/32#32,33#48;3#9,0
ADD,ipv4,10.0.0.4/32#32,44#48;4#9,0
ADD,ipv4,10.0.0.5/32#32,55#48;5#9,0
ADD,ipv4,10.0.0.6/32#32,66#48;6#9,0
ADD,ipv4,10.0.0.7/32#32,77#48;7#9,0
ADD,ipv4,10.0.0.8/32#32,88#48;8#9,0
ADD,ipv4,10.0.0.9/32#32,99#48;9#9,0
ADD,ipv4,10.0.0.10/32#32,1010#48;10#9,0
ADD,ipv4,10.0.0.11/32#32,1111#48;11#9,0
ADD,ipv4,10.0.0.12/32#32,1212#48;12#9,0
ADD,ipv4,10.0.0.13/32#32,1313#48;13#9,0
ADD,ipv4,10.0.0.14/32#32,1414#48;14#9,0
ADD,ipv4,10.0.0.15/32#32,1515#48;15#9,0
ADD,ipv4,10.0.0.16/32#32,1616#48;16#9,0
ADD,ipv4,10.0.0.17/32#32,1717#48;17#9,0
ADD,ipv4,10.0.0.18/32#32,1818#48;18#9,0
ADD,ipv4,10.0.0.19/32#32,1919#48;19#9,0
ADD,ipv4,10.0.0.20/32#32,2020#48;20#9,0
ADD,ipv4,10.0.0.21/32#32,2121#48;21#9,0
ADD,ipv4,10.0.0.22/32#32,2222#48;22#9,0
ADD,ipv4,10.0.0.23/32#32,2323#48;23#9,0
ADD,ipv4,10.0.0.24/32#32,2424#48;24#9,0
ADD,ipv4,10.0.0.25/32#32,2525#48;25#9,0
ADD,ipv4,10.0.0.26/32#32,2626#48;26#9,0
ADD,ipv4,10.0.0.27/32#32,2727#48;27#9,0
ADD,ipv4,10.0.0.28/32#32,2828#48;28#9,0
ADD,ipv4,10.0.0.29/32#32,2929#48;29#9,0
ADD,ipv4,10.0.0.30/32#32,3030#48;30#9,0
ADD,ipv4,10.0.0.31/32#32,3131#48;31#9,0
ADD,ipv4,10.0.0.32/32#32,3232#48;32#9,0
ADD,ipv4,10.0.0.33/32#32,3333#48;33#9,0
ADD,ipv4,10.0.0.34/32#32,3434#48;34#9,0
ADD,ipv4,10.0.0.35/32#32,3535#48;35#9,0
ADD,ipv4,10.0.0.36/32#32,3636#48;36#9,0
ADD,ipv4,10.0.0.37/32#32,3737#48;37#9,0
ADD,ipv4,10.0.0.38/32#32,3838#48;38#9,0
ADD,ipv4,10.0.0.39/32#32,3939#48;39#9,0
ADD,ipv4,10.0.0.40/32#32,4040#48;40#9,0
ADD,ipv4,10.0.0.41/32#32,4141#48;41#9,0
ADD,ipv4,10.0.0.42/32#32,4242#48;42#9,0
ADD,ipv4,10.0.0.43/32#32,4343#48;43#9,0
ADD,ipv4,10.0.0.44/32#32,4444#48;44#9,0
ADD,ipv4,10.0.0.45/32#32,4545#48;45#9,0
ADD,ipv4,10.0.0.46/32#32,4646#48;46#9,0
ADD,ipv4,10.0.0.47/32#32,4747#48;47#9,0
ADD,ipv4,10.0.0.48/32#32,4848#48;48#9,0
ADD,ipv4,10.0.0.49/32#32,4949#48;49#9,0
ADD,ipv4,10.0.0.50/32#32,5050#48;50#9,0
ADD,ipv4,10.0.0.51/32#32,5151#48;51#9,0
ADD,ipv4,10.0.0.52/32#32,5252#48;52#9,0
ADD,ipv4,10.0.0.53/32#32,5353#48;53#9,0
ADD,ipv4,10.0.0.54/32#32,5454#48;54#9,0
ADD,ipv4,10.0.0.55/32#32,5555#48;55#9,0
ADD,ipv4,10.0.0.56/32#32,5656#48;56#9,0
ADD,ipv4,10.0.0.57/32#32,5757#48;57#9,0
ADD,ipv4,10.0.0.58/32#32,5858#48;58#9,0
ADD,ipv4,10.0.0.59/32#32,5959#48;59#9,0
ADD,ipv4,10.0.0.60/32#32,6060#48;60#9,0
ADD,ipv4,10.0.0.61/32#32,6161#48;61#9,0
ADD,ipv4,10.0.0.62/32#32,6262#48;62#9,0
ADD,ipv4,10.0.0.63/32#32,6363#48;63#9,0
ADD,ipv4,10.0.0.64/32#32,6464#48;64#9,0
ADD,ipv4,10.0.0.65/32#32,6565#48;65#9,0
ADD,ipv4,10.0.0.66/32#32,6666#48;66#9,0
ADD,ipv4,10.0.0.67/32#32,6767#48;67#9,0
ADD,ipv4,10.0.0.68/32#32,6868#48;68#9,0
ADD,ipv4,10.0.0.69/32#32,6969#48;69#9,0
ADD,ipv4,10.0.0.70/32#32,7070#48;70#9,0
ADD,ipv4,10.0.0.71/32#32,7171#48;71#9,0
ADD,ipv4,10.0.0.72/32#32,7272#48;72#9,0
ADD,ipv4,10.0.0.73/32#32,7373#48;73#9,0
ADD,ipv4,10.0.0.74/32#32,7474#48;74#9,0
ADD,ipv4,10.0.0.75/32#32,7575#48;75#9,0
ADD,ipv4,10.0.0.76/32#32,7676#48;76#9,0
ADD,ipv4,10.0.0.77/32#32,7777#48;77#9,0
ADD,ipv4,10.0.0.78/32#32,7878#48;78#9,0
ADD,ipv4,10.0.0.79/32#32,7979#48;79#9,0
ADD,ipv4,10.0.0.80/32#32,8080#48;80#9,0
ADD,ipv4,10.0.0.81/32#32,8181#48;81#9,0
ADD,ipv4,10.0.0.82/32#32,8282#48;82#9,0
ADD,ipv4,10.0.0.83/32#32,8383#48;83#9,0
ADD,ipv4,10.0.0.84/32#32,8484#48;84#9,0
ADD,ipv4,10.0.0.85/32#32,8585#48;85#9,0
ADD,ipv4,10.0.0.86/32#32,8686#48;86#9,0
ADD,ipv4,10.0.0.87/32#32,8787#48;87#9,0
ADD,ipv4,10.0.0.88/32#32,8888#48;88#9,0
ADD,ipv4,10.0.0.89/32#32,8989#48;89#9,0
ADD,ipv4,10.0.0.90/32#32,9090#48;90#9,0
ADD,ipv4,10.0.0.91/32#32,9191#48;91#9,0
ADD,ipv4,10.0.0.92/32#32,9292#48;92#9,0
ADD,ipv4,10.0.0.93/32#32,9393#48;93#9,0
ADD,ipv4,10.0.0.94/32#32,9494#48;94#9,0
ADD,ipv4,10.0.0.95/32#32,9595#48;95#9,0
ADD,ipv4,10.0.0.96/32#32,9696#48;96#9,0
ADD,ipv4,10.0.0.97/32#32,9797#48;97#9,0
ADD,ipv4,10.0.0.98/32#32,9898#48;98#9,0
ADD,ipv4,10.0.0.99/32#32,9999#48;99#9,0
ADD,ipv4,10.0.0.100/32#32,100100#48;100#9,0
ADD,ipv4,10.0.0.101/32#32,101101#48;101#9,0
ADD,ipv4,10.0.0.102/32#32,102102#48;102#9,0
ADD,ipv4,10.0.0.103/32#32,103103#48;103#9,0
ADD,ipv4,10.0.0.104/32#32,104104#48;104#9,0
ADD,ipv4,10.0.0.105/32#32,105105#48;105#9,0
ADD,ipv4,10.0.0.106/32#32,106106#48;106#9,0
ADD,ipv4,10.0.0.107/32#32,107107#48;107#9,0
ADD,ipv4,10.0.0.108/32#32,108108#48;108#9,0
ADD,ipv4,10.0.0.109/32#32,109109#48;109#9,0
ADD,ipv4,10.0.0.110/32#32,110110#48;110#9,0
ADD,ipv4,10.0.0.111/32#32,111111#48;111#9,0
ADD,ipv4,10.0.0.112/32#32,112112#48;112#9,0
ADD,ipv4,10.0.0.113/32#32,113113#48;113#9,0
ADD,ipv4,10.0.0.114/32#32,114114#48;114#9,0
ADD,ipv4,10.0.0.115/32#32,115115#48;115#9,0
ADD,ipv4,10.0.0.116/32#32,116116#48;116#9,0
ADD,ipv4,10.0.0.117/32#32,117117#48;117#9,0
ADD,ipv4,10.0.0.118/32#32,118118#48;118#9,0
ADD,ipv4,10.0.0.119/32#32,119119#48;119#9,0
ADD,ipv4,10.0.0.120/32#32,120120#48;120#9,0
ADD,ipv4,10.0.0.121/32#32,121121#48;121#9,0
ADD,ipv4,10.0.0.122/32#32,122122#48;122#9,0
ADD,ipv4,10.0.0.123/32#32,123123#48;123#9,0
ADD,ipv4,10.0.0.124/32#32,124124#48;124#9,0
ADD,ipv4,10.0.0.125/32#32,125125#48;125#9,0
ADD,ipv4,10.0.0.126/32#32,126126#48;126#9,0
ADD,ipv4,10.0.0.127/32#32,127127#48;127#9,0
ADD,ipv4,10.0.0.128/32#32,128128#48;128#9,0
ADD,ipv4,10.0.0.129/32#32,129129#48;129#9,0
ADD,ipv4,10.0.0.130/32#32,130130#48;130#9,0
ADD,ipv4,10.0.0.131/32#32,131131#48;131#9,0
ADD,ipv4,10.0.0.132/32#32,132132#48;132#9,0
ADD,ipv4,10.0.0.133/32#32,133133#48;133#9,0
ADD,ipv4,10.0.0.134/32#32,134134#48;134#9,0
ADD,ipv4,10.0.0.135/32#32,135135#48;135#9,0
ADD,ipv4,10.0.0.136/32#32,136136#48;136#9,0
ADD,ipv4,10.0.0.137/32#32,137137#48;137#9,0
ADD,ipv4,10.0.0.138/32#32,138138#48;138#9,0
ADD,ipv4,10.0.0.139/32#32,139139#48;139#9,0
ADD,ipv4,10.0.0.140/32#32,140140#48;140#9,0
ADD,ipv4,10.0.0.141/32#32,141141#48;141#9,0
ADD,ipv4,10.0.0.142/32#32,142142#48;142#9,0
ADD,ipv4,10.0.0.143/32#32,143143#48;143#9,0
ADD,ipv4,10.0.0.144/32#32,144144#48;144#9,0
ADD,ipv4,10.0.0.145/32#32,145145#48;145#9,0
ADD,ipv4,10.0.0.146/32#32,146146#48;146#9,0
ADD,ipv4,10.0.0.147/32#32,147147#48;147#9,0
ADD,ipv4,10.0.0.148/32#32,148148#48;148#9,0
ADD,ipv4,10.0.0.149/32#32,149149#48;149#9,0
ADD,ipv4,10.0.0.150/32#32,150150#48;150#9,0
ADD,ipv4,10.0.0.151/32#32,151151#48;151#9,0
ADD,ipv4,10.0.0.152/32#32,152152#48;152#9,0
ADD,ipv4,10.0.0.153/32#32,153153#48;153#9,0
ADD,ipv4,10.0.0.154/32#32,154154#48;154#9,0
ADD,ipv4,10.0.0.155/32#32,155155#48;155#9,0
ADD,ipv4,10.0.0.156/32#32,156156#48;156#9,0
ADD,ipv4,10.0.0.157/32#32,157157#48;157#9,0
ADD,ipv4,10.0.0.158/32#32,158158#48;158#9,0
ADD,ipv4,10.0.0.159/32#32,159159#48;159#9,0
ADD,ipv4,10.0.0.160/32#32,160160#48;160#9,0
ADD,ipv4,10.0.0.161/32#32,161161#48;161#9,0
ADD,ipv4,10.0.0.162/32#32,162162#48;162#9,0
ADD,ipv4,10.0.0.163/32#32,163163#48;163#9,0
ADD,ipv4,10.0.0.164/32#32,164164#48;164#9,0
ADD,ipv4,10.0.0.165/32#32,165165#48;165#9,0
ADD,ipv4,10.0.0.166/32#32,166166#48;166#9,0
ADD,ipv4,10.0.0.167/32#32,167167#48;167#9,0
ADD,ipv4,10.0.0.168/32#32,168168#48;168#9,0
ADD,ipv4,10.0.0.169/32#32,169169#48;169#9,0
ADD,ipv4,10.0.0.170/32#32,170170#48;170#9,0
ADD,ipv4,10.0.0.171/32#32,171171#48;171#9,0
ADD,ipv4,10.0.0.172/32#32,172172#48;172#9,0
ADD,ipv4,10.0.0.173/32#32,173173#48;173#9,0
ADD,ipv4,10.0.0.174/32#32,174174#48;174#9,0
ADD,ipv4,10.0.0.175/32#32,175175#48;175#9,0
ADD,ipv4,10.0.0.176/32#32,176176#48;176#9,0
ADD,ipv4,10.0.0.177/32#32,177177#48;177#9,0
ADD,ipv4,10.0.0.178/32#32,178178#48;178#9,0
ADD,ipv4,10.0.0.179/32#32,179179#48;179#9,0
ADD,ipv4,10.0.0.180/32#32,180180#48;180#9,0
ADD,ipv4,10.0.0.181/32#32,181181#48;181#9,0
ADD,ipv4,10.0.0.182/32#32,182182#48;182#9,0
ADD,ipv4,10.0.0.183/32#32,183183#48;183#9,0
ADD,ipv4,10.0.0.184/32#32,184184#48;184#9,0
ADD,ipv4,10.0.0.185/32#32,185185#48;185#9,0
ADD,ipv4,10.0.0.186/32#32,186186#48;186#9,0
ADD,ipv4,10.0.0.187/32#32,187187#48;187#9,0
ADD,ipv4,10.0.0.188/32#32,188188#48;188#9,0
ADD,ipv4,10.0.0.189/32#32,189189#48;189#9,0
ADD,ipv4,10.0.0.190/32#32,190190#48;190#9,0
ADD,ipv4,10.0.0.191/32#32,191191#48;191#9,0
ADD,ipv4,10.0.0.192/32#32,192192#48;192#9,0
ADD,ipv4,10.0.0.193/32#32,193193#48;193#9,0
ADD,ipv4,10.0.0.194/32#32,194194#48;194#9,0
ADD,ipv4,10.0.0.195/32#32,195195#48;195#9,0
ADD,ipv4,10.0.0.196/32#32,196196#48;196#9,0
ADD,ipv4,10.0.0.197/32#32,197197#48;197#9,0
ADD,ipv4,10.0.0.198/32#32,198198#48;198#9,0
ADD,ipv4,10.0.0.199/32#32,199199#48;199#9,0
ADD,ipv4,10.0.0.200/32#32,200200#48;200#9,0
ADD,ipv4,10.0.0.201/32#32,201201#48;201#9,0
ADD,ipv4,10.0.0.202/32#32,202202#48;202#9,0
ADD,ipv4,10.0.0.203/32#32,203203#48;203#9,0
ADD,ipv4,10.0.0.204/32#32,204204#48;204#9,0
ADD,ipv4,10.0.0.205/32#32,205205#48;205#9,0
ADD,ipv4,10.0.0.206/32#32,206206#48;206#9,0
ADD,ipv4,10.0.0.207/32#32,207207#48;207#9,0
ADD,ipv4,10.0.0.208/32#32,208208#48;208#9,0
ADD,ipv4,10.0.0.209/32#32,209209#48;209#9,0
ADD,ipv4,10.0.0.210/32#32,210210#48;210#9,0
ADD,ipv4,10.0.0.211/32#32,211211#48;211#9,0
ADD,ipv4,10.0.0.212/32#32,212212#48;212#9,0
ADD,ipv4,10.0.0.213/32#32,213213#48;213#9,0
ADD,ipv4,10.0.0.214/32#32,214214#48;214#9,0
ADD,ipv4,10.0.0.215/32#32,215215#48;215#9,0
ADD,ipv4,10.0.0.216/32#32,216216#48;216#9,0
ADD,ipv4,10.0.0.217/32#32,217217#48;217#9,0
ADD,ipv4,10.0.0.218/32#32,218218#48;218#9,0
ADD,ipv4,10.0.0.219/32#32,219219#48;219#9,0
ADD,ipv4,10.0.0.220/32#32,220220#48;220#9,0
ADD,ipv4,10.0.0.221/32#32,221221#48;221#9,0
ADD,ipv4,10.0.0.222/32#32,222222#48;222#9,0
ADD,ipv4,10.0.0.223/32#32,223223#48;223#9,0
ADD,ipv4,10.0.0.224/32#32,224224#48;224#9,0
ADD,ipv4,10.0.0.225/32#32,225225#48;225#9,0
ADD,ipv4,10.0.0.226/32#32,226226#48;226#9,0
ADD,ipv4,10.0.0.227/32#32,227227#48;227#9,0
ADD,ipv4,10.0.0.228/32#32,228228#48;228#9,0
ADD,ipv4,10.0.0.229/32#32,229229#48;229#9,0
ADD,ipv4,10.0.0.230/32#32,230230#48;230#9,0
ADD,ipv4,10.0.0.231/32#32,231231#48;231#9,0
ADD,ipv4,10.0.0.232/32#32,232232#48;232#9,0
ADD,ipv4,10.0.0.233/32#32,233233#48;233#9,0
ADD,ipv4,10.0.0.234/32#32,234234#48;234#9,0
ADD,ipv4,10.0.0.235/32#32,235235#48;235#9,0
ADD,ipv4,10.0.0.236/32#32,236236#48;236#9,0
ADD,ipv4,10.0.0.237/32#32,237237#48;237#9,0
ADD,ipv4,10.0.0.238/32#32,238238#48;238#9,0
ADD,ipv4,10.0.0.239/32#32,239239#48;239#9,0
ADD,ipv4,10.0.0.240/32#32,240240#48;240#9,0
ADD,ipv4,10.0.0.241/32#32,241241#48;241#9,0
ADD,ipv4,10.0.0.242/32#32,242242#48;242#9,0
ADD,ipv4,10.0.0.243/32#32,243243#48;243#9,0
ADD,ipv4,10.0.0.244/32#32,244244#48;244#9,0
ADD,ipv4,10.0.0.245/32#32,245245#48;245#9,0
ADD,ipv4,10.0.0.246/32#32,246246#48;246#9,0
ADD,ipv4,10.0.0.247/32#32,247247#48;247#9,0
ADD,ipv4,10.0.0.248/32#32,248248#48;248#9,0
ADD,ipv4,10.0.0.249/32#32,249249#48;249#9,0
ADD,ipv4,10.0.0.250/32#32,250250#48;250#9,0
ADD,ipv4,10.0.0.251/32#32,251251#48;251#9,0
ADD,ipv4,10.0.0.252/32#32,252252#48;252#9,0
ADD,ipv4,10.0.0.253/32#32,253253#48;253#9,0
ADD,ipv4,10.0.0.254/32#32,254254#48;254#9,0
ADD,ipv4,10.0.0.255/32#32,255255#48;255#9,0
ADD,ipv4,10.0.1.0/32#32,256256#48;256#9,0
ADD,ipv4,10.0.1.1/32#32,257257#48;257#9,0
ADD,ipv4,10.0.1.2/32#32,258258#48;258#9,0
ADD,ipv4,10.0.1.3/32#32,259259#48;259#9,0
ADD,ipv4,10.0.1.4/32#32,260260#48;260#9,0
ADD,ipv4,10.0.1.5/32#32,261261#48;261#9,0
ADD,ipv4,10.0.1.6/32#32,262262#48;262#9,0
ADD,ipv4,10.0.1.7/32#32,263263#48;263#9,0
ADD,ipv4,10.0.1.8/32#32,264264#48;264#9,0
ADD,ipv4,10.0.1.9/32#32,265265#48;265#9,0
ADD,ipv4,10.0.1.10/32#32,266266#48;266#9,0
ADD,ipv4,10.0.1.11/32#32,267267#48;267#9,0
ADD,ipv4,10.0.1.12/32#32,268268#48;268#9,0
ADD,ipv4,10.0.1.13/32#32,269269#48;269#9,0
ADD,ipv4,10.0.1.14/32#32,270270#48;270#9,0
ADD,ipv4,10.0.1.15/32#32,271271#48;271#9,0
ADD,ipv4,10.0.1.16/32#32,272272#48;272#9,0
ADD,ipv4,10.0.1.17/32#32,273273#48;273#9,0
ADD,ipv4,10.0.1.18/32#32,274274#48;274#9,0
ADD,ipv4,10.0.1.19/32#32,275275#48;275#9,0
ADD,ipv4,10.0.1.20/32#32,276276#48;276#9,0
ADD,ipv4,10.0.1.21/32#32,277277#48;277#9,0
ADD,ipv4,10.0.1.22/32#32,278278#48;278#9,0
ADD,ipv4,10.0.1.23/32#32,279279#48;279#9,0
ADD,ipv4,10.0.1.24/32#32,280280#48;280#9,0
ADD,ipv4,10.0.1.25/32#32,281281#48;281#9,0
ADD,ipv4,10.0.1.26/32#32,282282#48;282#9,0
ADD,ipv4,10.0.1.27/32#32,283283#48;283#9,0
ADD,ipv4,10.0.1.28/32#32,284284#48;284#9,0
ADD,ipv4,10.0.1.29/32#32,285285#48;285#9,0
ADD,ipv4,10.0.1.30/32#32,286286#48;286#9,0
ADD,ipv4,10.0.1.31/32#32,287287#48;287#9,0
ADD,ipv4,10.0.1.32/32#32,288288#48;288#9,0
ADD,ipv4,10.0.1.33/32#32,289289#48;289#9,0
ADD,ipv4,10.0.1.34/32#32,290290#48;290#9,0
ADD,ipv4,10.0.1.35/32#32,291291#48;291#9,0
ADD,ipv4,10.0.1.36/32#32,292292#48;292#9,0
ADD,ipv4,10.0.1.37/32#32,293293#48;293#9,0
ADD,ipv4,10.0.1.38/32#32,294294#48;294#9,0
ADD,ipv4,10.0.1.39/32#32,295295#48;295#9,0
ADD,ipv4,10.0.1.40/32#32,296296#48;296#9,0
ADD,ipv4,10.0.1.41/32#32,297297#48;297#9,0
ADD,ipv4,10.0.1.42/32#32,298298#48;298#9,0
ADD,ipv4,10.0.1.43/32#32,299299#48;299#9,0
ADD,ipv4,10.0.1.44/32#32,300300#48;300#9,0
ADD,ipv4,10.0.1.45/32#32,301301#48;301#9,0
ADD,ipv4,10.0.1.46/32#32,302302#48;302#9,0
ADD,ipv4,10.0.1.47/32#32,303303#48;303#9,0
ADD,ipv4,10.0.1.48/32#32,304304#48;304#9,0
ADD,ipv4,10.0.1.49/32#32,305305#48;305#9,0
ADD,ipv4,10.0.1.50/32#32,306306#48;306#9,0
ADD,ipv4,10.0.1.51/32#32,307307#48;307#9,0
ADD,ipv4,10.0.1.52/32#32,308308#48;308#9,0
ADD,ipv4,10.0.1.53/32#32,309309#48;309#9,0
ADD,ipv4,10.0.1.54/32#32,310310#48;310#9,0
ADD,ipv4,10.0.1.55/32#32,311311#48;311#9,0
ADD,ipv4,10.0.1.56/32#32,312312#48;312#9,0
ADD,ipv4,10.0.1.57/32#32,313313#48;313#9,0
ADD,ipv4,10.0.1.58/32#32,314314#48;314#9,0
ADD,ipv4,10.0.1.59/32#32,315315#48;315#9,0
ADD,ipv4,10.0.1.60/32#32,316316#48;316#9,0
ADD,ipv4,10.0.1.61/32#32,317317#48;317#9,0
ADD,ipv4,10.0.1.62/32#32,318318#48;318#9,0
ADD,ipv4,10.0.1.63/32#32,319319#48;319#9,0
ADD,ipv4,10.0.1.64/32#32,320320#48;320#9,0
ADD,ipv4,10.0.1.65/32#32,321321#48;321#9,0
ADD,ipv4,10.0.1.66/32#32,322322#48;322#9,0
ADD,ipv4,10.0.1.67/32#32,323323#48;323#9,0
ADD,ipv4,10.0.1.68/32#32,324324#48;324#9,0
ADD,ipv4,10.0.1.69/32#32,325325#48;325#9,0
ADD,ipv4,10.0.1.70/32#32,326326#48;326#9,0
ADD,ipv4,10.0.1.71/32#32,327327#48;327#9,0
ADD,ipv4,10.0.1.72/32#32,328328#48;328#9,0
ADD,ipv4,10.0.1.73/32#32,329329#48;329#9,0
ADD,ipv4,10.0.1.74/32#32,330330#48;330#9,0
ADD,ipv4,10.0.1.75/32#32,331331#48;331#9,0
ADD,ipv4,10.0.1.76/32#32,332332#48;332#9,0
ADD,ipv4,10.0.1.77/32#32,333333#48;333#9,0
ADD,ipv4,10.0.1.78/32#32,334334#48;334#9,0
ADD,ipv4,10.0.1.79/32#32,335335#48;335#9,0
ADD,ipv4,10.0.1.80/32#32,336336#48;336#9,0
ADD,ipv4,10.0.1.81/32#32,337337#48;337#9,0
ADD,ipv4,10.0.1.82/32#32,338338#48;338#9,0
ADD,ipv4,10.0.1.83/32#32,339339#48;339#9,0
ADD,ipv4,10.0.1.84/32#32,340340#48;340#9,0
ADD,ipv4,10.0.1.85/32#32,341341#48;341#9,0
ADD,ipv4,10.0.1.86/32#32,342342#48;342#9,0
ADD,ipv4,10.0.1.87/32#32,343343#48;343#9,0
ADD,ipv4,10.0.1.88/32#32,344344#48;344#9,0
ADD,ipv4,10.0.1.89/32#32,345345#48;345#9,0
ADD,ipv4,10.0.1.90/32#32,346346#48;346#9,0
ADD,ipv4,10.0.1.91/32#32,347347#48;347#9,0
ADD,ipv4,10.0.1.92/32#32,348348#48;348#9,0
ADD,ipv4,10.0.1.93/32#32,349349#48;349#9,0
ADD,ipv4,10.0.1.94/32#32,350350#48;350#9,0
ADD,ipv4,10.0.1.95/32#32,351351#48;351#9,0
ADD,ipv4,10.0.1.96/32#32,352352#48;352#9,0
ADD,ipv4,10.0.1.97/32#32,353353#48;353#9,0
ADD,ipv4,10.0.1.98/32#32,354354#48;354#9,0
ADD,ipv4,10.0.1.99/32#32,355355#48;355#9,0
ADD,ipv4,10.0.1.100/32#32,356356#48;356#9,0
ADD,ipv4,10.0.1.101/32#32,357357#48;357#9,0
ADD,ipv4,10.0.1.102/32#32,358358#48;358#9,0
ADD,ipv4,10.0.1.103/32#32,359359#48;359#9,0
ADD,ipv4,10.0.1.104/32#32,360360#48;360#9,0
ADD,ipv4,10.0.1.105/32#32,361361#48;361#9,0
ADD,ipv4,10.0.1.106/32#32,362362#48;362#9,0
ADD,ipv4,10.0.1.107/32#32,363363#48;363#9,0
ADD,ipv4,10.0.1.108/32#32,364364#48;364#9,0
ADD,ipv4,10.0.1.109/32#32,365365#48;365#9,0
ADD,ipv4,10.0.1.110/32#32,366366#48;366#9,0
ADD,ipv4,10.0.1.111/32#32,367367#48;367#9,0
ADD,ipv4,10.0.1.112/32#32,368368#48;368#9,0
ADD,ipv4,10.0.1.113/32#32,369369#48;369#9,0
ADD,ipv4,10.0.1.114/32#32,370370#48;370#9,0
ADD,ipv4,10.0.1.115/32#32,371371#48;371#9,0
ADD,ipv4,10.0.1.116/32#32,372372#48;372#9,0
ADD,ipv4,10.0.1.117/32#32,373373#48;373#9,0
ADD,ipv4,10.0.1.118/32#32,374374#48;374#9,0
ADD,ipv4,10.0.1.119/32#32,375375#48;375#9,0
ADD,ipv4,10.0.1.120/32#32,376376#48;376#9,0
ADD,ipv4,10.0.1.121/32#32,377377#48;377#9,0
ADD,ipv4,10.0.1.122/32#32,378378#48;378#9,0
ADD,ipv4,10.0.1.123/32#32,379379#48;379#9,0
ADD,ipv4,10.0.1.124/32#32,380380#48;380#9,0
ADD,ipv4,10.0.1.125/32#32,381381#48;381#9,0
ADD,ipv4,10.0.1.126/32#32,382382#48;382#9,0
ADD,ipv4,10.0.1.127/32#32,383383#48;383#9,0
ADD,ipv4,10.0.1.128/32#32,384384#48;384#9,0
ADD,ipv4,10.0.1.129/32#32,385385#48;385#9,0
ADD,ipv4,10.0.1.130/32#32,386386#48;386#9,0
ADD,ipv4,10.0.1.131/32#32,387387#48;387#9,0
ADD,ipv4,10.0.1.132/32#32,388388#48;388#9,0
ADD,ipv4,10.0.1.133/32#32,389389#48;389#9,0
ADD,ipv4,10.0.1.134/32#32,390390#48;390#9,0
ADD,ipv4,10.0.1.135/32#32,391391#48;391#9,0
ADD,ipv4,10.0.1.136/32#32,392392#48;392#9,0
ADD,ipv4,10.0.1.137/32#32,393393#48;393#9,0
ADD,ipv4,10.0.1.138/32#32,394394#48;394#9,0
ADD,ipv4,10.0.1.139/32#32,395395#48;395#9,0
ADD,ipv4,10.0.1.140/32#32,396396#48;396#9,0
ADD,ipv4,10.0.1.141/32#32,397397#48;397#9,0
ADD,ipv4,10.0.1.142/32#32,398398#48;398#9,0
ADD,ipv4,10.0.1.143/32#32,399399#48;399#9,0
ADD,ipv4,10.0.1.144/32#32,400400#48;400#9,0
ADD,ipv4,10.0.1.145/32#32,401401#48;401#9,0
ADD,ipv4,10.0.1.146/32#32,402402#48;402#9,0
ADD,ipv4,10.0.1.147/32#32,403403#48;403#9,0
ADD,ipv4,10.0.1.148/32#32,404404#48;404#9,0
ADD,ipv4,10.0.1.149/32#32,405405#48;405#9,0
ADD,ipv4,10.0.1.150/32#32,406406#48;406#9,0
ADD,ipv4,10.0.1.151/32#32,407407#48;407#9,0
ADD,ipv4,10.0.1.152/32#32,408408#48;408#9,0
ADD,ipv4,10.0.1.153/32#32,409409#48;409#9,0
ADD,ipv4,10.0.1.154/32#32,410410#48;410#9,0
ADD,ipv4,10.0.1.155/32#32,411411#48;411#9,0
ADD,ipv4,10.0.1.156/32#32,412412#48;412#9,0
ADD,ipv4,10.0.1.157/32#32,413413#48;413#9,0
ADD,ipv4,10.0.1.158/32#32,414414#48;414#9,0
ADD,ipv4,10.0.1.159/32#32,415415#48;415#9,0
ADD,ipv4,10.0.1.160/32#32,416416#48;416#9,0
ADD,ipv4,10.0.1.161/32#32,417417#48;417#9,0
ADD,ipv4,10.0.1.162/32#32,418418#48;418#9,0
ADD,ipv4,10.0.1.163/32#32,419419#48;419#9,0
ADD,ipv4,10.0.1.164/32#32,420420#48;420#9,0
ADD,ipv4,10.0.1.165/32#32,421421#48;421#9,0
ADD,ipv4,10.0.1.166/32#32,422422#48;422#9,0
ADD,ipv4,10.0.1.167/32#32,423423#48;423#9,0
ADD,ipv4,10.0.1.168/32#32,424424#48;424#9,0
ADD,ipv4,10.0.1.169/32#32,425425#48;425#9,0
ADD,ipv4,10.0.1.170/32#32,426426#48;426#9,0
ADD,ipv4,10.0.1.171/32#32,427427#48;427#9,0
ADD,ipv4,10.0.1.172/32#32,428428#48;428#9,0
ADD,ipv4,10.0.1.173/32#32,429429#48;429#9,0
ADD,ipv4,10.0.1.174/32#32,430430#48;430#9,0
ADD,ipv4,10.0.1.175/32#32,431431#48;431#9,0
ADD,ipv4,10.0.1.176/32#32,432432#48;432#9,0
ADD,ipv4,10.0.1.177/32#32,433433#48;433#9,0
ADD,ipv4,10.0.1.178/32#32,434434#48;434#9,0
ADD,ipv4,10.0.1.179/32#32,435435#48;435#9,0
ADD,ipv4,10.0.1.180/32#32,436436#48;436#9,0
ADD,ipv4,10.0.1.181/32#32,437437#48;437#9,0
ADD,ipv4,10.0.1.182/32#32,438438#48;438#9,0
ADD,ipv4,10.0.1.183/32#32,439439#48;439#9,0
ADD,ipv4,10.0.1.184/32#32,440440#48;440#9,0
ADD,ipv4,10.0.1.185/32#32,441441#48;441#9,0
ADD,ipv4,10.0.1.186/32#32,442442#48;442#9,0
ADD,ipv4,10.0.1.187/32#32,443443#48;443#9,0
ADD,ipv4,10.0.1.188/32#32,444444#48;444#9,0
ADD,ipv4,10.0.1.189/32#32,445445#48;445#9,0
ADD,ipv4,10.0.1.190/32#32,446446#48;446#9,0
ADD,ipv4,10.0.1.191/32#32,447447#48;447#9,0
ADD,ipv4,10.0.1.192/32#32,448448#48;448#9,0
ADD,ipv4,10.0.1.193/32#32,449449#48;449#9,0
ADD,ipv4,10.0.1.194/32#32,450450#48;450#9,0
ADD,ipv4,10.0.1.195/32#32,451451#48;451#9,0
ADD,ipv4,10.0.1.196/32#32,452452#48;452#9,0
ADD,ipv4,10.0.1.197/32#32,453453#48;453#9,0
ADD,ipv4,10.0.1.198/32#32,454454#48;454#9,0
ADD,ipv4,10.0.1.199/32#32,455455#48;455#9,0
ADD,ipv4,10.0.1.200/32#32,456456#48;456#9,0
ADD,ipv4,10.0.1.201/32#32,457457#48;457#9,0
ADD,ipv4,10.0.1.202/32#32,458458#48;458#9,0
ADD,ipv4,10.0.1.203/32#32,459459#48;459#9,0
ADD,ipv4,10.0.1.204/32#32,460460#48;460#9,0
ADD,ipv4,10.0.1.205/32#32,461461#48;461#9,0
ADD,ipv4,10.0.1.206/32#32,462462#48;462#9,0
ADD,ipv4,10.0.1.207/32#32,463463#48;463#9,0
ADD,ipv4,10.0.1.208/32#32,464464#48;464#9,0
ADD,ipv4,10.0.1.209/32#32,465465#48;465#9,0
ADD,ipv4,10.0.1.210/32#32,466466#48;466#9,0
ADD,ipv4,10.0.1.211/32#32,467467#48;467#9,0
ADD,ipv4,10.0.1.212/32#32,468468#48;468#9,0
ADD,ipv4,10.0.1.213/32#32,469469#48;469#9,0
ADD,ipv4,10.0.1.214/32#32,470470#48;470#9,0
ADD,ipv4,10.0.1.215/32#32,471471#48;471#9,0
ADD,ipv4,10.0.1.216/32#32,472472#48;472#9,0
ADD,ipv4,10.0.1.217/32#32,473473#48;473#9,0
ADD,ipv4,10.0.1.218/32#32,474474#48;474#9,0
ADD,ipv4,10.0.1.219/32#32,475475#48;475#9,0
ADD,ipv4,10.0.1.220/32#32,476476#48;476#9,0
ADD,ipv4,10.0.1.221/32#32,477477#48;477#9,0
ADD,ipv4,10.0.1.222/32#32,478478#48;478#9,0
ADD,ipv4,10.0.1.223/32#32,479479#48;479#9,0
ADD,ipv4,10.0.1.224/32#32,480480#48;480#9,0
ADD,ipv4,10.0.1.225/32#32,481481#48;481#9,0
ADD,ipv4,10.0.1.226/32#32,482482#48;482#9,0
ADD,ipv4,10.0.1.227/32#32,483483#48;483#9,0
ADD,ipv4,10.0.1.228/32#32,484484#48;484#9,0
ADD,ipv4,10.0.1.229/32#32,485485#48;485#9,0
ADD,ipv4,10.0.1.230/32#32,486486#48;486#9,0
ADD,ipv4,10.0.1.231/32#32,487487#48;487#9,0
ADD,ipv4,10.0.1.232/32#32,488488#48;488#9,0
ADD,ipv4,10.0.1.233/32#32,489489#48;489#9,0
ADD,ipv4,10.0.1.234/32#32,490490#48;490#9,0
ADD,ipv4,10.0.1.235/32#32,491491#48;491#9,0
ADD,ipv4,10.0.1.236/32#32,492492#48;492#9,0
ADD,ipv4,10.0.1.237/32#32,493493#48;493#9,0
ADD,ipv4,10.0.1.238/32#32,494494#48;494#9,0
ADD,ipv4,10.0.1.239/32#32,495495#48;495#9,0
ADD,ipv4,10.0.1.240/32#32,496496#48;496#9,0
ADD,ipv4,10.0.1.241/32#32,497497#48;497#9,0
ADD,ipv4,10.0.1.242/32#32,498498#48;498#9,0
ADD,ipv4,10.0.1.243/32#32,499499#48;499#9,0
ADD,ipv4,10.0.1.244/32#32,500500#48;500#9,0
ADD,ipv4,10.0.1.245/32#32,501501#48;501#9,0
ADD,ipv4,10.0.1.246/32#32,502502#48;502#9,0
ADD,ipv4,10.0.1.247/32#32,503503#48;503#9,0
ADD,ipv4,10.0.1.248/32#32,504504#48;504#9,0
ADD,ipv4,10.0.1.249/32#32,505505#48;505#9,0
ADD,ipv4,10.0.1.250/32#32,506506#48;506#9,0
ADD,ipv4,10.0.1.251/32#32,507507#48;507#9,0
ADD,ipv4,10.0.1.252/32#32,508508#48;508#9,0
ADD,ipv4,10.0.1.253/32#32,509509#48;509#9,0
ADD,ipv4,10.0.1.254/32#32,510510#48;510#9,0
ADD,ipv4,10.0.1.255/32#32,511511#48;511#9,0
ADD,ipv4,10.0.2.0/32#32,512512#48;512#9,0
ADD,ipv4,10.0.2.1/32#32,513513#48;513#9,0
ADD,ipv4,10.0.2.2/32#32,514514#48;514#9,0
ADD,ipv4,10.0.2.3/32#32,515515#48;515#9,0
ADD,ipv4,10.0.2.4/32#32,516516#48;516#9,0
ADD,ipv4,10.0.2.5/32#32,517517#48;517#9,0
ADD,ipv4,10.0.2.6/32#32,518518#48;518#9,0
ADD,ipv4,10.0.2.7/32#32,519519#48;519#9,0
ADD,ipv4,10.0.2.8/32#32,520520#48;520#9,0
ADD,ipv4,10.0.2.9/32#32,521521#48;521#9,0
ADD,ipv4,10.0.2.10/32#32,522522#48;522#9,0
ADD,ipv4,10.0.2.11/32#32,523523#48;523#9,0
ADD,ipv4,10.0.2.12/32#32,524524#48;524#9,0
ADD,ipv4,10.0.2.13/32#32,525525#48;525#9,0
ADD,ipv4,10.0.2.14/32#32,526526#48;526#9,0
ADD,ipv4,10.0.2.15/32#32,527527#48;527#9,0
ADD,ipv4,10.0.2.16/32#32,528528#48;528#9,0
ADD,ipv4,10.0.2.17/32#32,529529#48;529#9,0
ADD,ipv4,10.0.2.18/32#32,530530#48;530#9,0
ADD,ipv4,10.0.2.19/32#32,531531#48;531#9,0
ADD,ipv4,10.0.2.20/32#32,532532#48;532#9,0
ADD,ipv4,10.0.2.21/32#32,533533#48;533#9,0
ADD,ipv4,10.0.2.22/32#32,534534#48;534#9,0
ADD,ipv4,10.0.2.23/32#32,535535#48;535#9,0
ADD,ipv4,10.0.2.24/32#32,536536#48;536#9,0
ADD,ipv4,10.0.2.25/32#32,537537#48;537#9,0
ADD,ipv4,10.0.2.26/32#32,538538#48;538#9,0
ADD,ipv4,10.0.2.27/32#32,539539#48;539#9,0
ADD,ipv4,10.0.2.28/32#32,540540#48;540#9,0
ADD,ipv4,10.0.2.29/32#32,541541#48;541#9,0
ADD,ipv4,10.0.2.30/32#32,542542#48;542#9,0
ADD,ipv4,10.0.2.31/32#32,543543#48;543#9,0
ADD,ipv4,10.0.2.32/32#32,544544#48;544#9,0
ADD,ipv4,10.0.2.33/32#32,545545#48;545#9,0
ADD,ipv4,10.0.2.34/32#32,546546#48;546#9,0
ADD,ipv4,10.0.2.35/32#32,547547#48;547#9,0
ADD,ipv4,10.0.2.36/32#32,548548#48;548#9,0
ADD,ipv4,10.0.2.37/32#32,549549#48;549#9,0
ADD,ipv4,10.0.2.38/32#32,550550#48;550#9,0
ADD,ipv4,10.0.2.39/32#32,551551#48;551#9,0
ADD,ipv4,10.0.2.40/32#32,552552#48;552#9,0
ADD,ipv4,10.0.2.41/32#32,553553#48;553#9,0
ADD,ipv4,10.0.2.42/32#32,554554#48;554#9,0
ADD,ipv4,10.0.2.43/32#32,555555#48;555#9,0
ADD,ipv4,10.0.2.44/32#32,556556#48;556#9,0
ADD,ipv4,10.0.2.45/32#32,557557#48;557#9,0
ADD,ipv4,10.0.2.46/32#32,558558#48;558#9,0
ADD,ipv4,10.0.2.47/32#32,559559#48;559#9,0
ADD,ipv4,10.0.2.48/32#32,560560#48;560#9,0
ADD,ipv4,10.0.2.49/32#32,561561#48;561#9,0
ADD,ipv4,10.0.2.50/32#32,562562#48;562#9,0
ADD,ipv4,10.0.2.51/32#32,563563#48;563#9,0
ADD,ipv4,10.0.2.52/32#32,564564#48;564#9,0
ADD,ipv4,10.0.2.53/32#32,565565#48;565#9,0
ADD,ipv4,10.0.2.54/32#32,566566#48;566#9,0
ADD,ipv4,10.0.2.55/32#32,567567#48;567#9,0
ADD,ipv4,10.0.2.56/32#32,568568#48;568#9,0
ADD,ipv4,10.0.2.57/32#32,569569#48;569#9,0
ADD,ipv4,10.0.2.58/32#32,570570#48;570#9,0
ADD,ipv4,10.0.2.59/32#32,571571#48;571#9,0
ADD,ipv4,10.0.2.60/32#32,572572#48;572#9,0
ADD,ipv4,10.0.2.61/32#32,573573#48;573#9,0
ADD,ipv4,10.0.2.62/32#32,574574#48;574#9,0
ADD,ipv4,10.0.2.63/32#32,575575#48;575#9,0
ADD,ipv4,10.0.2.64/32#32,576576#48;576#9,0
ADD,ipv4,10.0.2.65/32#32,577577#48;577#9,0
ADD,ipv4,10.0.2.66/32#32,578578#48;578#9,0
ADD,ipv4,10.0.2.67/32#32,579579#48;579#9,0
ADD,ipv4,10.0.2.68/32#32,580580#48;580#9,0
ADD,ipv4,10.0.2.69/32#32,581581#48;581#9,0
ADD,ipv4,10.0.2.70/32#32,582582#48;582#9,0
ADD,ipv4,10.0.2.71/32#32,583583#48;583#9,0
ADD,ipv4,10.0.2.72/32#32,584584#48;584#9,0
ADD,ipv4,10.0.2.73/32#32,585585#48;585#9,0
ADD,ipv4,10.0.2.74/32#32,586586#48;586#9,0
ADD,ipv4,10.0.2.75/32#32,587587#48;587#9,0
ADD,ipv4,10.0.2.76/32#32,588588#48;588#9,0
ADD,ipv4,10.0.2.77/32#32,589589#48;589#9,0
ADD,ipv4,10.0.2.78/32#32,590590#48;590#9,0
ADD,ipv4,10.0.2.79/32#32,591591#48;591#9,0
ADD,ipv4,10.0.2.80/32#32,592592#48;592#9,0
ADD,ipv4,10.0.2.81/32#32,593593#48;593#9,0
ADD,ipv4,10.0.2.82/32#32,594594#48;594#9,0
ADD,ipv4,10.0.2.83/32#32,595595#48;595#9,0
ADD,ipv4,10.0.2.84/32#32,596596#48;596#9,0
ADD,ipv4,10.0.2.85/32#32,597597#48;597#9,0
ADD,ipv4,10.0.2.86/32#32,598598#48;598#9,0
ADD,ipv4,10.0.2.87/32#32,599599#48;599#9,0
ADD,ipv4,10.0.2.88/32#32,600600#48;600#9,0
ADD,ipv4,10.0.2.89/32#32,601601#48;601#9,0
ADD,ipv4,10.0.2.90/32#32,602602#48;602#9,0
ADD,ipv4,10.0.2.91/32#32,603603#48;603#9,0
ADD,ipv4,10.0.2.92/32#32,604604#48;604#9,0
ADD,ipv4,10.0.2.93/32#32,605605#48;605#9,0
ADD,ipv4,10.0.2.94/32#32,606606#48;606#9,0
ADD,ipv4,10.0.2.95/32#32,607607#48;607#9,0
ADD,ipv4,10.0.2.96/32#32,608608#48;608#9,0
ADD,ipv4,10.0.2.97/32#32,609609#48;609#9,0
ADD,ipv4,10.0.2.98/32#32,610610#48;610#9,0
ADD,ipv4,10.0.2.99/32#32,611611#48;611#9,0
ADD,ipv4,10.0.2.100/32#32,612612#48;612#9,0
ADD,ipv4,10.0.2.101/32#32,613613#48;613#9,0
ADD,ipv4,10.0.2.102/32#32,614614#48;614#9,0
ADD,ipv4,10.0.2.103/32#32,615615#48;615#9,0
ADD,ipv4,10.0.2.104/32#32,616616#48;616#9,0
ADD,ipv4,10.0.2.105/32#32,617617#48;617#9,0
ADD,ipv4,10.0.2.106/32#32,618618#48;618#9,0
ADD,ipv4,10.0.2.107/32#32,619619#48;619#9,0
ADD,ipv4,10.0.2.108/32#32,620620#48;620#9,0
ADD,ipv4,10.0.2.109/32#32,621621#48;621#9,0
ADD,ipv4,10.0.2.110/32#32,622622#48;622#9,0
ADD,ipv4,10.0.2.111/32#32,623623#48;623#9,0
ADD,ipv4,10.0.2.112/32#32,624624#48;624#9,0
ADD,ipv4,10.0.2.113/32#32,625625#48;625#9,0
ADD,ipv4,10.0.2.114/32#32,626626#48;626#9,0
ADD,ipv4,10.0.2.115/32#32,627627#48;627#9,0
ADD,ipv4,10.0.2.116/32#32,628628#48;628#9,0
ADD,ipv4,10.0.2.117/32#32,629629#48;629#9,0
ADD,ipv4,10.0.2.118/32#32,630630#48;630#9,0
ADD,ipv4,10.0.2.119/32#32,631631#48;631#9,0
ADD,ipv4,10.0.2.120/32#32,632632#48;632#9,0
ADD,ipv4,10.0.2.121/32#32,633633#48;633#9,0
ADD,ipv4,10.0.2.122/32#32,634634#48;634#9,0
ADD,ipv4,10.0.2.123/32#32,635635#48;635#9,0
ADD,ipv4,10.0.2.124/32#32,636636#48;636#9,0
ADD,ipv4,10.0.2.125/32#32,637637#48;637#9,0
ADD,ipv4,10.0.2.126/32#32,638638#48;638#9,0
ADD,ipv4,10.0.2.127/32#32,639639#48;639#9,0
ADD,ipv4,10.0.2.128/32#32,640640#48;640#9,0
ADD,ipv4,10.0.2.129/32#32,641641#48;641#9,0
ADD,ipv4,10.0.2.130/32#32,642642#48;642#9,0
ADD,ipv4,10.0.2.131/32#32,643643#48;643#9,0
ADD,ipv4,10.0.2.132/32#32,644644#48;644#9,0
ADD,ipv4,10.0.2.133/32#32,645645#48;645#9,0
ADD,ipv4,10.0.2.134/32#32,646646#48;646#9,0
ADD,ipv4,10.0.2.135/32#32,647647#48;647#9,0
ADD,ipv4,10.0.2.136/32#32,648648#48;648#9,0
ADD,ipv4,10.0.2.137/32#32,649649#48;649#9,0
ADD,ipv4,10.0.2.138/32#32,650650#48;650#9,0
ADD,ipv4,10.0.2.139/32#32,651651#48;651#9,0
ADD,ipv4,10.0.2.140/32#32,652652#48;652#9,0
ADD,ipv4,10.0.2.141/32#32,653653#48;653#9,0
ADD,ipv4,10.0.2.142/32#32,654654#48;654#9,0
ADD,ipv4,10.0.2.143/32#32,655655#48;655#9,0
ADD,ipv4,10.0.2.144/32#32,656656#48;656#9,0
ADD,ipv4,10.0.2.145/32#32,657657#48;657#9,0
ADD,ipv4,10.0.2.146/32#32,658658#48;658#9,0
ADD,ipv4,10.0.2.147/32#32,659659#48;659#9,0
ADD,ipv4,10.0.2.148/32#32,660660#48;660#9,0
ADD,ipv4,10.0.2.149/32#32,661661#48;661#9,0
ADD,ipv4,10.0.2.150/32#32,662662#48;662#9,0
ADD,ipv4,10.0.2.151/32#32,663663#48;663#9,0
ADD,ipv4,10.0.2.152/32#32,664664#48;664#9,0
ADD,ipv4,10.0.2.153/32#32,665665#48;665#9,0
ADD,ipv4,10.0.2.154/32#32,666666#48;666#9,0
ADD,ipv4,10.0.2.155/32#32,667667#48;667#9,0
ADD,ipv4,10.0.2.156/32#32,668668#48;668#9,0
ADD,ipv4,10.0.2.157/32#32,669669#48;669#9,0
ADD,ipv4,10.0.2.158/32#32,670670#48;670#9,0
ADD,ipv4,10.0.2.159/32#32,671671#48;671#9,0
ADD,ipv4,10.0.2.160/32#32,672672#48;672#9,0
ADD,ipv4,10.0.2.161/32#32,673673#48;673#9,0
ADD,ipv4,10.0.2.162/32#32,674674#48;674#9,0
ADD,ipv4,10.0.2.163/32#32,675675#48;675#9,0
ADD,ipv4,10.0.2.164/32#32,676676#48;676#9,0
ADD,ipv4,10.0.2.165/32#32,677677#48;677#9,0
ADD,ipv4,10.0.2.166/32#32,678678#48;678#9,0
ADD,ipv4,10.0.2.167/32#32,679679#48;679#9,0
ADD,ipv4,10.0.2.168/32#32,680680#48;680#9,0
ADD,ipv4,10.0.2.169/32#32,681681#48;681#9,0
ADD,ipv4,10.0.2.170/32#32,682682#48;682#9,0
ADD,ipv4,10.0.2.171/32#32,683683#48;683#9,0
ADD,ipv4,10.0.2.172/32#32,684684#48;684#9,0
ADD,ipv4,10.0.2.173/32#32,685685#48;685#9,0
ADD,ipv4,10.0.2.174/32#32,686686#48;686#9,0
ADD,ipv4,10.0.2.175/32#32,687687#48;687#9,0
ADD,ipv4,10.0.2.176/32#32,688688#48;688#9,0
ADD,ipv4,10.0.2.177/32#32,689689#48;689#9,0
ADD,ipv4,10.0.2.178/32#32,690690#48;690#9,0
ADD,ipv4,10.0.2.179/32#32,691691#48;691#9,0
ADD,ipv4,10.0.2.180/32#32,692692#48;692#9,0
ADD,ipv4,10.0.2.181/32#32,693693#48;693#9,0
ADD,ipv4,10.0.2.182/32#32,694694#48;694#9,0
ADD,ipv4,10.0.2.183/32#32,695695#48;695#9,0
ADD,ipv4,10.0.2.184/32#32,696696#48;696#9,0
ADD,ipv4,10.0.2.185/32#32,697697#48;697#9,0
ADD,ipv4,10.0.2.186/32#32,698698#48;698#9,0
ADD,ipv4,10.0.2.187/32#32,699699#48;699#9,0
ADD,ipv4,10.0.2.188/32#32,700700#48;700#9,0
ADD,ipv4,10.0.2.189/32#32,701701#48;701#9,0
ADD,ipv4,10.0.2.190/32#32,702702#48;702#9,0
ADD,ipv4,10.0.2.191/32#32,703703#48;703#9,0
ADD,ipv4,10.0.2.192/32#32,704704#48;704#9,0
ADD,ipv4,10.0.2.193/32#32,705705#48;705#9,0
ADD,ipv4,10.0.2.194/32#32,706706#48;706#9,0
ADD,ipv4,10.0.2.195/32#32,707707#48;707#9,0
ADD,ipv4,10.0.2.196/32#32,708708#48;708#9,0
ADD,ipv4,10.0.2.197/32#32,709709#48;709#9,0
ADD,ipv4,10.0.2.198/32#32,710710#48;710#9,0
ADD,ipv4,10.0.2.199/32#32,711711#48;711#9,0
ADD,ipv4,10.0.2.200/32#32,712712#48;712#9,0
ADD,ipv4,10.0.2.201/32#32,713713#48;713#9,0
ADD,ipv4,10.0.2.202/32#32,714714#48;714#9,0
ADD,ipv4,10.0.2.203/32#32,715715#48;715#9,0
ADD,ipv4,10.0.2.204/32#32,716716#48;716#9,0
ADD,ipv4,10.0.2.205/32#32,717717#48;717#9,0
ADD,ipv4,10.0.2.206/32#32,718718#48;718#9,0
ADD,ipv4,10.0.2.207/32#32,719719#48;719#9,0
ADD,ipv4,10.0.2.208/32#32,720720#48;720#9,0
ADD,ipv4,10.0.2.209/32#32,721721#48;721#9,0
ADD,ipv4,10.0.2.210/32#32,722722#48;722#9,0
ADD,ipv4,10.0.2.211/32#32,723723#48;723#9,0
ADD,ipv4,10.0.2.212/32#32,724724#48;724#9,0
ADD,ipv4,10.0.2.213/32#32,725725#48;725#9,0
ADD,ipv4,10.0.2.214/32#32,726726#48;726#9,0
ADD,ipv4,10.0.2.215/32#32,727727#48;727#9,0
ADD,ipv4,10.0.2.216/32#32,728728#48;728#9,0
ADD,ipv4,10.0.2.217/32#32,729729#48;729#9,0
ADD,ipv4,10.0.2.218/32#32,730730#48;730#9,0
ADD,ipv4,10.0.2.219/32#32,731731#48;731#9,0
ADD,ipv4,10.0.2.220/32#32,732732#48;732#9,0
ADD,ipv4,10.0.2.221/32#32,733733#48;733#9,0
ADD,ipv4,10.0.2.222/32#32,734734#48;734#9,0
ADD,ipv4,10.0.2.223/32#32,735735#48;735#9,0
ADD,ipv4,10.0.2.224/32#32,736736#48;736#9,0
ADD,ipv4,10.0.2.225/32#32,737737#48;737#9,0
ADD,ipv4,10.0.2.226/32#32,738738#48;738#9,0
ADD,ipv4,10.0.2.227/32#32,739739#48;739#9,0
ADD,ipv4,10.0.2.228/32#32,740740#48;740#9,0
ADD,ipv4,10.0.2.229/32#32,741741#48;741#9,0
ADD,ipv4,10.0.2.230/32#32,742742#48;742#9,0
ADD,ipv4,10.0.2.231/32#32,743743#48;743#9,0
ADD,ipv4,10.0.2.232/32#32,744744#48;744#9,0
ADD,ipv4,10.0.2.233/32#32,745745#48;745#9,0
ADD,ipv4,10.0.2.234/32#32,746746#48;746#9,0
ADD,ipv4,10.0.2.235/32#32,747747#48;747#9,0
ADD,ipv4,10.0.2.236/32#32,748748#48;748#9,0
ADD,ipv4,10.0.2.237/32#32,749749#48;749#9,0
ADD,ipv4,10.0.2.238/32#32,750750#48;750#9,0
ADD,ipv4,10.0.2.239/32#32,751751#48;751#9,0
ADD,ipv4,10.0.2.240/32#32,752752#48;752#9,0
ADD,ipv4,10.0.2.241/32#32,753753#48;753#9,0
ADD,ipv4,10.0.2.242/32#32,754754#48;754#9,0
ADD,ipv4,10.0.2.243/32#32,755755#48;755#9,0
ADD,ipv4,10.0.2.244/32#32,756756#48;756#9,0
ADD,ipv4,10.0.2.245/32#32,757757#48;757#9,0
ADD,ipv4,10.0.2.246/32#32,758758#48;758#9,0
ADD,ipv4,10.0.2.247/32#32,759759#48;759#9,0
ADD,ipv4,10.0.2.248/32#32,760760#48;760#9,0
ADD,ipv4,10.0.2.249/32#32,761761#48;761#9,0
ADD,ipv4,10.0.2.250/32#32,762762#48;762#9,0
ADD,ipv4,10.0.2.251/32#32,763763#48;763#9,0
ADD,ipv4,10.0.2.252/32#32,764764#48;764#9,0
ADD,ipv4,10.0.2.253/32#32,765765#48;765#9,0
ADD,ipv4,10.0.2.254/32#32,766766#48;766#9,0
ADD,ipv4,10.0.2.255/32#32,767767#48;767#9,0
ADD,ipv4,10.0.3.0/32#32,768768#48;768#9,0
ADD,ipv4,10.0.3.1/32#32,769769#48;769#9,0
ADD,ipv4,10.0.3.2/32#32,770770#48;770#9,0
ADD,ipv4,10.0.3.3/32#32,771771#48;771#9,0
ADD,ipv4,10.0.3.4/32#32,772772#48;772#9,0
ADD,ipv4,10.0.3.5/32#32,773773#48;773#9,0
ADD,ipv4,10.0.3.6/32#32,774774#48;774#9,0
ADD,ipv4,10.0.3.7/32#32,775775#48;775#9,0
ADD,ipv4,10.0.3.8/32#32,776776#48;776#9,0
ADD,ipv4,10.0.3.9/32#32,777777#48;777#9,0
ADD,ipv4,10.0.3.10/32#32,778778#48;778#9,0
ADD,ipv4,10.0.3.11/32#32,779779#48;779#9,0
ADD,ipv4,10.0.3.12/32#32,780780#48;780#9,0
ADD,ipv4,10.0.3.13/32#32,781781#48;781#9,0
ADD,ipv4,10.0.3.14/32#32,782782#48;782#9,0
ADD,ipv4,10.0.3.15/32#32,783783#48;783#9,0
ADD,ipv4,10.0.3.16/32#32,784784#48;784#9,0
ADD,ipv4,10.0.3.17/32#32,785785#48;785#9,0
ADD,ipv4,10.0.3.18/32#32,786786#48;786#9,0
ADD,ipv4,10.0.3.19/32#32,787787#48;787#9,0
ADD,ipv4,10.0.3.20/32#32,788788#48;788#9,0
ADD,ipv4,10.0.3.21/32#32,789789#48;789#9,0
ADD,ipv4,10.0.3.22/32#32,790790#48;790#9,0
ADD,ipv4,10.0.3.23/32#32,791791#48;791#9,0
ADD,ipv4,10.0.3.24/32#32,792792#48;792#9,0
ADD,ipv4,10.0.3.25/32#32,793793#48;793#9,0
ADD,ipv4,10.0.3.26/32#32,794794#48;794#9,0
ADD,ipv4,10.0.3.27/32#32,795795#48;795#9,0
ADD,ipv4,10.0.3.28/32#32,796796#48;796#9,0
ADD,ipv4,10.0.3.29/32#32,797797#48;797#9,0
ADD,ipv4,10.0.3.30/32#32,798798#48;798#9,0
ADD,ipv4,10.0.3.31/32#32,799799#48;799#9,0
ADD,ipv4,10.0.3.32/32#32,800800#48;800#9,0
ADD,ipv4,10.0.3.33/32#32,801801#48;801#9,0
ADD,ipv4,10.0.3.34/32#32,802802#48;802#9,0
ADD,ipv4,10.0.3.35/32#32,803803#48;803#9,0
ADD,ipv4,10.0.3.36/32#32,804804#48;804#9,0
ADD,ipv4,10.0.3.37/32#32,805805#48;805#9,0
ADD,ipv4,10.0.3.38/32#32,806806#48;806#9,0
ADD,ipv4,10.0.3.39/32#32,807807#48;807#9,0
ADD,ipv4,10.0.3.40/32#32,808808#48;808#9,0
ADD,ipv4,10.0.3.41/32#32,809809#48;809#9,0
ADD,ipv4,10.0.3.42/32#32,810810#48;810#9,0
ADD,ipv4,10.0.3.43/32#32,811811#48;811#9,0
ADD,ipv4,10.0.3.44/32#32,812812#48;812#9,0
ADD,ipv4,10.0.3.45/32#32,813813#48;813#9,0
ADD,ipv4,10.0.3.46/32#32,814814#48;814#9,0
ADD,ipv4,10.0.3.47/32#32,815815#48;815#9,0
ADD,ipv4,10.0.3.48/32#32,816816#48;816#9,0
ADD,ipv4,10.0.3.49/32#32,817817#48;817#9,0
ADD,ipv4,10.0.3.50/32#32,818818#48;818#9,0
ADD,ipv4,10.0.3.51/32#32,819819#48;819#9,0
ADD,ipv4,10.0.3.52/32#32,820820#48;820#9,0
ADD,ipv4,10.0.3.53/32#32,821821#48;821#9,0
ADD,ipv4,10.0.3.54/32#32,822822#48;822#9,0
ADD,ipv4,10.0.3.55/32#32,823823#48;823#9,0
ADD,ipv4,10.0.3.56/32#32,824824#48;824#9,0
ADD,ipv4,10.0.3.57/32#32,825825#48;825#9,0
ADD,ipv4,10.0.3.58/32#32,826826#48;826#9,0
ADD,ipv4,10.0.3.59/32#32,827827#48;827#9,0
ADD,ipv4,10.0.3.60/32#32,828828#48;828#9,0
ADD,ipv4,10.0.3.61/32#32,829829#48;829#9,0
ADD,ipv4,10.0.3.62/32#32,830830#48;830#9,0
ADD,ipv4,10.0.3.63/32#32,831831#48;831#9,0
ADD,ipv4,10.0.3.64/32#32,832832#48;832#9,0
ADD,ipv4,10.0.3.65/32#32,833833#48;833#9,0
ADD,ipv4,10.0.3.66/32#32,834834#48;834#9,0
ADD,ipv4,10.0.3.67/32#32,835835#48;835#9,0
ADD,ipv4,10.0.3.68/32#32,836836#48;836#9,0
ADD,ipv4,10.0.3.69/32#32,837837#48;837#9,0
ADD,ipv4,10.0.3.70/32#32,838838#48;838#9,0
ADD,ipv4,10.0.3.71/32#32,839839#48;839#9,0
ADD,ipv4,10.0.3.72/32#32,840840#48;840#9,0
ADD,ipv4,10.0.3.73/32#32,841841#48;841#9,0
ADD,ipv4,10.0.3.74/32#32,842842#48;842#9,0
ADD,ipv4,10.0.3.75/32#32,843843#48;843#9,0
ADD,ipv4,10.0.3.76/32#32,844844#48;844#9,0
ADD,ipv4,10.0.3.77/32#32,845845#48;845#9,0
ADD,ipv4,10.0.3.78/32#32,846846#48;846#9,0
ADD,ipv4,10.0.3.79/32#32,847847#48;847#9,0
ADD,ipv4,10.0.3.80/32#32,848848#48;848#9,0
ADD,ipv4,10.0.3.81/32#32,849849#48;849#9,0
ADD,ipv4,10.0.3.82/32#32,850850#48;850#9,0
ADD,ipv4,10.0.3.83/32#32,851851#48;851#9,0
ADD,ipv4,10.0.3.84/32#32,852852#48;852#9,0
ADD,ipv4,10.0.3.85/32#32,853853#48;853#9,0
ADD,ipv4,10.0.3.86/32#32,854854#48;854#9,0
ADD,ipv4,10.0.3.87/32#32,855855#48;855#9,0
ADD,ipv4,10.0.3.88/32#32,856856#48;856#9,0
ADD,ipv4,10.0.3.89/32#32,857857#48;857#9,0
ADD,ipv4,10.0.3.90/32#32,858858#48;858#9,0
ADD,ipv4,10.0.3.91/32#32,859859#48;859#9,0
ADD,ipv4,10.0.3.92/32#32,860860#48;860#9,0
ADD,ipv4,10.0.3.93/32#32,861861#48;861#9,0
ADD,ipv4,10.0.3.94/32#32,862862#48;862#9,0
ADD,ipv4,10.0.3.95/32#32,863863#48;863#9,0
ADD,ipv4,10.0.3.96/32#32,864864#48;864#9,0
ADD,ipv4,10.0.3.97/32#32,865865#48;865#9,0
ADD,ipv4,10.0.3.98/32#32,866866#48;866#9,0
ADD,ipv4,10.0.3.99/32#32,867867#48;867#9,0
ADD,ipv4,10.0.3.100/32#32,868868#48;868#9,0
ADD,ipv4,10.0.3.101/32#32,869869#48;869#9,0
ADD,ipv4,10.0.3.102/32#32,870870#48;870#9,0
ADD,ipv4,10.0.3.103/32#32,871871#48;871#9,0
ADD,ipv4,10.0.3.104/32#32,872872#48;872#9,0
ADD,ipv4,10.0.3.105/32#32,873873#48;873#9,0
ADD,ipv4,10.0.3.106/32#32,874874#48;874#9,0
ADD,ipv4,10.0.3.107/32#32,875875#48;875#9,0
ADD,ipv4,10.0.3.108/32#32,876876#48;876#9,0
ADD,ipv4,10.0.3.109/32#32,877877#48;877#9,0
ADD,ipv4,10.0.3.110/32#32,878878#48;878#9,0
ADD,ipv4,10.0.3.111/32#32,879879#48;879#9,0
ADD,ipv4,10.0.3.112/32#32,880880#48;880#9,0
ADD,ipv4,10.0.3.113/32#32,881881#48;881#9,0
ADD,ipv4,10.0.3.114/32#32,882882#48;882#9,0
ADD,ipv4,10.0.3.115/32#32,883883#48;883#9,0
ADD,ipv4,10.0.3.116/32#32,884884#48;884#9,0
ADD,ipv4,10.0.3.117/32#32,885885#48;885#9,0
ADD,ipv4,10.0.3.118/32#32,886886#48;886#9,0
ADD,ipv4,10.0.3.119/32#32,887887#48;887#9,0
ADD,ipv4,10.0.3.120/32#32,888888#48;888#9,0
ADD,ipv4,10.0.3.121/32#32,889889#48;889#9,0
ADD,ipv4,10.0.3.122/32#32,890890#48;890#9,0
ADD,ipv4,10.0.3.123/32#32,891891#48;891#9,0
ADD,ipv4,10.0.3.124/32#32,892892#48;892#9,0
ADD,ipv4,10.0.3.125/32#32,893893#48;893#9,0
ADD,ipv4,10.0.3.126/32#32,894894#48;894#9,0
ADD,ipv4,10.0.3.127/32#32,895895#48;895#9,0
ADD,ipv4,10.0.3.128/32#32,896896#48;896#9,0
ADD,ipv4,10.0.3.129/32#32,897897#48;897#9,0
ADD,ipv4,10.0.3.130/32#32,898898#48;898#9,0
ADD,ipv4,10.0.3.131/32#32,899899#48;899#9,0
ADD,ipv4,10.0.3.132/32#32,900900#48;900#9,0
ADD,ipv4,10.0.3.133/32#32,901901#48;901#9,0
ADD,ipv4,10.0.3.134/32#32,902902#48;902#9,0
ADD,ipv4,10.0.3.135/32#32,903903#48;903#9,0
ADD,ipv4,10.0.3.136/32#32,904904#48;904#9,0
ADD,ipv4,10.0.3.137/32#32,905905#48;905#9,0
ADD,ipv4,10.0.3.138/32#32,906906#48;906#9,0
ADD,ipv4,10.0.3.139/32#32,907907#48;907#9,0
ADD,ipv4,10.0.3.140/32#32,908908#48;908#9,0
ADD,ipv4,10.0.3.141/32#32,909909#48;909#9,0
ADD,ipv4,10.0.3.142/32#32,910910#48;910#9,0
ADD,ipv4,10.0.3.143/32#32,911911#48;911#9,0
ADD,ipv4,10.0.3.144/32#32,912912#48;912#9,0
ADD,ipv4,10.0.3.145/32#32,913913#48;913#9,0
ADD,ipv4,10.0.3.146/32#32,914914#48;914#9,0
ADD,ipv4,10.0.3.147/32#32,915915#48;915#9,0
ADD,ipv4,10.0.3.148/32#32,916916#48;916#9,0
ADD,ipv4,10.0.3.149/32#32,917917#48;917#9,0
ADD,ipv4,10.0.3.150/32#32,918918#48;918#9,0
ADD,ipv4,10.0.3.151/32#32,919919#48;919#9,0
ADD,ipv4,10.0.3.152/32#32,920920#48;920#9,0
ADD,ipv4,10.0.3.153/32#32,921921#48;921#9,0
ADD,ipv4,10.0.3.154/32#32,922922#48;922#9,0
ADD,ipv4,10.0.3.155/32#32,923923#48;923#9,0
ADD,ipv4,10.0.3.156/32#32,924924#48;924#9,0
ADD,ipv4,10.0.3.157/32#32,925925#48;925#9,0
ADD,ipv4,10.0.3.158/32#32,926926#48;926#9,0
ADD,ipv4,10.0.3.159/32#32,927927#48;927#9,0
ADD,ipv4,10.0.3.160/32#32,928928#48;928#9,0
ADD,ipv4,10.0.3.161/32#32,929929#48;929#9,0
ADD,ipv4,10.0.3.162/32#32,930930#48;930#9,0
ADD,ipv4,10.0.3.163/32#32,931931#48;931#9,0
ADD,ipv4,10.0.3.164/32#32,932932#48;932#9,0
ADD,ipv4,10.0.3.165/32#32,933933#48;933#9,0
ADD,ipv4,10.0.3.166/32#32,934934#48;934#9,0
ADD,ipv4,10.0.3.167/32#32,935935#48;935#9,0
ADD,ipv4,10.0.3.168/32#32,936936#48;936#9,0
ADD,ipv4,10.0.3.169/32#32,937937#48;937#9,0
ADD,ipv4,10.0.3.170/32#32,938938#48;938#9,0
ADD,ipv4,10.0.3.171/32#32,939939#48;939#9,0
ADD,ipv4,10.0.3.172/32#32,940940#48;940#9,0
ADD,ipv4,10.0.3.173/32#32,941941#48;941#9,0
ADD,ipv4,10.0.3.174/32#32,942942#48;942#9,0
ADD,ipv4,10.0.3.175/32#32,943943#48;943#9,0
ADD,ipv4,10.0.3.176/32#32,944944#48;944#9,0
ADD,ipv4,10.0.3.177/32#32,945945#48;945#9,0
ADD,ipv4,10.0.3.178/32#32,946946#48;946#9,0
ADD,ipv4,10.0.3.179/32#32,947947#48;947#9,0
ADD,ipv4,10.0.3.180/32#32,948948#48;948#9,0
ADD,ipv4,10.0.3.181/32#32,949949#48;949#9,0
ADD,ipv4,10.0.3.182/32#32,950950#48;950#9,0
ADD,ipv4,10.0.3.183/32#32,951951#48;951#9,0
ADD,ipv4,10.0.3.184/32#32,952952#48;952#9,0
ADD,ipv4,10.0.3.185/32#32,953953#48;953#9,0
ADD,ipv4,10.0.3.186/32#32,954954#48;954#9,0
ADD,ipv4,10.0.3.187/32#32,955955#48;955#9,0
ADD,ipv4,10.0.3.188/32#32,956956#48;956#9,0
ADD,ipv4,10.0.3.189/32#32,957957#48;957#9,0
ADD,ipv4,10.0.3.190/32#32,958958#48;958#9,0
ADD,ipv4,10.0.3.191/32#32,959959#48;959#9,0
ADD,ipv4,10.0.3.192/32#32,960960#48;960#9,0
ADD,ipv4,10.0.3.193/32#32,961961#48;961#9,0
ADD,ipv4,10.0.3.194/32#32,962962#48;962#9,0
ADD,ipv4,10.0.3.195/32#32,963963#48;963#9,0
ADD,ipv4,10.0.3.196/32#32,964964#48;964#9,0
ADD,ipv4,10.0.3.197/32#32,965965#48;965#9,0
ADD,ipv4,10.0.3.198/32#32,966966#48;966#9,0
ADD,ipv4,10.0.3.199/32#32,967967#48;967#9,0
ADD,ipv4,10.0.3.200/32#32,968968#48;968#9,0
ADD,ipv4,10.0.3.201/32#32,969969#48;969#9,0
ADD,ipv4,10.0.3.202/32#32,970970#48;970#9,0
ADD,ipv4,10.0.3.203/32#32,971971#48;971#9,0
ADD,ipv4,10.0.3.204/32#32,972972#48;972#9,0
ADD,ipv4,10.0.3.205/32#32,973973#48;973#9,0
ADD,ipv4,10.0.3.206/32#32,974974#48;974#9,0
ADD,ipv4,10.0.3.207/32#32,975975#48;975#9,0
ADD,ipv4,10.0.3.208/32#32,976976#48;976#9,0
ADD,ipv4,10.0.3.209/32#32,977977#48;977#9,0
ADD,ipv4,10.0.3.210/32#32,978978#48;978#9,0
ADD,ipv4,10.0.3.211/32#32,979979#48;979#9,0
ADD,ipv4,10.0.3.212/32#32,980980#48;980#9,0
ADD,ipv4,10.0.3.213/32#32,981981#48;981#9,0
ADD,ipv4,10.0.3.214/32#32,982982#48;982#9,0
ADD,ipv4,10.0.3.215/32#32,983983#48;983#9,0
ADD,ipv4,10.0.3.216/32#32,984984#48;984#9,0
ADD,ipv4,10.0.3.217/32#32,985985#48;985#9,0
ADD,ipv4,10.0.3.218/32#32,986986#48;986#9,0
ADD,ipv4,10.0.3.219/32#32,987987#48;987#9,0
ADD,ipv4,10.0.3.220/32#32,988988#48;988#9,0
ADD,ipv4,10.0.3.221/32#32,989989#48;989#9,0
ADD,ipv4,10.0.3.222/32#32,990990#48;990#9,0
ADD,ipv4,10.0.3.223/32#32,991991#48;991#9,0
ADD,ipv4,10.0.3.224/32#32,992992#48;992#9,0
ADD,ipv4,10.0.3.225/32#32,993993#48;993#9,0
ADD,ipv4,10.0.3.226/32#32,994994#48;994#9,0
ADD,ipv4,10.0.3.227/32#32,995995#48;995#9,0
ADD,ipv4,10.0.3.228/32#32,996996#48;996#9,0
ADD,ipv4,10.0.3.229/32#32,997997#48;997#9,0
ADD,ipv4,10.0.3.230/32#32,998998#48;998#9,0
ADD,ipv4,10.0.3.231/32#32,999999#48;999#9,0
ADD,ipv4,10.0.3.232/32#32,10001000#48;1000#9,0
ADD,ipv4,10.0.3.233/32#32,10011001#48;1001#9,0
ADD,ipv4,10.0.3.234/32#32,10021002#48;1002#9,0
ADD,ipv4,10.0.3.235/32#32,10031003#48;1003#9,0
ADD,ipv4,10.0.3.236/32#32,10041004#48;1004#9,0
ADD,ipv4,10.0.3.237/32#32,10051005#48;1005#9,0
ADD,ipv4,10.0.3.238/32#32,10061006#48;1006#9,0
ADD,ipv4,10.0.3.239/32#32,10071007#48;1007#9,0
ADD,ipv4,10.0.3.240/32#32,10081008#48;1008#9,0
ADD,ipv4,10.0.3.241/32#32,10091009#48;1009#9,0
ADD,ipv4,10.0.3.242/32#32,10101010#48;1010#9,0
ADD,ipv4,10.0.3.243/32#32,10111011#48;1011#9,0
ADD,ipv4,10.0.3.244/32#32,10121012#48;1012#9,0
ADD,ipv4,10.0.3.245/32#32,10131013#48;1013#9,0
ADD,ipv4,10.0.3.246/32#32,10141014#48;1014#9,0
ADD,ipv4,10.0.3.247/32#32,10151015#48;1015#9,0
ADD,ipv4,10.0.3.248/32#32,10161016#48;1016#9,0
ADD,ipv4,10.0.3.249/32#32,10171017#48;1017#9,0
ADD,ipv4,10.0.3.250/32#32,10181018#48;1018#9,0
ADD,ipv4,10.0.3.251/32#32,10191019#48;1019#9,0
ADD,ipv4,10.0.3.252/32#32,10201020#48;1020#9,0
ADD,ipv4,10.0.3.253/32#32,10211021#48;1021#9,0
ADD,ipv4,10.0.3.254/32#32,10221022#48;1022#9,0
ADD,ipv4,10.0.3.255/32#32,10231023#48;1023#9,0
ADD,ipv4,10.0.4.0/32#32,10241024#48;1024#9,0
ADD,ipv4,10.0.4.1/32#32,10251025#48;1025#9,0
ADD,ipv4,10.0.4.2/32#32,10261026#48;1026#9,0
ADD,ipv4,10.0.4.3/32#32,10271027#48;1027#9,0
ADD,ipv4,10.0.4.4/32#32,10281028#48;1028#9,0
ADD,ipv4,10.0.4.5/32#32,10291029#48;1029#9,0
ADD,ipv4,10.0.4.6/32#32,10301030#48;1030#9,0
ADD,ipv4,10.0.4.7/32#32,10311031#48;1031#9,0
ADD,ipv4,10.0.4.8/32#32,10321032#48;1032#9,0
ADD,ipv4,10.0.4.9/32#32,10331033#48;1033#9,0
ADD,ipv4,10.0.4.10/32#32,10341034#48;1034#9,0
ADD,ipv4,10.0.4.11/32#32,10351035#48;1035#9,0
ADD,ipv4,10.0.4.12/32#32,10361036#48;1036#9,0
ADD,ipv4,10.0.4.13/32#32,10371037#48;1037#9,0
ADD,ipv4,10.0.4.14/32#32,10381038#48;1038#9,0
ADD,ipv4,10.0.4.15/32#32,10391039#48;1039#9,0
ADD,ipv4,10.0.4.16/32#32,10401040#48;1040#9,0
ADD,ipv4,10.0.4.17/32#32,10411041#48;1041#9,0
ADD,ipv4,10.0.4.18/32#32,10421042#48;1042#9,0
ADD,ipv4,10.0.4.19/32#32,10431043#48;1043#9,0
ADD,ipv4,10.0.4.20/32#32,10441044#48;1044#9,0
ADD,ipv4,10.0.4.21/32#32,10451045#48;1045#9,0
ADD,ipv4,10.0.4.22/32#32,10461046#48;1046#9,0
ADD,ipv4,10.0.4.23/32#32,10471047#48;1047#9,0
ADD,ipv4,10.0.4.24/32#32,10481048#48;1048#9,0
ADD,ipv4,10.0.4.25/32#32,10491049#48;1049#9,0
ADD,ipv4,10.0.4.26/32#32,10501050#48;1050#9,0
ADD,ipv4,10.0.4.27/32#32,10511051#48;1051#9,0
ADD,ipv4,10.0.4.28/32#32,10521052#48;1052#9,0
ADD,ipv4,10.0.4.29/32#32,10531053#48;1053#9,0
ADD,ipv4,10.0.4.30/32#32,10541054#48;1054#9,0
ADD,ipv4,10.0.4.31/32#32,10551055#48;1055#9,0
ADD,ipv4,10.0.4.32/32#32,10561056#48;1056#9,0
ADD,ipv4,10.0.4.33/32#32,10571057#48;1057#9,0
ADD,ipv4,10.0.4.34/32#32,10581058#48;1058#9,0
ADD,ipv4,10.0.4.35/32#32,10591059#48;1059#9,0
ADD,ipv4,10.0.4.36/32#32,10601060#48;1060#9,0
ADD,ipv4,10.0.4.37/32#32,10611061#48;1061#9,0
ADD,ipv4,10.0.4.38/32#32,10621062#48;1062#9,0
ADD,ipv4,10.0.4.39/32#32,10631063#48;1063#9,0
ADD,ipv4,10.0.4.40/32#32,10641064#48;1064#9,0
ADD,ipv4,10.0.4.41/32#32,10651065#48;1065#9,0
ADD,ipv4,10.0.4.42/32#32,10661066#48;1066#9,0
ADD,ipv4,10.0.4.43/32#32,10671067#48;1067#9,0
ADD,ipv4,10.0.4.44/32#32,10681068#48;1068#9,0
ADD,ipv4,10.0.4.45/32#32,10691069#48;1069#9,0
ADD,ipv4,10.0.4.46/32#32,10701070#48;1070#9,0
ADD,ipv4,10.0.4.47/32#32,10711071#48;1071#9,0
ADD,ipv4,10.0.4.48/32#32,10721072#48;1072#9,0
ADD,ipv4,10.0.4.49/32#32,10731073#48;1073#9,0
ADD,ipv4,10.0.4.50/32#32,10741074#48;1074#9,0
ADD,ipv4,10.0.4.51/32#32,10751075#48;1075#9,0
ADD,ipv4,10.0.4.52/32#32,10761076#48;1076#9,0
ADD,ipv4,10.0.4.53/32#32,10771077#48;1077#9,0
ADD,ipv4,10.0.4.54/32#32,10781078#48;1078#9,0
ADD,ipv4,10.0.4.55/32#32,10791079#48;1079#9,0
ADD,ipv4,10.0.4.56/32#32,10801080#48;1080#9,0
ADD,ipv4,10.0.4.57/32#32,10811081#48;1081#9,0
ADD,ipv4,10.0.4.58/32#32,10821082#48;1082#9,0
ADD,ipv4,10.0.4.59/32#32,10831083#48;1083#9,0
ADD,ipv4,10.0.4.60/32#32,10841084#48;1084#9,0
ADD,ipv4,10.0.4.61/32#32,10851085#48;1085#9,0
ADD,ipv4,10.0.4.62/32#32,10861086#48;1086#9,0
ADD,ipv4,10.0.4.63/32#32,10871087#48;1087#9,0
ADD,ipv4,10.0.4.64/32#32,10881088#48;1088#9,0
ADD,ipv4,10.0.4.65/32#32,10891089#48;1089#9,0
ADD,ipv4,10.0.4.66/32#32,10901090#48;1090#9,0
ADD,ipv4,10.0.4.67/32#32,10911091#48;1091#9,0
ADD,ipv4,10.0.4.68/32#32,10921092#48;1092#9,0
ADD,ipv4,10.0.4.69/32#32,10931093#48;1093#9,0
ADD,ipv4,10.0.4.70/32#32,10941094#48;1094#9,0
ADD,ipv4,10.0.4.71/32#32,10951095#48;1095#9,0
ADD,ipv4,10.0.4.72/32#32,10961096#48;1096#9,0
ADD,ipv4,10.0.4.73/32#32,10971097#48;1097#9,0
ADD,ipv4,10.0.4.74/32#32,10981098#48;1098#9,0
ADD,ipv4,10.0.4.75/32#32,10991099#48;1099#9,0
ADD,ipv4,10.0.4.76/32#32,11001100#48;1100#9,0
ADD,ipv4,10.0.4.77/32#32,11011101#48;1101#9,0
ADD,ipv4,10.0.4.78/32#32,11021102#48;1102#9,0
ADD,ipv4,10.0.4.79/32#32,11031103#48;1103#9,0
ADD,ipv4,10.0.4.80/32#32,11041104#48;1104#9,0
ADD,ipv4,10.0.4.81/32#32,11051105#48;1105#9,0
ADD,ipv4,10.0.4.82/32#32,11061106#48;1106#9,0
ADD,ipv4,10.0.4.83/32#32,11071107#48;1107#9,0
ADD,ipv4,10.0.4.84/32#32,11081108#48;1108#9,0
ADD,ipv4,10.0.4.85/32#32,11091109#48;1109#9,0
ADD,ipv4,10.0.4.86/32#32,11101110#48;1110#9,0
ADD,ipv4,10.0.4.87/32#32,11111111#48;1111#9,0
ADD,ipv4,10.0.4.88/32#32,11121112#48;1112#9,0
ADD,ipv4,10.0.4.89/32#32,11131113#48;1113#9,0
ADD,ipv4,10.0.4.90/32#32,11141114#48;1114#9,0
ADD,ipv4,10.0.4.91/32#32,11151115#48;1115#9,0
ADD,ipv4,10.0.4.92/32#32,11161116#48;1116#9,0
ADD,ipv4,10.0.4.93/32#32,11171117#48;1117#9,0
ADD,ipv4,10.0.4.94/32#32,11181118#48;1118#9,0
ADD,ipv4,10.0.4.95/32#32,11191119#48;1119#9,0
ADD,ipv4,10.0.4.96/32#32,11201120#48;1120#9,0
ADD,ipv4,10.0.4.97/32#32,11211121#48;1121#9,0
ADD,ipv4,10.0.4.98/32#32,11221122#48;1122#9,0
ADD,ipv4,10.0.4.99/32#32,11231123#48;1123#9,0
ADD,ipv4,10.0.4.100/32#32,11241124#48;1124#9,0
ADD,ipv4,10.0.4.101/32#32,11251125#48;1125#9,0
ADD,ipv4,10.0.4.102/32#32,11261126#48;1126#9,0
ADD,ipv4,10.0.4.103/32#32,11271127#48;1127#9,0
ADD,ipv4,10.0.4.104/32#32,11281128#48;1128#9,0
ADD,ipv4,10.0.4.105/32#32,11291129#48;1129#9,0
ADD,ipv4,10.0.4.106/32#32,11301130#48;1130#9,0
ADD,ipv4,10.0.4.107/32#32,11311131#48;1131#9,0
ADD,ipv4,10.0.4.108/32#32,11321132#48;1132#9,0
ADD,ipv4,10.0.4.109/32#32,11331133#48;1133#9,0
ADD,ipv4,10.0.4.110/32#32,11341134#48;1134#9,0
ADD,ipv4,10.0.4.111/32#32,11351135#48;1135#9,0
ADD,ipv4,10.0.4.112/32#32,11361136#48;1136#9,0
ADD,ipv4,10.0.4.113/32#32,11371137#48;1137#9,0
ADD,ipv4,10.0.4.114/32#32,11381138#48;1138#9,0
ADD,ipv4,10.0.4.115/32#32,11391139#48;1139#9,0
ADD,ipv4,10.0.4.116/32#32,11401140#48;1140#9,0
ADD,ipv4,10.0.4.117/32#32,11411141#48;1141#9,0
ADD,ipv4,10.0.4.118/32#32,11421142#48;1142#9,0
ADD,ipv4,10.0.4.119/32#32,11431143#48;1143#9,0
ADD,ipv4,10.0.4.120/32#32,11441144#48;1144#9,0
ADD,ipv4,10.0.4.121/32#32,11451145#48;1145#9,0
ADD,ipv4,10.0.4.122/32#32,11461146#48;1146#9,0
ADD,ipv4,10.0.4.123/32#32,11471147#48;1147#9,0
ADD,ipv4,10.0.4.124/32#32,11481148#48;1148#9,0
ADD,ipv4,10.0.4.125/32#32,11491149#48;1149#9,0
ADD,ipv4,10.0.4.126/32#32,11501150#48;1150#9,0
ADD,ipv4,10.0.4.127/32#32,11511151#48;1151#9,0
ADD,ipv4,10.0.4.128/32#32,11521152#48;1152#9,0
ADD,ipv4,10.0.4.129/32#32,11531153#48;1153#9,0
ADD,ipv4,10.0.4.130/32#32,11541154#48;1154#9,0
ADD,ipv4,10.0.4.131/32#32,11551155#48;1155#9,0
ADD,ipv4,10.0.4.132/32#32,11561156#48;1156#9,0
ADD,ipv4,10.0.4.133/32#32,11571157#48;1157#9,0
ADD,ipv4,10.0.4.134/32#32,11581158#48;1158#9,0
ADD,ipv4,10.0.4.135/32#32,11591159#48;1159#9,0
ADD,ipv4,10.0.4.136/32#32,11601160#48;1160#9,0
ADD,ipv4,10.0.4.137/32#32,11611161#48;1161#9,0
ADD,ipv4,10.0.4.138/32#32,11621162#48;1162#9,0
ADD,ipv4,10.0.4.139/32#32,11631163#48;1163#9,0
ADD,ipv4,10.0.4.140/32#32,11641164#48;1164#9,0
ADD,ipv4,10.0.4.141/32#32,11651165#48;1165#9,0
ADD,ipv4,10.0.4.142/32#32,11661166#48;1166#9,0
ADD,ipv4,10.0.4.143/32#32,11671167#48;1167#9,0
ADD,ipv4,10.0.4.144/32#32,11681168#48;1168#9,0
ADD,ipv4,10.0.4.145/32#32,11691169#48;1169#9,0
ADD,ipv4,10.0.4.146/32#32,11701170#48;1170#9,0
ADD,ipv4,10.0.4.147/32#32,11711171#48;1171#9,0
ADD,ipv4,10.0.4.148/32#32,11721172#48;1172#9,0
ADD,ipv4,10.0.4.149/32#32,11731173#48;1173#9,0
ADD,ipv4,10.0.4.150/32#32,11741174#48;1174#9,0
ADD,ipv4,10.0.4.151/32#32,11751175#48;1175#9,0
ADD,ipv4,10.0.4.152/32#32,11761176#48;1176#9,0
ADD,ipv4,10.0.4.153/32#32,11771177#48;1177#9,0
ADD,ipv4,10.0.4.154/32#32,11781178#48;1178#9,0
ADD,ipv4,10.0.4.155/32#32,11791179#48;1179#9,0
ADD,ipv4,10.0.4.156/32#32,11801180#48;1180#9,0
ADD,ipv4,10.0.4.157/32#32,11811181#48;1181#9,0
ADD,ipv4,10.0.4.158/32#32,11821182#48;1182#9,0
ADD,ipv4,10.0.4.159/32#32,11831183#48;1183#9,0
ADD,ipv4,10.0.4.160/32#32,11841184#48;1184#9,0
ADD,ipv4,10.0.4.161/32#32,11851185#48;1185#9,0
ADD,ipv4,10.0.4.162/32#32,11861186#48;1186#9,0
ADD,ipv4,10.0.4.163/32#32,11871187#48;1187#9,0
ADD,ipv4,10.0.4.164/32#32,11881188#48;1188#9,0
ADD,ipv4,10.0.4.165/32#32,11891189#48;1189#9,0
ADD,ipv4,10.0.4.166/32#32,11901190#48;1190#9,0
ADD,ipv4,10.0.4.167/32#32,11911191#48;1191#9,0
ADD,ipv4,10.0.4.168/32#32,11921192#48;1192#9,0
ADD,ipv4,10.0.4.169/32#32,11931193#48;1193#9,0
ADD,ipv4,10.0.4.170/32#32,11941194#48;1194#9,0
ADD,ipv4,10.0.4.171/32#32,11951195#48;1195#9,0
ADD,ipv4,10.0.4.172/32#32,11961196#48;1196#9,0
ADD,ipv4,10.0.4.173/32#32,11971197#48;1197#9,0
ADD,ipv4,10.0.4.174/32#32,11981198#48;1198#9,0
ADD,ipv4,10.0.4.175/32#32,11991199#48;1199#9,0
ADD,ipv4,10.0.4.176/32#32,12001200#48;1200#9,0
ADD,ipv4,10.0.4.177/32#32,12011201#48;1201#9,0
ADD,ipv4,10.0.4.178/32#32,12021202#48;1202#9,0
ADD,ipv4,10.0.4.179/32#32,12031203#48;1203#9,0
ADD,ipv4,10.0.4.180/32#32,12041204#48;1204#9,0
ADD,ipv4,10.0.4.181/32#32,12051205#48;1205#9,0
ADD,ipv4,10.0.4.182/32#32,12061206#48;1206#9,0
ADD,ipv4,10.0.4.183/32#32,12071207#48;1207#9,0
ADD,ipv4,10.0.4.184/32#32,12081208#48;1208#9,0
ADD,ipv4,10.0.4.185/32#32,12091209#48;1209#9,0
ADD,ipv4,10.0.4.186/32#32,12101210#48;1210#9,0
ADD,ipv4,10.0.4.187/32#32,12111211#48;1211#9,0
ADD,ipv4,10.0.4.188/32#32,12121212#48;1212#9,0
ADD,ipv4,10.0.4.189/32#32,12131213#48;1213#9,0
ADD,ipv4,10.0.4.190/32#32,12141214#48;1214#9,0
ADD,ipv4,10.0.4.191/32#32,12151215#48;1215#9,0
ADD,ipv4,10.0.4.192/32#32,12161216#48;1216#9,0
ADD,ipv4,10.0.4.193/32#32,12171217#48;1217#9,0
ADD,ipv4,10.0.4.194/32#32,12181218#48;1218#9,0
ADD,ipv4,10.0.4.195/32#32,12191219#48;1219#9,0
ADD,ipv4,10.0.4.196/32#32,12201220#48;1220#9,0
ADD,ipv4,10.0.4.197/32#32,12211221#48;1221#9,0
ADD,ipv4,10.0.4.198/32#32,12221222#48;1222#9,0
ADD,ipv4,10.0.4.199/32#32,12231223#48;1223#9,0
ADD,ipv4,10.0.4.200/32#32,12241224#48;1224#9,0
ADD,ipv4,10.0.4.201/32#32,12251225#48;1225#9,0
ADD,ipv4,10.0.4.202/32#32,12261226#48;1226#9,0
ADD,ipv4,10.0.4.203/32#32,12271227#48;1227#9,0
ADD,ipv4,10.0.4.204/32#32,12281228#48;1228#9,0
ADD,ipv4,10.0.4.205/32#32,12291229#48;1229#9,0
ADD,ipv4,10.0.4.206/32#32,12301230#48;1230#9,0
ADD,ipv4,10.0.4.207/32#32,12311231#48;1231#9,0
ADD,ipv4,10.0.4.208/32#32,12321232#48;1232#9,0
ADD,ipv4,10.0.4.209/32#32,12331233#48;1233#9,0
ADD,ipv4,10.0.4.210/32#32,12341234#48;1234#9,0
ADD,ipv4,10.0.4.211/32#32,12351235#48;1235#9,0
ADD,ipv4,10.0.4.212/32#32,12361236#48;1236#9,0
ADD,ipv4,10.0.4.213/32#32,12371237#48;1237#9,0
ADD,ipv4,10.0.4.214/32#32,12381238#48;1238#9,0
ADD,ipv4,10.0.4.215/32#32,12391239#48;1239#9,0
ADD,ipv4,10.0.4.216/32#32,12401240#48;1240#9,0
ADD,ipv4,10.0.4.217/32#32,12411241#48;1241#9,0
ADD,ipv4,10.0.4.218/32#32,12421242#48;1242#9,0
ADD,ipv4,10.0.4.219/32#32,12431243#48;1243#9,0
ADD,ipv4,10.0.4.220/32#32,12441244#48;1244#9,0
ADD,ipv4,10.0.4.221/32#32,12451245#48;1245#9,0
ADD,ipv4,10.0.4.222/32#32,12461246#48;1246#9,0
ADD,ipv4,10.0.4.223/32#32,12471247#48;1247#9,0
ADD,ipv4,10.0.4.224/32#32,12481248#48;1248#9,0
ADD,ipv4,10.0.4.225/32#32,12491249#48;1249#9,0
ADD,ipv4,10.0.4.226/32#32,12501250#48;1250#9,0
ADD,ipv4,10.0.4.227/32#32,12511251#48;1251#9,0
ADD,ipv4,10.0.4.228/32#32,12521252#48;1252#9,0
ADD,ipv4,10.0.4.229/32#32,12531253#48;1253#9,0
ADD,ipv4,10.0.4.230/32#32,12541254#48;1254#9,0
ADD,ipv4,10.0.4.231/32#32,12551255#48;1255#9,0
ADD,ipv4,10.0.4.232/32#32,12561256#48;1256#9,0
ADD,ipv4,10.0.4.233/32#32,12571257#48;1257#9,0
ADD,ipv4,10.0.4.234/32#32,12581258#48;1258#9,0
ADD,ipv4,10.0.4.235/32#32,12591259#48;1259#9,0
ADD,ipv4,10.0.4.236/32#32,12601260#48;1260#9,0
ADD,ipv4,10.0.4.237/32#32,12611261#48;1261#9,0
ADD,ipv4,10.0.4.238/32#32,12621262#48;1262#9,0
ADD,ipv4,10.0.4.239/32#32,12631263#48;1263#9,0
ADD,ipv4,10.0.4.240/32#32,12641264#48;1264#9,0
ADD,ipv4,10.0.4.241/32#32,12651265#48;1265#9,0
ADD,ipv4,10.0.4.242/32#32,12661266#48;1266#9,0
ADD,ipv4,10.0.4.243/32#32,12671267#48;1267#9,0
ADD,ipv4,10.0.4.244/32#32,12681268#48;1268#9,0
ADD,ipv4,10.0.4.245/32#32,12691269#48;1269#9,0
ADD,ipv4,10.0.4.246/32#32,12701270#48;1270#9,0
ADD,ipv4,10.0.4.247/32#32,12711271#48;1271#9,0
ADD,ipv4,10.0.4.248/32#32,12721272#48;1272#9,0
ADD,ipv4,10.0.4.249/32#32,12731273#48;1273#9,0
ADD,ipv4,10.0.4.250/32#32,12741274#48;1274#9,0
ADD,ipv4,10.0.4.251/32#32,12751275#48;1275#9,0
ADD,ipv4,10.0.4.252/32#32,12761276#48;1276#9,0
ADD,ipv4,10.0.4.253/32#32,12771277#48;1277#9,0
ADD,ipv4,10.0.4.254/32#32,12781278#48;1278#9,0
ADD,ipv4,10.0.4.255/32#32,12791279#48;1279#9,0
ADD,ipv4,10.0.5.0/32#32,12801280#48;1280#9,0
ADD,ipv4,10.0.5.1/32#32,12811281#48;1281#9,0
ADD,ipv4,10.0.5.2/32#32,12821282#48;1282#9,0
ADD,ipv4,10.0.5.3/32#32,12831283#48;1283#9,0
ADD,ipv4,10.0.5.4/32#32,12841284#48;1284#9,0
ADD,ipv4,10.0.5.5/32#32,12851285#48;1285#9,0
ADD,ipv4,10.0.5.6/32#32,12861286#48;1286#9,0
ADD,ipv4,10.0.5.7/32#32,12871287#48;1287#9,0
ADD,ipv4,10.0.5.8/32#32,12881288#48;1288#9,0
ADD,ipv4,10.0.5.9/32#32,12891289#48;1289#9,0
ADD,ipv4,10.0.5.10/32#32,12901290#48;1290#9,0
ADD,ipv4,10.0.5.11/32#32,12911291#48;1291#9,0
ADD,ipv4,10.0.5.12/32#32,12921292#48;1292#9,0
ADD,ipv4,10.0.5.13/32#32,12931293#48;1293#9,0
ADD,ipv4,10.0.5.14/32#32,12941294#48;1294#9,0
ADD,ipv4,10.0.5.15/32#32,12951295#48;1295#9,0
ADD,ipv4,10.0.5.16/32#32,12961296#48;1296#9,0
ADD,ipv4,10.0.5.17/32#32,12971297#48;1297#9,0
ADD,ipv4,10.0.5.18/32#32,12981298#48;1298#9,0
ADD,ipv4,10.0.5.19/32#32,12991299#48;1299#9,0
ADD,ipv4,10.0.5.20/32#32,13001300#48;1300#9,0
ADD,ipv4,10.0.5.21/32#32,13011301#48;1301#9,0
ADD,ipv4,10.0.5.22/32#32,13021302#48;1302#9,0
ADD,ipv4,10.0.5.23/32#32,13031303#48;1303#9,0
ADD,ipv4,10.0.5.24/32#32,13041304#48;1304#9,0
ADD,ipv4,10.0.5.25/32#32,13051305#48;1305#9,0
ADD,ipv4,10.0.5.26/32#32,13061306#48;1306#9,0
ADD,ipv4,10.0.5.27/32#32,13071307#48;1307#9,0
ADD,ipv4,10.0.5.28/32#32,13081308#48;1308#9,0
ADD,ipv4,10.0.5.29/32#32,13091309#48;1309#9,0
ADD,ipv4,10.0.5.30/32#32,13101310#48;1310#9,0
ADD,ipv4,10.0.5.31/32#32,13111311#48;1311#9,0
ADD,ipv4,10.0.5.32/32#32,13121312#48;1312#9,0
ADD,ipv4,10.0.5.33/32#32,13131313#48;1313#9,0
ADD,ipv4,10.0.5.34/32#32,13141314#48;1314#9,0
ADD,ipv4,10.0.5.35/32#32,13151315#48;1315#9,0
ADD,ipv4,10.0.5.36/32#32,13161316#48;1316#9,0
ADD,ipv4,10.0.5.37/32#32,13171317#48;1317#9,0
ADD,ipv4,10.0.5.38/32#32,13181318#48;1318#9,0
ADD,ipv4,10.0.5.39/32#32,13191319#48;1319#9,0
ADD,ipv4,10.0.5.40/32#32,13201320#48;1320#9,0
ADD,ipv4,10.0.5.41/32#32,13211321#48;1321#9,0
ADD,ipv4,10.0.5.42/32#32,13221322#48;1322#9,0
ADD,ipv4,10.0.5.43/32#32,13231323#48;1323#9,0
ADD,ipv4,10.0.5.44/32#32,13241324#48;1324#9,0
ADD,ipv4,10.0.5.45/32#32,13251325#48;1325#9,0
ADD,ipv4,10.0.5.46/32#32,13261326#48;1326#9,0
ADD,ipv4,10.0.5.47/32#32,13271327#48;1327#9,0
ADD,ipv4,10.0.5.48/32#32,13281328#48;1328#9,0
ADD,ipv4,10.0.5.49/32#32,13291329#48;1329#9,0
ADD,ipv4,10.0.5.50/32#32,13301330#48;1330#9,0
ADD,ipv4,10.0.5.51/32#32,13311331#48;1331#9,0
ADD,ipv4,10.0.5.52/32#32,13321332#48;1332#9,0
ADD,ipv4,10.0.5.53/32#32,13331333#48;1333#9,0
ADD,ipv4,10.0.5.54/32#32,13341334#48;1334#9,0
ADD,ipv4,10.0.5.55/32#32,13351335#48;1335#9,0
ADD,ipv4,10.0.5.56/32#32,13361336#48;1336#9,0
ADD,ipv4,10.0.5.57/32#32,13371337#48;1337#9,0
ADD,ipv4,10.0.5.58/32#32,13381338#48;1338#9,0
ADD,ipv4,10.0.5.59/32#32,13391339#48;1339#9,0
ADD,ipv4,10.0.5.60/32#32,13401340#48;1340#9,0
ADD,ipv4,10.0.5.61/32#32,13411341#48;1341#9,0
ADD,ipv4,10.0.5.62/32#32,13421342#48;1342#9,0
ADD,ipv4,10.0.5.63/32#32,13431343#48;1343#9,0
ADD,ipv4,10.0.5.64/32#32,13441344#48;1344#9,0
ADD,ipv4,10.0.5.65/32#32,13451345#48;1345#9,0
ADD,ipv4,10.0.5.66/32#32,13461346#48;1346#9,0
ADD,ipv4,10.0.5.67/32#32,13471347#48;1347#9,0
ADD,ipv4,10.0.5.68/32#32,13481348#48;1348#9,0
ADD,ipv4,10.0.5.69/32#32,13491349#48;1349#9,0
ADD,ipv4,10.0.5.70/32#32,13501350#48;1350#9,0
ADD,ipv4,10.0.5.71/32#32,13511351#48;1351#9,0
ADD,ipv4,10.0.5.72/32#32,13521352#48;1352#9,0
ADD,ipv4,10.0.5.73/32#32,13531353#48;1353#9,0
ADD,ipv4,10.0.5.74/32#32,13541354#48;1354#9,0
ADD,ipv4,10.0.5.75/32#32,13551355#48;1355#9,0
ADD,ipv4,10.0.5.76/32#32,13561356#48;1356#9,0
ADD,ipv4,10.0.5.77/32#32,13571357#48;1357#9,0
ADD,ipv4,10.0.5.78/32#32,13581358#48;1358#9,0
ADD,ipv4,10.0.5.79/32#32,13591359#48;1359#9,0
ADD,ipv4,10.0.5.80/32#32,13601360#48;1360#9,0
ADD,ipv4,10.0.5.81/32#32,13611361#48;1361#9,0
ADD,ipv4,10.0.5.82/32#32,13621362#48;1362#9,0
ADD,ipv4,10.0.5.83/32#32,13631363#48;1363#9,0
ADD,ipv4,10.0.5.84/32#32,13641364#48;1364#9,0
ADD,ipv4,10.0.5.85/32#32,13651365#48;1365#9,0
ADD,ipv4,10.0.5.86/32#32,13661366#48;1366#9,0
ADD,ipv4,10.0.5.87/32#32,13671367#48;1367#9,0
ADD,ipv4,10.0.5.88/32#32,13681368#48;1368#9,0
ADD,ipv4,10.0.5.89/32#32,13691369#48;1369#9,0
ADD,ipv4,10.0.5.90/32#32,13701370#48;1370#9,0
ADD,ipv4,10.0.5.91/32#32,13711371#48;1371#9,0
ADD,ipv4,10.0.5.92/32#32,13721372#48;1372#9,0
ADD,ipv4,10.0.5.93/32#32,13731373#48;1373#9,0
ADD,ipv4,10.0.5.94/32#32,13741374#48;1374#9,0
ADD,ipv4,10.0.5.95/32#32,13751375#48;1375#9,0
ADD,ipv4,10.0.5.96/32#32,13761376#48;1376#9,0
ADD,ipv4,10.0.5.97/32#32,13771377#48;1377#9,0
ADD,ipv4,10.0.5.98/32#32,13781378#48;1378#9,0
ADD,ipv4,10.0.5.99/32#32,13791379#48;1379#9,0
ADD,ipv4,10.0.5.100/32#32,13801380#48;1380#9,0
ADD,ipv4,10.0.5.101/32#32,13811381#48;1381#9,0
ADD,ipv4,10.0.5.102/32#32,13821382#48;1382#9,0
ADD,ipv4,10.0.5.103/32#32,13831383#48;1383#9,0
ADD,ipv4,10.0.5.104/32#32,13841384#48;1384#9,0
ADD,ipv4,10.0.5.105/32#32,13851385#48;1385#9,0
ADD,ipv4,10.0.5.106/32#32,13861386#48;1386#9,0
ADD,ipv4,10.0.5.107/32#32,13871387#48;1387#9,0
ADD,ipv4,10.0.5.108/32#32,13881388#48;1388#9,0
ADD,ipv4,10.0.5.109/32#32,13891389#48;1389#9,0
ADD,ipv4,10.0.5.110/32#32,13901390#48;1390#9,0
ADD,ipv4,10.0.5.111/32#32,13911391#48;1391#9,0
ADD,ipv4,10.0.5.112/32#32,13921392#48;1392#9,0
ADD,ipv4,10.0.5.113/32#32,13931393#48;1393#9,0
ADD,ipv4,10.0.5.114/32#32,13941394#48;1394#9,0
ADD,ipv4,10.0.5.115/32#32,13951395#48;1395#9,0
ADD,ipv4,10.0.5.116/32#32,13961396#48;1396#9,0
ADD,ipv4,10.0.5.117/32#32,13971397#48;1397#9,0
ADD,ipv4,10.0.5.118/32#32,13981398#48;1398#9,0
ADD,ipv4,10.0.5.119/32#32,13991399#48;1399#9,0
ADD,ipv4,10.0.5.120/32#32,14001400#48;1400#9,0
ADD,ipv4,10.0.5.121/32#32,14011401#48;1401#9,0
ADD,ipv4,10.0.5.122/32#32,14021402#48;1402#9,0
ADD,ipv4,10.0.5.123/32#32,14031403#48;1403#9,0
ADD,ipv4,10.0.5.124/32#32,14041404#48;1404#9,0
ADD,ipv4,10.0.5.125/32#32,14051405#48;1405#9,0
ADD,ipv4,10.0.5.126/32#32,14061406#48;1406#9,0
ADD,ipv4,10.0.5.127/32#32,14071407#48;1407#9,0
ADD,ipv4,10.0.5.128/32#32,14081408#48;1408#9,0
ADD,ipv4,10.0.5.129/32#32,14091409#48;1409#9,0
ADD,ipv4,10.0.5.130/32#32,14101410#48;1410#9,0
ADD,ipv4,10.0.5.131/32#32,14111411#48;1411#9,0
ADD,ipv4,10.0.5.132/32#32,14121412#48;1412#9,0
ADD,ipv4,10.0.5.133/32#32,14131413#48;1413#9,0
ADD,ipv4,10.0.5.134/32#32,14141414#48;1414#9,0
ADD,ipv4,10.0.5.135/32#32,14151415#48;1415#9,0
ADD,ipv4,10.0.5.136/32#32,14161416#48;1416#9,0
ADD,ipv4,10.0.5.137/32#32,14171417#48;1417#9,0
ADD,ipv4,10.0.5.138/32#32,14181418#48;1418#9,0
ADD,ipv4,10.0.5.139/32#32,14191419#48;1419#9,0
ADD,ipv4,10.0.5.140/32#32,14201420#48;1420#9,0
ADD,ipv4,10.0.5.141/32#32,14211421#48;1421#9,0
ADD,ipv4,10.0.5.142/32#32,14221422#48;1422#9,0
ADD,ipv4,10.0.5.143/32#32,14231423#48;1423#9,0
ADD,ipv4,10.0.5.144/32#32,14241424#48;1424#9,0
ADD,ipv4,10.0.5.145/32#32,14251425#48;1425#9,0
ADD,ipv4,10.0.5.146/32#32,14261426#48;1426#9,0
ADD,ipv4,10.0.5.147/32#32,14271427#48;1427#9,0
ADD,ipv4,10.0.5.148/32#32,14281428#48;1428#9,0
ADD,ipv4,10.0.5.149/32#32,14291429#48;1429#9,0
ADD,ipv4,10.0.5.150/32#32,14301430#48;1430#9,0
ADD,ipv4,10.0.5.151/32#32,14311431#48;1431#9,0
ADD,ipv4,10.0.5.152/32#32,14321432#48;1432#9,0
ADD,ipv4,10.0.5.153/32#32,14331433#48;1433#9,0
ADD,ipv4,10.0.5.154/32#32,14341434#48;1434#9,0
ADD,ipv4,10.0.5.155/32#32,14351435#48;1435#9,0
ADD,ipv4,10.0.5.156/32#32,14361436#48;1436#9,0
ADD,ipv4,10.0.5.157/32#32,14371437#48;1437#9,0
ADD,ipv4,10.0.5.158/32#32,14381438#48;1438#9,0
ADD,ipv4,10.0.5.159/32#32,14391439#48;1439#9,0
ADD,ipv4,10.0.5.160/32#32,14401440#48;1440#9,0
ADD,ipv4,10.0.5.161/32#32,14411441#48;1441#9,0
ADD,ipv4,10.0.5.162/32#32,14421442#48;1442#9,0
ADD,ipv4,10.0.5.163/32#32,14431443#48;1443#9,0
ADD,ipv4,10.0.5.164/32#32,14441444#48;1444#9,0
ADD,ipv4,10.0.5.165/32#32,14451445#48;1445#9,0
ADD,ipv4,10.0.5.166/32#32,14461446#48;1446#9,0
ADD,ipv4,10.0.5.167/32#32,14471447#48;1447#9,0
ADD,ipv4,10.0.5.168/32#32,14481448#48;1448#9,0
ADD,ipv4,10.0.5.169/32#32,14491449#48;1449#9,0
ADD,ipv4,10.0.5.170/32#32,14501450#48;1450#9,0
ADD,ipv4,10.0.5.171/32#32,14511451#48;1451#9,0
ADD,ipv4,10.0.5.172/32#32,14521452#48;1452#9,0
ADD,ipv4,10.0.5.173/32#32,14531453#48;1453#9,0
ADD,ipv4,10.0.5.174/32#32,14541454#48;1454#9,0
ADD,ipv4,10.0.5.175/32#32,14551455#48;1455#9,0
ADD,ipv4,10.0.5.176/32#32,14561456#48;1456#9,0
ADD,ipv4,10.0.5.177/32#32,14571457#48;1457#9,0
ADD,ipv4,10.0.5.178/32#32,14581458#48;1458#9,0
ADD,ipv4,10.0.5.179/32#32,14591459#48;1459#9,0
ADD,ipv4,10.0.5.180/32#32,14601460#48;1460#9,0
ADD,ipv4,10.0.5.181/32#32,14611461#48;1461#9,0
ADD,ipv4,10.0.5.182/32#32,14621462#48;1462#9,0
ADD,ipv4,10.0.5.183/32#32,14631463#48;1463#9,0
ADD,ipv4,10.0.5.184/32#32,14641464#48;1464#9,0
ADD,ipv4,10.0.5.185/32#32,14651465#48;1465#9,0
ADD,ipv4,10.0.5.186/32#32,14661466#48;1466#9,0
ADD,ipv4,10.0.5.187/32#32,14671467#48;1467#9,0
ADD,ipv4,10.0.5.188/32#32,14681468#48;1468#9,0
ADD,ipv4,10.0.5.189/32#32,14691469#48;1469#9,0
ADD,ipv4,10.0.5.190/32#32,14701470#48;1470#9,0
ADD,ipv4,10.0.5.191/32#32,14711471#48;1471#9,0
ADD,ipv4,10.0.5.192/32#32,14721472#48;1472#9,0
ADD,ipv4,10.0.5.193/32#32,14731473#48;1473#9,0
ADD,ipv4,10.0.5.194/32#32,14741474#48;1474#9,0
ADD,ipv4,10.0.5.195/32#32,14751475#48;1475#9,0
ADD,ipv4,10.0.5.196/32#32,14761476#48;1476#9,0
ADD,ipv4,10.0.5.197/32#32,14771477#48;1477#9,0
ADD,ipv4,10.0.5.198/32#32,14781478#48;1478#9,0
ADD,ipv4,10.0.5.199/32#32,14791479#48;1479#9,0
ADD,ipv4,10.0.5.200/32#32,14801480#48;1480#9,0
ADD,ipv4,10.0.5.201/32#32,14811481#48;1481#9,0
ADD,ipv4,10.0.5.202/32#32,14821482#48;1482#9,0
ADD,ipv4,10.0.5.203/32#32,14831483#48;1483#9,0
ADD,ipv4,10.0.5.204/32#32,14841484#48;1484#9,0
ADD,ipv4,10.0.5.205/32#32,14851485#48;1485#9,0
ADD,ipv4,10.0.5.206/32#32,14861486#48;1486#9,0
ADD,ipv4,10.0.5.207/32#32,14871487#48;1487#9,0
ADD,ipv4,10.0.5.208/32#32,14881488#48;1488#9,0
ADD,ipv4,10.0.5.209/32#32,14891489#48;1489#9,0
ADD,ipv4,10.0.5.210/32#32,14901490#48;1490#9,0
ADD,ipv4,10.0.5.211/32#32,14911491#48;1491#9,0
ADD,ipv4,10.0.5.212/32#32,14921492#48;1492#9,0
ADD,ipv4,10.0.5.213/32#32,14931493#48;1493#9,0
ADD,ipv4,10.0.5.214/32#32,14941494#48;1494#9,0
ADD,ipv4,10.0.5.215/32#32,14951495#48;1495#9,0
ADD,ipv4,10.0.5.216/32#32,14961496#48;1496#9,0
ADD,ipv4,10.0.5.217/32#32,14971497#48;1497#9,0
ADD,ipv4,10.0.5.218/32#32,14981498#48;1498#9,0
ADD,ipv4,10.0.5.219/32#32,14991499#48;1499#9,0
ADD,ipv4,10.0.5.220/32#32,15001500#48;1500#9,0
ADD,ipv4,10.0.5.221/32#32,15011501#48;1501#9,0
ADD,ipv4,10.0.5.222/32#32,15021502#48;1502#9,0
ADD,ipv4,10.0.5.223/32#32,15031503#48;1503#9,0
ADD,ipv4,10.0.5.224/32#32,15041504#48;1504#9,0
ADD,ipv4,10.0.5.225/32#32,15051505#48;1505#9,0
ADD,ipv4,10.0.5.226/32#32,15061506#48;1506#9,0
ADD,ipv4,10.0.5.227/32#32,15071507#48;1507#9,0
ADD,ipv4,10.0.5.228/32#32,15081508#48;1508#9,0
ADD,ipv4,10.0.5.229/32#32,15091509#48;1509#9,0
ADD,ipv4,10.0.5.230/32#32,15101510#48;1510#9,0
ADD,ipv4,10.0.5.231/32#32,15111511#48;1511#9,0
ADD,ipv4,10.0.5.232/32#32,15121512#48;1512#9,0
ADD,ipv4,10.0.5.233/32#32,15131513#48;1513#9,0
ADD,ipv4,10.0.5.234/32#32,15141514#48;1514#9,0
ADD,ipv4,10.0.5.235/32#32,15151515#48;1515#9,0
ADD,ipv4,10.0.5.236/32#32,15161516#48;1516#9,0
ADD,ipv4,10.0.5.237/32#32,15171517#48;1517#9,0
ADD,ipv4,10.0.5.238/32#32,15181518#48;1518#9,0
ADD,ipv4,10.0.5.239/32#32,15191519#48;1519#9,0
ADD,ipv4,10.0.5.240/32#32,15201520#48;1520#9,0
ADD,ipv4,10.0.5.241/32#32,15211521#48;1521#9,0
ADD,ipv4,10.0.5.242/32#32,15221522#48;1522#9,0
ADD,ipv4,10.0.5.243/32#32,15231523#48;1523#9,0
ADD,ipv4,10.0.5.244/32#32,15241524#48;1524#9,0
ADD,ipv4,10.0.5.245/32#32,15251525#48;1525#9,0
ADD,ipv4,10.0.5.246/32#32,15261526#48;1526#9,0
ADD,ipv4,10.0.5.247/32#32,15271527#48;1527#9,0
ADD,ipv4,10.0.5.248/32#32,15281528#48;1528#9,0
ADD,ipv4,10.0.5.249/32#32,15291529#48;1529#9,0
ADD,ipv4,10.0.5.250/32#32,15301530#48;1530#9,0
ADD,ipv4,10.0.5.251/32#32,15311531#48;1531#9,0
ADD,ipv4,10.0.5.252/32#32,15321532#48;1532#9,0
ADD,ipv4,10.0.5.253/32#32,15331533#48;1533#9,0
ADD,ipv4,10.0.5.254/32#32,15341534#48;1534#9,0
ADD,ipv4,10.0.5.255/32#32,15351535#48;1535#9,0
ADD,ipv4,10.0.6.0/32#32,15361536#48;1536#9,0
ADD,ipv4,10.0.6.1/32#32,15371537#48;1537#9,0
ADD,ipv4,10.0.6.2/32#32,15381538#48;1538#9,0
ADD,ipv4,10.0.6.3/32#32,15391539#48;1539#9,0
ADD,ipv4,10.0.6.4/32#32,15401540#48;1540#9,0
ADD,ipv4,10.0.6.5/32#32,15411541#48;1541#9,0
ADD,ipv4,10.0.6.6/32#32,15421542#48;1542#9,0
ADD,ipv4,10.0.6.7/32#32,15431543#48;1543#9,0
ADD,ipv4,10.0.6.8/32#32,15441544#48;1544#9,0
ADD,ipv4,10.0.6.9/32#32,15451545#48;1545#9,0
ADD,ipv4,10.0.6.10/32#32,15461546#48;1546#9,0
ADD,ipv4,10.0.6.11/32#32,15471547#48;1547#9,0
ADD,ipv4,10.0.6.12/32#32,15481548#48;1548#9,0
ADD,ipv4,10.0.6.13/32#32,15491549#48;1549#9,0
ADD,ipv4,10.0.6.14/32#32,15501550#48;1550#9,0
ADD,ipv4,10.0.6.15/32#32,15511551#48;1551#9,0
ADD,ipv4,10.0.6.16/32#32,15521552#48;1552#9,0
ADD,ipv4,10.0.6.17/32#32,15531553#48;1553#9,0
ADD,ipv4,10.0.6.18/32#32,15541554#48;1554#9,0
ADD,ipv4,10.0.6.19/32#32,15551555#48;1555#9,0
ADD,ipv4,10.0.6.20/32#32,15561556#48;1556#9,0
ADD,ipv4,10.0.6.21/32#32,15571557#48;1557#9,0
ADD,ipv4,10.0.6.22/32#32,15581558#48;1558#9,0
ADD,ipv4,10.0.6.23/32#32,15591559#48;1559#9,0
ADD,ipv4,10.0.6.24/32#32,15601560#48;1560#9,0
ADD,ipv4,10.0.6.25/32#32,15611561#48;1561#9,0
ADD,ipv4,10.0.6.26/32#32,15621562#48;1562#9,0
ADD,ipv4,10.0.6.27/32#32,15631563#48;1563#9,0
ADD,ipv4,10.0.6.28/32#32,15641564#48;1564#9,0
ADD,ipv4,10.0.6.29/32#32,15651565#48;1565#9,0
ADD,ipv4,10.0.6.30/32#32,15661566#48;1566#9,0
ADD,ipv4,10.0.6.31/32#32,15671567#48;1567#9,0
ADD,ipv4,10.0.6.32/32#32,15681568#48;1568#9,0
ADD,ipv4,10.0.6.33/32#32,15691569#48;1569#9,0
ADD,ipv4,10.0.6.34/32#32,15701570#48;1570#9,0
ADD,ipv4,10.0.6.35/32#32,15711571#48;1571#9,0
ADD,ipv4,10.0.6.36/32#32,15721572#48;1572#9,0
ADD,ipv4,10.0.6.37/32#32,15731573#48;1573#9,0
ADD,ipv4,10.0.6.38/32#32,15741574#48;1574#9,0
ADD,ipv4,10.0.6.39/32#32,15751575#48;1575#9,0
ADD,ipv4,10.0.6.40/32#32,15761576#48;1576#9,0
ADD,ipv4,10.0.6.41/32#32,15771577#48;1577#9,0
ADD,ipv4,10.0.6.42/32#32,15781578#48;1578#9,0
ADD,ipv4,10.0.6.43/32#32,15791579#48;1579#9,0
ADD,ipv4,10.0.6.44/32#32,15801580#48;1580#9,0
ADD,ipv4,10.0.6.45/32#32,15811581#48;1581#9,0
ADD,ipv4,10.0.6.46/32#32,15821582#48;1582#9,0
ADD,ipv4,10.0.6.47/32#32,15831583#48;1583#9,0
ADD,ipv4,10.0.6.48/32#32,15841584#48;1584#9,0
ADD,ipv4,10.0.6.49/32#32,15851585#48;1585#9,0
ADD,ipv4,10.0.6.50/32#32,15861586#48;1586#9,0
ADD,ipv4,10.0.6.51/32#32,15871587#48;1587#9,0
ADD,ipv4,10.0.6.52/32#32,15881588#48;1588#9,0
ADD,ipv4,10.0.6.53/32#32,15891589#48;1589#9,0
ADD,ipv4,10.0.6.54/32#32,15901590#48;1590#9,0
ADD,ipv4,10.0.6.55/32#32,15911591#48;1591#9,0
ADD,ipv4,10.0.6.56/32#32,15921592#48;1592#9,0
ADD,ipv4,10.0.6.57/32#32,15931593#48;1593#9,0
ADD,ipv4,10.0.6.58/32#32,15941594#48;1594#9,0
ADD,ipv4,10.0.6.59/32#32,15951595#48;1595#9,0
ADD,ipv4,10.0.6.60/32#32,15961596#48;1596#9,0
ADD,ipv4,10.0.6.61/32#32,15971597#48;1597#9,0
ADD,ipv4,10.0.6.62/32#32,15981598#48;1598#9,0
ADD,ipv4,10.0.6.63/32#32,15991599#48;1599#9,0
ADD,ipv4,10.0.6.64/32#32,16001600#48;1600#9,0
ADD,ipv4,10.0.6.65/32#32,16011601#48;1601#9,0
ADD,ipv4,10.0.6.66/32#32,16021602#48;1602#9,0
ADD,ipv4,10.0.6.67/32#32,16031603#48;1603#9,0
ADD,ipv4,10.0.6.68/32#32,16041604#48;1604#9,0
ADD,ipv4,10.0.6.69/32#32,16051605#48;1605#9,0
ADD,ipv4,10.0.6.70/32#32,16061606#48;1606#9,0
ADD,ipv4,10.0.6.71/32#32,16071607#48;1607#9,0
ADD,ipv4,10.0.6.72/32#32,16081608#48;1608#9,0
ADD,ipv4,10.0.6.73/32#32,16091609#48;1609#9,0
ADD,ipv4,10.0.6.74/32#32,16101610#48;1610#9,0
ADD,ipv4,10.0.6.75/32#32,16111611#48;1611#9,0
ADD,ipv4,10.0.6.76/32#32,16121612#48;1612#9,0
ADD,ipv4,10.0.6.77/32#32,16131613#48;1613#9,0
ADD,ipv4,10.0.6.78/32#32,16141614#48;1614#9,0
ADD,ipv4,10.0.6.79/32#32,16151615#48;1615#9,0
ADD,ipv4,10.0.6.80/32#32,16161616#48;1616#9,0
ADD,ipv4,10.0.6.81/32#32,16171617#48;1617#9,0
ADD,ipv4,10.0.6.82/32#32,16181618#48;1618#9,0
ADD,ipv4,10.0.6.83/32#32,16191619#48;1619#9,0
ADD,ipv4,10.0.6.84/32#32,16201620#48;1620#9,0
ADD,ipv4,10.0.6.85/32#32,16211621#48;1621#9,0
ADD,ipv4,10.0.6.86/32#32,16221622#48;1622#9,0
ADD,ipv4,10.0.6.87/32#32,16231623#48;1623#9,0
ADD,ipv4,10.0.6.88/32#32,16241624#48;1624#9,0
ADD,ipv4,10.0.6.89/32#32,16251625#48;1625#9,0
ADD,ipv4,10.0.6.90/32#32,16261626#48;1626#9,0
ADD,ipv4,10.0.6.91/32#32,16271627#48;1627#9,0
ADD,ipv4,10.0.6.92/32#32,16281628#48;1628#9,0
ADD,ipv4,10.0.6.93/32#32,16291629#48;1629#9,0
ADD,ipv4,10.0.6.94/32#32,16301630#48;1630#9,0
ADD,ipv4,10.0.6.95/32#32,16311631#48;1631#9,0
ADD,ipv4,10.0.6.96/32#32,16321632#48;1632#9,0
ADD,ipv4,10.0.6.97/32#32,16331633#48;1633#9,0
ADD,ipv4,10.0.6.98/32#32,16341634#48;1634#9,0
ADD,ipv4,10.0.6.99/32#32,16351635#48;1635#9,0
ADD,ipv4,10.0.6.100/32#32,16361636#48;1636#9,0
ADD,ipv4,10.0.6.101/32#32,16371637#48;1637#9,0
ADD,ipv4,10.0.6.102/32#32,16381638#48;1638#9,0
ADD,ipv4,10.0.6.103/32#32,16391639#48;1639#9,0
ADD,ipv4,10.0.6.104/32#32,16401640#48;1640#9,0
ADD,ipv4,10.0.6.105/32#32,16411641#48;1641#9,0
ADD,ipv4,10.0.6.106/32#32,16421642#48;1642#9,0
ADD,ipv4,10.0.6.107/32#32,16431643#48;1643#9,0
ADD,ipv4,10.0.6.108/32#32,16441644#48;1644#9,0
ADD,ipv4,10.0.6.109/32#32,16451645#48;1645#9,0
ADD,ipv4,10.0.6.110/32#32,16461646#48;1646#9,0
ADD,ipv4,10.0.6.111/32#32,16471647#48;1647#9,0
ADD,ipv4,10.0.6.112/32#32,16481648#48;1648#9,0
ADD,ipv4,10.0.6.113/32#32,16491649#48;1649#9,0
ADD,ipv4,10.0.6.114/32#32,16501650#48;1650#9,0
ADD,ipv4,10.0.6.115/32#32,16511651#48;1651#9,0
ADD,ipv4,10.0.6.116/32#32,16521652#48;1652#9,0
ADD,ipv4,10.0.6.117/32#32,16531653#48;1653#9,0
ADD,ipv4,10.0.6.118/32#32,16541654#48;1654#9,0
ADD,ipv4,10.0.6.119/32#32,16551655#48;1655#9,0
ADD,ipv4,10.0.6.120/32#32,16561656#48;1656#9,0
ADD,ipv4,10.0.6.121/32#32,16571657#48;1657#9,0
ADD,ipv4,10.0.6.122/32#32,16581658#48;1658#9,0
ADD,ipv4,10.0.6.123/32#32,16591659#48;1659#9,0
ADD,ipv4,10.0.6.124/32#32,16601660#48;1660#9,0
ADD,ipv4,10.0.6.125/32#32,16611661#48;1661#9,0
ADD,ipv4,10.0.6.126/32#32,16621662#48;1662#9,0
ADD,ipv4,10.0.6.127/32#32,16631663#48;1663#9,0
ADD,ipv4,10.0.6.128/32#32,16641664#48;1664#9,0
ADD,ipv4,10.0.6.129/32#32,16651665#48;1665#9,0
ADD,ipv4,10.0.6.130/32#32,16661666#48;1666#9,0
ADD,ipv4,10.0.6.131/32#32,16671667#48;1667#9,0
ADD,ipv4,10.0.6.132/32#32,16681668#48;1668#9,0
ADD,ipv4,10.0.6.133/32#32,16691669#48;1669#9,0
ADD,ipv4,10.0.6.134/32#32,16701670#48;1670#9,0
ADD,ipv4,10.0.6.135/32#32,16711671#48;1671#9,0
ADD,ipv4,10.0.6.136/32#32,16721672#48;1672#9,0
ADD,ipv4,10.0.6.137/32#32,16731673#48;1673#9,0
ADD,ipv4,10.0.6.138/32#32,16741674#48;1674#9,0
ADD,ipv4,10.0.6.139/32#32,16751675#48;1675#9,0
ADD,ipv4,10.0.6.140/32#32,16761676#48;1676#9,0
ADD,ipv4,10.0.6.141/32#32,16771677#48;1677#9,0
ADD,ipv4,10.0.6.142/32#32,16781678#48;1678#9,0
ADD,ipv4,10.0.6.143/32#32,16791679#48;1679#9,0
ADD,ipv4,10.0.6.144/32#32,16801680#48;1680#9,0
ADD,ipv4,10.0.6.145/32#32,16811681#48;1681#9,0
ADD,ipv4,10.0.6.146/32#32,16821682#48;1682#9,0
ADD,ipv4,10.0.6.147/32#32,16831683#48;1683#9,0
ADD,ipv4,10.0.6.148/32#32,16841684#48;1684#9,0
ADD,ipv4,10.0.6.149/32#32,16851685#48;1685#9,0
ADD,ipv4,10.0.6.150/32#32,16861686#48;1686#9,0
ADD,ipv4,10.0.6.151/32#32,16871687#48;1687#9,0
ADD,ipv4,10.0.6.152/32#32,16881688#48;1688#9,0
ADD,ipv4,10.0.6.153/32#32,16891689#48;1689#9,0
ADD,ipv4,10.0.6.154/32#32,16901690#48;1690#9,0
ADD,ipv4,10.0.6.155/32#32,16911691#48;1691#9,0
ADD,ipv4,10.0.6.156/32#32,16921692#48;1692#9,0
ADD,ipv4,10.0.6.157/32#32,16931693#48;1693#9,0
ADD,ipv4,10.0.6.158/32#32,16941694#48;1694#9,0
ADD,ipv4,10.0.6.159/32#32,16951695#48;1695#9,0
ADD,ipv4,10.0.6.160/32#32,16961696#48;1696#9,0
ADD,ipv4,10.0.6.161/32#32,16971697#48;1697#9,0
ADD,ipv4,10.0.6.162/32#32,16981698#48;1698#9,0
ADD,ipv4,10.0.6.163/32#32,16991699#48;1699#9,0
ADD,ipv4,10.0.6.164/32#32,17001700#48;1700#9,0
ADD,ipv4,10.0.6.165/32#32,17011701#48;1701#9,0
ADD,ipv4,10.0.6.166/32#32,17021702#48;1702#9,0
ADD,ipv4,10.0.6.167/32#32,17031703#48;1703#9,0
ADD,ipv4,10.0.6.168/32#32,17041704#48;1704#9,0
ADD,ipv4,10.0.6.169/32#32,17051705#48;1705#9,0
ADD,ipv4,10.0.6.170/32#32,17061706#48;1706#9,0
ADD,ipv4,10.0.6.171/32#32,17071707#48;1707#9,0
ADD,ipv4,10.0.6.172/32#32,17081708#48;1708#9,0
ADD,ipv4,10.0.6.173/32#32,17091709#48;1709#9,0
ADD,ipv4,10.0.6.174/32#32,17101710#48;1710#9,0
ADD,ipv4,10.0.6.175/32#32,17111711#48;1711#9,0
ADD,ipv4,10.0.6.176/32#32,17121712#48;1712#9,0
ADD,ipv4,10.0.6.177/32#32,17131713#48;1713#9,0
ADD,ipv4,10.0.6.178/32#32,17141714#48;1714#9,0
ADD,ipv4,10.0.6.179/32#32,17151715#48;1715#9,0
ADD,ipv4,10.0.6.180/32#32,17161716#48;1716#9,0
ADD,ipv4,10.0.6.181/32#32,17171717#48;1717#9,0
ADD,ipv4,10.0.6.182/32#32,17181718#48;1718#9,0
ADD,ipv4,10.0.6.183/32#32,17191719#48;1719#9,0
ADD,ipv4,10.0.6.184/32#32,17201720#48;1720#9,0
ADD,ipv4,10.0.6.185/32#32,17211721#48;1721#9,0
ADD,ipv4,10.0.6.186/32#32,17221722#48;1722#9,0
ADD,ipv4,10.0.6.187/32#32,17231723#48;1723#9,0
ADD,ipv4,10.0.6.188/32#32,17241724#48;1724#9,0
ADD,ipv4,10.0.6.189/32#32,17251725#48;1725#9,0
ADD,ipv4,10.0.6.190/32#32,17261726#48;1726#9,0
ADD,ipv4,10.0.6.191/32#32,17271727#48;1727#9,0
ADD,ipv4,10.0.6.192/32#32,17281728#48;1728#9,0
ADD,ipv4,10.0.6.193/32#32,17291729#48;1729#9,0
ADD,ipv4,10.0.6.194/32#32,17301730#48;1730#9,0
ADD,ipv4,10.0.6.195/32#32,17311731#48;1731#9,0
ADD,ipv4,10.0.6.196/32#32,17321732#48;1732#9,0
ADD,ipv4,10.0.6.197/32#32,17331733#48;1733#9,0
ADD,ipv4,10.0.6.198/32#32,17341734#48;1734#9,0
ADD,ipv4,10.0.6.199/32#32,17351735#48;1735#9,0
ADD,ipv4,10.0.6.200/32#32,17361736#48;1736#9,0
ADD,ipv4,10.0.6.201/32#32,17371737#48;1737#9,0
ADD,ipv4,10.0.6.202/32#32,17381738#48;1738#9,0
ADD,ipv4,10.0.6.203/32#32,17391739#48;1739#9,0
ADD,ipv4,10.0.6.204/32#32,17401740#48;1740#9,0
ADD,ipv4,10.0.6.205/32#32,17411741#48;1741#9,0
ADD,ipv4,10.0.6.206/32#32,17421742#48;1742#9,0
ADD,ipv4,10.0.6.207/32#32,17431743#48;1743#9,0
ADD,ipv4,10.0.6.208/32#32,17441744#48;1744#9,0
ADD,ipv4,10.0.6.209/32#32,17451745#48;1745#9,0
ADD,ipv4,10.0.6.210/32#32,17461746#48;1746#9,0
ADD,ipv4,10.0.6.211/32#32,17471747#48;1747#9,0
ADD,ipv4,10.0.6.212/32#32,17481748#48;1748#9,0
ADD,ipv4,10.0.6.213/32#32,17491749#48;1749#9,0
ADD,ipv4,10.0.6.214/32#32,17501750#48;1750#9,0
ADD,ipv4,10.0.6.215/32#32,17511751#48;1751#9,0
ADD,ipv4,10.0.6.216/32#32,17521752#48;1752#9,0
ADD,ipv4,10.0.6.217/32#32,17531753#48;1753#9,0
ADD,ipv4,10.0.6.218/32#32,17541754#48;1754#9,0
ADD,ipv4,10.0.6.219/32#32,17551755#48;1755#9,0
ADD,ipv4,10.0.6.220/32#32,17561756#48;1756#9,0
ADD,ipv4,10.0.6.221/32#32,17571757#48;1757#9,0
ADD,ipv4,10.0.6.222/32#32,17581758#48;1758#9,0
ADD,ipv4,10.0.6.223/32#32,17591759#48;1759#9,0
ADD,ipv4,10.0.6.224/32#32,17601760#48;1760#9,0
ADD,ipv4,10.0.6.225/32#32,17611761#48;1761#9,0
ADD,ipv4,10.0.6.226/32#32,17621762#48;1762#9,0
ADD,ipv4,10.0.6.227/32#32,17631763#48;1763#9,0
ADD,ipv4,10.0.6.228/32#32,17641764#48;1764#9,0
ADD,ipv4,10.0.6.229/32#32,17651765#48;1765#9,0
ADD,ipv4,10.0.6.230/32#32,17661766#48;1766#9,0
ADD,ipv4,10.0.6.231/32#32,17671767#48;1767#9,0
ADD,ipv4,10.0.6.232/32#32,17681768#48;1768#9,0
ADD,ipv4,10.0.6.233/32#32,17691769#48;1769#9,0
ADD,ipv4,10.0.6.234/32#32,17701770#48;1770#9,0
ADD,ipv4,10.0.6.235/32#32,17711771#48;1771#9,0
ADD,ipv4,10.0.6.236/32#32,17721772#48;1772#9,0
ADD,ipv4,10.0.6.237/32#32,17731773#48;1773#9,0
ADD,ipv4,10.0.6.238/32#32,17741774#48;1774#9,0
ADD,ipv4,10.0.6.239/32#32,17751775#48;1775#9,0
ADD,ipv4,10.0.6.240/32#32,17761776#48;1776#9,0
ADD,ipv4,10.0.6.241/32#32,17771777#48;1777#9,0
ADD,ipv4,10.0.6.242/32#32,17781778#48;1778#9,0
ADD,ipv4,10.0.6.243/32#32,17791779#48;1779#9,0
ADD,ipv4,10.0.6.244/32#32,17801780#48;1780#9,0
ADD,ipv4,10.0.6.245/32#32,17811781#48;1781#9,0
ADD,ipv4,10.0.6.246/32#32,17821782#48;1782#9,0
ADD,ipv4,10.0.6.247/32#32,17831783#48;1783#9,0
ADD,ipv4,10.0.6.248/32#32,17841784#48;1784#9,0
ADD,ipv4,10.0.6.249/32#32,17851785#48;1785#9,0
ADD,ipv4,10.0.6.250/32#32,17861786#48;1786#9,0
ADD,ipv4,10.0.6.251/32#32,17871787#48;1787#9,0
ADD,ipv4,10.0.6.252/32#32,17881788#48;1788#9,0
ADD,ipv4,10.0.6.253/32#32,17891789#48;1789#9,0
ADD,ipv4,10.0.6.254/32#32,17901790#48;1790#9,0
ADD,ipv4,10.0.6.255/32#32,17911791#48;1791#9,0
ADD,ipv4,10.0.7.0/32#32,17921792#48;1792#9,0
ADD,ipv4,10.0.7.1/32#32,17931793#48;1793#9,0
ADD,ipv4,10.0.7.2/32#32,17941794#48;1794#9,0
ADD,ipv4,10.0.7.3/32#32,17951795#48;1795#9,0
ADD,ipv4,10.0.7.4/32#32,17961796#48;1796#9,0
ADD,ipv4,10.0.7.5/32#32,17971797#48;1797#9,0
ADD,ipv4,10.0.7.6/32#32,17981798#48;1798#9,0
ADD,ipv4,10.0.7.7/32#32,17991799#48;1799#9,0
ADD,ipv4,10.0.7.8/32#32,18001800#48;1800#9,0
ADD,ipv4,10.0.7.9/32#32,18011801#48;1801#9,0
ADD,ipv4,10.0.7.10/32#32,18021802#48;1802#9,0
ADD,ipv4,10.0.7.11/32#32,18031803#48;1803#9,0
ADD,ipv4,10.0.7.12/32#32,18041804#48;1804#9,0
ADD,ipv4,10.0.7.13/32#32,18051805#48;1805#9,0
ADD,ipv4,10.0.7.14/32#32,18061806#48;1806#9,0
ADD,ipv4,10.0.7.15/32#32,18071807#48;1807#9,0
ADD,ipv4,10.0.7.16/32#32,18081808#48;1808#9,0
ADD,ipv4,10.0.7.17/32#32,18091809#48;1809#9,0
ADD,ipv4,10.0.7.18/32#32,18101810#48;1810#9,0
ADD,ipv4,10.0.7.19/32#32,18111811#48;1811#9,0
ADD,ipv4,10.0.7.20/32#32,18121812#48;1812#9,0
ADD,ipv4,10.0.7.21/32#32,18131813#48;1813#9,0
ADD,ipv4,10.0.7.22/32#32,18141814#48;1814#9,0
ADD,ipv4,10.0.7.23/32#32,18151815#48;1815#9,0
ADD,ipv4,10.0.7.24/32#32,18161816#48;1816#9,0
ADD,ipv4,10.0.7.25/32#32,18171817#48;1817#9,0
ADD,ipv4,10.0.7.26/32#32,18181818#48;1818#9,0
ADD,ipv4,10.0.7.27/32#32,18191819#48;1819#9,0
ADD,ipv4,10.0.7.28/32#32,18201820#48;1820#9,0
ADD,ipv4,10.0.7.29/32#32,18211821#48;1821#9,0
ADD,ipv4,10.0.7.30/32#32,18221822#48;1822#9,0
ADD,ipv4,10.0.7.31/32#32,18231823#48;1823#9,0
ADD,ipv4,10.0.7.32/32#32,18241824#48;1824#9,0
ADD,ipv4,10.0.7.33/32#32,18251825#48;1825#9,0
ADD,ipv4,10.0.7.34/32#32,18261826#48;1826#9,0
ADD,ipv4,10.0.7.35/32#32,18271827#48;1827#9,0
ADD,ipv4,10.0.7.36/32#32,18281828#48;1828#9,0
ADD,ipv4,10.0.7.37/32#32,18291829#48;1829#9,0
ADD,ipv4,10.0.7.38/32#32,18301830#48;1830#9,0
ADD,ipv4,10.0.7.39/32#32,18311831#48;1831#9,0
ADD,ipv4,10.0.7.40/32#32,18321832#48;1832#9,0
ADD,ipv4,10.0.7.41/32#32,18331833#48;1833#9,0
ADD,ipv4,10.0.7.42/32#32,18341834#48;1834#9,0
ADD,ipv4,10.0.7.43/32#32,18351835#48;1835#9,0
ADD,ipv4,10.0.7.44/32#32,18361836#48;1836#9,0
ADD,ipv4,10.0.7.45/32#32,18371837#48;1837#9,0
ADD,ipv4,10.0.7.46/32#32,18381838#48;1838#9,0
ADD,ipv4,10.0.7.47/32#32,18391839#48;1839#9,0
ADD,ipv4,10.0.7.48/32#32,18401840#48;1840#9,0
ADD,ipv4,10.0.7.49/32#32,18411841#48;1841#9,0
ADD,ipv4,10.0.7.50/32#32,18421842#48;1842#9,0
ADD,ipv4,10.0.7.51/32#32,18431843#48;1843#9,0
ADD,ipv4,10.0.7.52/32#32,18441844#48;1844#9,0
ADD,ipv4,10.0.7.53/32#32,18451845#48;1845#9,0
ADD,ipv4,10.0.7.54/32#32,18461846#48;1846#9,0
ADD,ipv4,10.0.7.55/32#32,18471847#48;1847#9,0
ADD,ipv4,10.0.7.56/32#32,18481848#48;1848#9,0
ADD,ipv4,10.0.7.57/32#32,18491849#48;1849#9,0
ADD,ipv4,10.0.7.58/32#32,18501850#48;1850#9,0
ADD,ipv4,10.0.7.59/32#32,18511851#48;1851#9,0
ADD,ipv4,10.0.7.60/32#32,18521852#48;1852#9,0
ADD,ipv4,10.0.7.61/32#32,18531853#48;1853#9,0
ADD,ipv4,10.0.7.62/32#32,18541854#48;1854#9,0
ADD,ipv4,10.0.7.63/32#32,18551855#48;1855#9,0
ADD,ipv4,10.0.7.64/32#32,18561856#48;1856#9,0
ADD,ipv4,10.0.7.65/32#32,18571857#48;1857#9,0
ADD,ipv4,10.0.7.66/32#32,18581858#48;1858#9,0
ADD,ipv4,10.0.7.67/32#32,18591859#48;1859#9,0
ADD,ipv4,10.0.7.68/32#32,18601860#48;1860#9,0
ADD,ipv4,10.0.7.69/32#32,18611861#48;1861#9,0
ADD,ipv4,10.0.7.70/32#32,18621862#48;1862#9,0
ADD,ipv4,10.0.7.71/32#32,18631863#48;1863#9,0
ADD,ipv4,10.0.7.72/32#32,18641864#48;1864#9,0
ADD,ipv4,10.0.7.73/32#32,18651865#48;1865#9,0
ADD,ipv4,10.0.7.74/32#32,18661866#48;1866#9,0
ADD,ipv4,10.0.7.75/32#32,18671867#48;1867#9,0
ADD,ipv4,10.0.7.76/32#32,18681868#48;1868#9,0
ADD,ipv4,10.0.7.77/32#32,18691869#48;1869#9,0
ADD,ipv4,10.0.7.78/32#32,18701870#48;1870#9,0
ADD,ipv4,10.0.7.79/32#32,18711871#48;1871#9,0
ADD,ipv4,10.0.7.80/32#32,18721872#48;1872#9,0
ADD,ipv4,10.0.7.81/32#32,18731873#48;1873#9,0
ADD,ipv4,10.0.7.82/32#32,18741874#48;1874#9,0
ADD,ipv4,10.0.7.83/32#32,18751875#48;1875#9,0
ADD,ipv4,10.0.7.84/32#32,18761876#48;1876#9,0
ADD,ipv4,10.0.7.85/32#32,18771877#48;1877#9,0
ADD,ipv4,10.0.7.86/32#32,18781878#48;1878#9,0
ADD,ipv4,10.0.7.87/32#32,18791879#48;1879#9,0
ADD,ipv4,10.0.7.88/32#32,18801880#48;1880#9,0
ADD,ipv4,10.0.7.89/32#32,18811881#48;1881#9,0
ADD,ipv4,10.0.7.90/32#32,18821882#48;1882#9,0
ADD,ipv4,10.0.7.91/32#32,18831883#48;1883#9,0
ADD,ipv4,10.0.7.92/32#32,18841884#48;1884#9,0
ADD,ipv4,10.0.7.93/32#32,18851885#48;1885#9,0
ADD,ipv4,10.0.7.94/32#32,18861886#48;1886#9,0
ADD,ipv4,10.0.7.95/32#32,18871887#48;1887#9,0
ADD,ipv4,10.0.7.96/32#32,18881888#48;1888#9,0
ADD,ipv4,10.0.7.97/32#32,18891889#48;1889#9,0
ADD,ipv4,10.0.7.98/32#32,18901890#48;1890#9,0
ADD,ipv4,10.0.7.99/32#32,18911891#48;1891#9,0
ADD,ipv4,10.0.7.100/32#32,18921892#48;1892#9,0
ADD,ipv4,10.0.7.101/32#32,18931893#48;1893#9,0
ADD,ipv4,10.0.7.102/32#32,18941894#48;1894#9,0
ADD,ipv4,10.0.7.103/32#32,18951895#48;1895#9,0
ADD,ipv4,10.0.7.104/32#32,18961896#48;1896#9,0
ADD,ipv4,10.0.7.105/32#32,18971897#48;1897#9,0
ADD,ipv4,10.0.7.106/32#32,18981898#48;1898#9,0
ADD,ipv4,10.0.7.107/32#32,18991899#48;1899#9,0
ADD,ipv4,10.0.7.108/32#32,19001900#48;1900#9,0
ADD,ipv4,10.0.7.109/32#32,19011901#48;1901#9,0
ADD,ipv4,10.0.7.110/32#32,19021902#48;1902#9,0
ADD,ipv4,10.0.7.111/32#32,19031903#48;1903#9,0
ADD,ipv4,10.0.7.112/32#32,19041904#48;1904#9,0
ADD,ipv4,10.0.7.113/32#32,19051905#48;1905#9,0
ADD,ipv4,10.0.7.114/32#32,19061906#48;1906#9,0
ADD,ipv4,10.0.7.115/32#32,19071907#48;1907#9,0
ADD,ipv4,10.0.7.116/32#32,19081908#48;1908#9,0
ADD,ipv4,10.0.7.117/32#32,19091909#48;1909#9,0
ADD,ipv4,10.0.7.118/32#32,19101910#48;1910#9,0
ADD,ipv4,10.0.7.119/32#32,19111911#48;1911#9,0
ADD,ipv4,10.0.7.120/32#32,19121912#48;1912#9,0
ADD,ipv4,10.0.7.121/32#32,19131913#48;1913#9,0
ADD,ipv4,10.0.7.122/32#32,19141914#48;1914#9,0
ADD,ipv4,10.0.7.123/32#32,19151915#48;1915#9,0
ADD,ipv4,10.0.7.124/32#32,19161916#48;1916#9,0
ADD,ipv4,10.0.7.125/32#32,19171917#48;1917#9,0
ADD,ipv4,10.0.7.126/32#32,19181918#48;1918#9,0
ADD,ipv4,10.0.7.127/32#32,19191919#48;1919#9,0
ADD,ipv4,10.0.7.128/32#32,19201920#48;1920#9,0
ADD,ipv4,10.0.7.129/32#32,19211921#48;1921#9,0
ADD,ipv4,10.0.7.130/32#32,19221922#48;1922#9,0
ADD,ipv4,10.0.7.131/32#32,19231923#48;1923#9,0
ADD,ipv4,10.0.7.132/32#32,19241924#48;1924#9,0
ADD,ipv4,10.0.7.133/32#32,19251925#48;1925#9,0
ADD,ipv4,10.0.7.134/32#32,19261926#48;1926#9,0
ADD,ipv4,10.0.7.135/32#32,19271927#48;1927#9,0
ADD,ipv4,10.0.7.136/32#32,19281928#48;1928#9,0
ADD,ipv4,10.0.7.137/32#32,19291929#48;1929#9,0
ADD,ipv4,10.0.7.138/32#32,19301930#48;1930#9,0
ADD,ipv4,10.0.7.139/32#32,19311931#48;1931#9,0
ADD,ipv4,10.0.7.140/32#32,19321932#48;1932#9,0
ADD,ipv4,10.0.7.141/32#32,19331933#48;1933#9,0
ADD,ipv4,10.0.7.142/32#32,19341934#48;1934#9,0
ADD,ipv4,10.0.7.143/32#32,19351935#48;1935#9,0
ADD,ipv4,10.0.7.144/32#32,19361936#48;1936#9,0
ADD,ipv4,10.0.7.145/32#32,19371937#48;1937#9,0
ADD,ipv4,10.0.7.146/32#32,19381938#48;1938#9,0
ADD,ipv4,10.0.7.147/32#32,19391939#48;1939#9,0
ADD,ipv4,10.0.7.148/32#32,19401940#48;1940#9,0
ADD,ipv4,10.0.7.149/32#32,19411941#48;1941#9,0
ADD,ipv4,10.0.7.150/32#32,19421942#48;1942#9,0
ADD,ipv4,10.0.7.151/32#32,19431943#48;1943#9,0
ADD,ipv4,10.0.7.152/32#32,19441944#48;1944#9,0
ADD,ipv4,10.0.7.153/32#32,19451945#48;1945#9,0
ADD,ipv4,10.0.7.154/32#32,19461946#48;1946#9,0
ADD,ipv4,10.0.7.155/32#32,19471947#48;1947#9,0
ADD,ipv4,10.0.7.156/32#32,19481948#48;1948#9,0
ADD,ipv4,10.0.7.157/32#32,19491949#48;1949#9,0
ADD,ipv4,10.0.7.158/32#32,19501950#48;1950#9,0
ADD,ipv4,10.0.7.159/32#32,19511951#48;1951#9,0
ADD,ipv4,10.0.7.160/32#32,19521952#48;1952#9,0
ADD,ipv4,10.0.7.161/32#32,19531953#48;1953#9,0
ADD,ipv4,10.0.7.162/32#32,19541954#48;1954#9,0
ADD,ipv4,10.0.7.163/32#32,19551955#48;1955#9,0
ADD,ipv4,10.0.7.164/32#32,19561956#48;1956#9,0
ADD,ipv4,10.0.7.165/32#32,19571957#48;1957#9,0
ADD,ipv4,10.0.7.166/32#32,19581958#48;1958#9,0
ADD,ipv4,10.0.7.167/32#32,19591959#48;1959#9,0
ADD,ipv4,10.0.7.168/32#32,19601960#48;1960#9,0
ADD,ipv4,10.0.7.169/32#32,19611961#48;1961#9,0
ADD,ipv4,10.0.7.170/32#32,19621962#48;1962#9,0
ADD,ipv4,10.0.7.171/32#32,19631963#48;1963#9,0
ADD,ipv4,10.0.7.172/32#32,19641964#48;1964#9,0
ADD,ipv4,10.0.7.173/32#32,19651965#48;1965#9,0
ADD,ipv4,10.0.7.174/32#32,19661966#48;1966#9,0
ADD,ipv4,10.0.7.175/32#32,19671967#48;1967#9,0
ADD,ipv4,10.0.7.176/32#32,19681968#48;1968#9,0
ADD,ipv4,10.0.7.177/32#32,19691969#48;1969#9,0
ADD,ipv4,10.0.7.178/32#32,19701970#48;1970#9,0
ADD,ipv4,10.0.7.179/32#32,19711971#48;1971#9,0
ADD,ipv4,10.0.7.180/32#32,19721972#48;1972#9,0
ADD,ipv4,10.0.7.181/32#32,19731973#48;1973#9,0
ADD,ipv4,10.0.7.182/32#32,19741974#48;1974#9,0
ADD,ipv4,10.0.7.183/32#32,19751975#48;1975#9,0
ADD,ipv4,10.0.7.184/32#32,19761976#48;1976#9,0
ADD,ipv4,10.0.7.185/32#32,19771977#48;1977#9,0
ADD,ipv4,10.0.7.186/32#32,19781978#48;1978#9,0
ADD,ipv4,10.0.7.187/32#32,19791979#48;1979#9,0
ADD,ipv4,10.0.7.188/32#32,19801980#48;1980#9,0
ADD,ipv4,10.0.7.189/32#32,19811981#48;1981#9,0
ADD,ipv4,10.0.7.190/32#32,19821982#48;1982#9,0
ADD,ipv4,10.0.7.191/32#32,19831983#48;1983#9,0
ADD,ipv4,10.0.7.192/32#32,19841984#48;1984#9,0
ADD,ipv4,10.0.7.193/32#32,19851985#48;1985#9,0
ADD,ipv4,10.0.7.194/32#32,19861986#48;1986#9,0
ADD,ipv4,10.0.7.195/32#32,19871987#48;1987#9,0
ADD,ipv4,10.0.7.196/32#32,19881988#48;1988#9,0
ADD,ipv4,10.0.7.197/32#32,19891989#48;1989#9,0
ADD,ipv4,10.0.7.198/32#32,19901990#48;1990#9,0
ADD,ipv4,10.0.7.199/32#32,19911991#48;1991#9,0
ADD,ipv4,10.0.7.200/32#32,19921992#48;1992#9,0
ADD,ipv4,10.0.7.201/32#32,19931993#48;1993#9,0
ADD,ipv4,10.0.7.202/32#32,19941994#48;1994#9,0
ADD,ipv4,10.0.7.203/32#32,19951995#48;1995#9,0
ADD,ipv4,10.0.7.204/32#32,19961996#48;1996#9,0
ADD,ipv4,10.0.7.205/32#32,19971997#48;1997#9,0
ADD,ipv4,10.0.7.206/32#32,19981998#48;1998#9,0
ADD,ipv4,10.0.7.207/32#32,19991999#48;1999#9,0
ADD,ipv4,10.0.7.208/32#32,20002000#48;2000#9,0
ADD,ipv4,10.0.7.209/32#32,20012001#48;2001#9,0
ADD,ipv4,10.0.7.210/32#32,20022002#48;2002#9,0
ADD,ipv4,10.0.7.211/32#32,20032003#48;2003#9,0
ADD,ipv4,10.0.7.212/32#32,20042004#48;2004#9,0
ADD,ipv4,10.0.7.213/32#32,20052005#48;2005#9,0
ADD,ipv4,10.0.7.214/32#32,20062006#48;2006#9,0
ADD,ipv4,10.0.7.215/32#32,20072007#48;2007#9,0
ADD,ipv4,10.0.7.216/32#32,20082008#48;2008#9,0
ADD,ipv4,10.0.7.217/32#32,20092009#48;2009#9,0
ADD,ipv4,10.0.7.218/32#32,20102010#48;2010#9,0
ADD,ipv4,10.0.7.219/32#32,20112011#48;2011#9,0
ADD,ipv4,10.0.7.220/32#32,20122012#48;2012#9,0
ADD,ipv4,10.0.7.221/32#32,20132013#48;2013#9,0
ADD,ipv4,10.0.7.222/32#32,20142014#48;2014#9,0
ADD,ipv4,10.0.7.223/32#32,20152015#48;2015#9,0
ADD,ipv4,10.0.7.224/32#32,20162016#48;2016#9,0
ADD,ipv4,10.0.7.225/32#32,20172017#48;2017#9,0
ADD,ipv4,10.0.7.226/32#32,20182018#48;2018#9,0
ADD,ipv4,10.0.7.227/32#32,20192019#48;2019#9,0
ADD,ipv4,10.0.7.228/32#32,20202020#48;2020#9,0
ADD,ipv4,10.0.7.229/32#32,20212021#48;2021#9,0
ADD,ipv4,10.0.7.230/32#32,20222022#48;2022#9,0
ADD,ipv4,10.0.7.231/32#32,20232023#48;2023#9,0
ADD,ipv4,10.0.7.232/32#32,20242024#48;2024#9,0
ADD,ipv4,10.0.7.233/32#32,20252025#48;2025#9,0
ADD,ipv4,10.0.7.234/32#32,20262026#48;2026#9,0
ADD,ipv4,10.0.7.235/32#32,20272027#48;2027#9,0
ADD,ipv4,10.0.7.236/32#32,20282028#48;2028#9,0
ADD,ipv4,10.0.7.237/32#32,20292029#48;2029#9,0
ADD,ipv4,10.0.7.238/32#32,20302030#48;2030#9,0
ADD,ipv4,10.0.7.239/32#32,20312031#48;2031#9,0
ADD,ipv4,10.0.7.240/32#32,20322032#48;2032#9,0
ADD,ipv4,10.0.7.241/32#32,20332033#48;2033#9,0
ADD,ipv4,10.0.7.242/32#32,20342034#48;2034#9,0
ADD,ipv4,10.0.7.243/32#32,20352035#48;2035#9,0
ADD,ipv4,10.0.7.244/32#32,20362036#48;2036#9,0
ADD,ipv4,10.0.7.245/32#32,20372037#48;2037#9,0
ADD,ipv4,10.0.7.246/32#32,20382038#48;2038#9,0
ADD,ipv4,10.0.7.247/32#32,20392039#48;2039#9,0
ADD,ipv4,10.0.7.248/32#32,20402040#48;2040#9,0
ADD,ipv4,10.0.7.249/32#32,20412041#48;2041#9,0
ADD,ipv4,10.0.7.250/32#32,20422042#48;2042#9,0
ADD,ipv4,10.0.7.251/32#32,20432043#48;2043#9,0
ADD,ipv4,10.0.7.252/32#32,20442044#48;2044#9,0
ADD,ipv4,10.0.7.253/32#32,20452045#48;2045#9,0
ADD,ipv4,10.0.7.254/32#32,20462046#48;2046#9,0
ADD,ipv4,10.0.7.255/32#32,20472047#48;2047#9,0
ADD,ipv4,10.0.8.0/32#32,20482048#48;2048#9,0
ADD,ipv4,10.0.8.1/32#32,20492049#48;2049#9,0
ADD,ipv4,10.0.8.2/32#32,20502050#48;2050#9,0
ADD,ipv4,10.0.8.3/32#32,20512051#48;2051#9,0
ADD,ipv4,10.0.8.4/32#32,20522052#48;2052#9,0
ADD,ipv4,10.0.8.5/32#32,20532053#48;2053#9,0
ADD,ipv4,10.0.8.6/32#32,20542054#48;2054#9,0
ADD,ipv4,10.0.8.7/32#32,20552055#48;2055#9,0
ADD,ipv4,10.0.8.8/32#32,20562056#48;2056#9,0
ADD,ipv4,10.0.8.9/32#32,20572057#48;2057#9,0
ADD,ipv4,10.0.8.10/32#32,20582058#48;2058#9,0
ADD,ipv4,10.0.8.11/32#32,20592059#48;2059#9,0
ADD,ipv4,10.0.8.12/32#32,20602060#48;2060#9,0
ADD,ipv4,10.0.8.13/32#32,20612061#48;2061#9,0
ADD,ipv4,10.0.8.14/32#32,20622062#48;2062#9,0
ADD,ipv4,10.0.8.15/32#32,20632063#48;2063#9,0
ADD,ipv4,10.0.8.16/32#32,20642064#48;2064#9,0
ADD,ipv4,10.0.8.17/32#32,20652065#48;2065#9,0
ADD,ipv4,10.0.8.18/32#32,20662066#48;2066#9,0
ADD,ipv4,10.0.8.19/32#32,20672067#48;2067#9,0
ADD,ipv4,10.0.8.20/32#32,20682068#48;2068#9,0
ADD,ipv4,10.0.8.21/32#32,20692069#48;2069#9,0
ADD,ipv4,10.0.8.22/32#32,20702070#48;2070#9,0
ADD,ipv4,10.0.8.23/32#32,20712071#48;2071#9,0
ADD,ipv4,10.0.8.24/32#32,20722072#48;2072#9,0
ADD,ipv4,10.0.8.25/32#32,20732073#48;2073#9,0
ADD,ipv4,10.0.8.26/32#32,20742074#48;2074#9,0
ADD,ipv4,10.0.8.27/32#32,20752075#48;2075#9,0
ADD,ipv4,10.0.8.28/32#32,20762076#48;2076#9,0
ADD,ipv4,10.0.8.29/32#32,20772077#48;2077#9,0
ADD,ipv4,10.0.8.30/32#32,20782078#48;2078#9,0
ADD,ipv4,10.0.8.31/32#32,20792079#48;2079#9,0
ADD,ipv4,10.0.8.32/32#32,20802080#48;2080#9,0
ADD,ipv4,10.0.8.33/32#32,20812081#48;2081#9,0
ADD,ipv4,10.0.8.34/32#32,20822082#48;2082#9,0
ADD,ipv4,10.0.8.35/32#32,20832083#48;2083#9,0
ADD,ipv4,10.0.8.36/32#32,20842084#48;2084#9,0
ADD,ipv4,10.0.8.37/32#32,20852085#48;2085#9,0
ADD,ipv4,10.0.8.38/32#32,20862086#48;2086#9,0
ADD,ipv4,10.0.8.39/32#32,20872087#48;2087#9,0
ADD,ipv4,10.0.8.40/32#32,20882088#48;2088#9,0
ADD,ipv4,10.0.8.41/32#32,20892089#48;2089#9,0
ADD,ipv4,10.0.8.42/32#32,20902090#48;2090#9,0
ADD,ipv4,10.0.8.43/32#32,20912091#48;2091#9,0
ADD,ipv4,10.0.8.44/32#32,20922092#48;2092#9,0
ADD,ipv4,10.0.8.45/32#32,20932093#48;2093#9,0
ADD,ipv4,10.0.8.46/32#32,20942094#48;2094#9,0
ADD,ipv4,10.0.8.47/32#32,20952095#48;2095#9,0
ADD,ipv4,10.0.8.48/32#32,20962096#48;2096#9,0
ADD,ipv4,10.0.8.49/32#32,20972097#48;2097#9,0
ADD,ipv4,10.0.8.50/32#32,20982098#48;2098#9,0
ADD,ipv4,10.0.8.51/32#32,20992099#48;2099#9,0
ADD,ipv4,10.0.8.52/32#32,21002100#48;2100#9,0
ADD,ipv4,10.0.8.53/32#32,21012101#48;2101#9,0
ADD,ipv4,10.0.8.54/32#32,21022102#48;2102#9,0
ADD,ipv4,10.0.8.55/32#32,21032103#48;2103#9,0
ADD,ipv4,10.0.8.56/32#32,21042104#48;2104#9,0
ADD,ipv4,10.0.8.57/32#32,21052105#48;2105#9,0
ADD,ipv4,10.0.8.58/32#32,21062106#48;2106#9,0
ADD,ipv4,10.0.8.59/32#32,21072107#48;2107#9,0
ADD,ipv4,10.0.8.60/32#32,21082108#48;2108#9,0
ADD,ipv4,10.0.8.61/32#32,21092109#48;2109#9,0
ADD,ipv4,10.0.8.62/32#32,21102110#48;2110#9,0
ADD,ipv4,10.0.8.63/32#32,21112111#48;2111#9,0
ADD,ipv4,10.0.8.64/32#32,21122112#48;2112#9,0
ADD,ipv4,10.0.8.65/32#32,21132113#48;2113#9,0
ADD,ipv4,10.0.8.66/32#32,21142114#48;2114#9,0
ADD,ipv4,10.0.8.67/32#32,21152115#48;2115#9,0
ADD,ipv4,10.0.8.68/32#32,21162116#48;2116#9,0
ADD,ipv4,10.0.8.69/32#32,21172117#48;2117#9,0
ADD,ipv4,10.0.8.70/32#32,21182118#48;2118#9,0
ADD,ipv4,10.0.8.71/32#32,21192119#48;2119#9,0
ADD,ipv4,10.0.8.72/32#32,21202120#48;2120#9,0
ADD,ipv4,10.0.8.73/32#32,21212121#48;2121#9,0
ADD,ipv4,10.0.8.74/32#32,21222122#48;2122#9,0
ADD,ipv4,10.0.8.75/32#32,21232123#48;2123#9,0
ADD,ipv4,10.0.8.76/32#32,21242124#48;2124#9,0
ADD,ipv4,10.0.8.77/32#32,21252125#48;2125#9,0
ADD,ipv4,10.0.8.78/32#32,21262126#48;2126#9,0
ADD,ipv4,10.0.8.79/32#32,21272127#48;2127#9,0
ADD,ipv4,10.0.8.80/32#32,21282128#48;2128#9,0
ADD,ipv4,10.0.8.81/32#32,21292129#48;2129#9,0
ADD,ipv4,10.0.8.82/32#32,21302130#48;2130#9,0
ADD,ipv4,10.0.8.83/32#32,21312131#48;2131#9,0
ADD,ipv4,10.0.8.84/32#32,21322132#48;2132#9,0
ADD,ipv4,10.0.8.85/32#32,21332133#48;2133#9,0
ADD,ipv4,10.0.8.86/32#32,21342134#48;2134#9,0
ADD,ipv4,10.0.8.87/32#32,21352135#48;2135#9,0
ADD,ipv4,10.0.8.88/32#32,21362136#48;2136#9,0
ADD,ipv4,10.0.8.89/32#32,21372137#48;2137#9,0
ADD,ipv4,10.0.8.90/32#32,21382138#48;2138#9,0
ADD,ipv4,10.0.8.91/32#32,21392139#48;2139#9,0
ADD,ipv4,10.0.8.92/32#32,21402140#48;2140#9,0
ADD,ipv4,10.0.8.93/32#32,21412141#48;2141#9,0
ADD,ipv4,10.0.8.94/32#32,21422142#48;2142#9,0
ADD,ipv4,10.0.8.95/32#32,21432143#48;2143#9,0
ADD,ipv4,10.0.8.96/32#32,21442144#48;2144#9,0
ADD,ipv4,10.0.8.97/32#32,21452145#48;2145#9,0
ADD,ipv4,10.0.8.98/32#32,21462146#48;2146#9,0
ADD,ipv4,10.0.8.99/32#32,21472147#48;2147#9,0
ADD,ipv4,10.0.8.100/32#32,21482148#48;2148#9,0
ADD,ipv4,10.0.8.101/32#32,21492149#48;2149#9,0
ADD,ipv4,10.0.8.102/32#32,21502150#48;2150#9,0
ADD,ipv4,10.0.8.103/32#32,21512151#48;2151#9,0
ADD,ipv4,10.0.8.104/32#32,21522152#48;2152#9,0
ADD,ipv4,10.0.8.105/32#32,21532153#48;2153#9,0
ADD,ipv4,10.0.8.106/32#32,21542154#48;2154#9,0
ADD,ipv4,10.0.8.107/32#32,21552155#48;2155#9,0
ADD,ipv4,10.0.8.108/32#32,21562156#48;2156#9,0
ADD,ipv4,10.0.8.109/32#32,21572157#48;2157#9,0
ADD,ipv4,10.0.8.110/32#32,21582158#48;2158#9,0
ADD,ipv4,10.0.8.111/32#32,21592159#48;2159#9,0
ADD,ipv4,10.0.8.112/32#32,21602160#48;2160#9,0
ADD,ipv4,10.0.8.113/32#32,21612161#48;2161#9,0
ADD,ipv4,10.0.8.114/32#32,21622162#48;2162#9,0
ADD,ipv4,10.0.8.115/32#32,21632163#48;2163#9,0
ADD,ipv4,10.0.8.116/32#32,21642164#48;2164#9,0
ADD,ipv4,10.0.8.117/32#32,21652165#48;2165#9,0
ADD,ipv4,10.0.8.118/32#32,21662166#48;2166#9,0
ADD,ipv4,10.0.8.119/32#32,21672167#48;2167#9,0
ADD,ipv4,10.0.8.120/32#32,21682168#48;2168#9,0
ADD,ipv4,10.0.8.121/32#32,21692169#48;2169#9,0
ADD,ipv4,10.0.8.122/32#32,21702170#48;2170#9,0
ADD,ipv4,10.0.8.123/32#32,21712171#48;2171#9,0
ADD,ipv4,10.0.8.124/32#32,21722172#48;2172#9,0
ADD,ipv4,10.0.8.125/32#32,21732173#48;2173#9,0
ADD,ipv4,10.0.8.126/32#32,21742174#48;2174#9,0
ADD,ipv4,10.0.8.127/32#32,21752175#48;2175#9,0
ADD,ipv4,10.0.8.128/32#32,21762176#48;2176#9,0
ADD,ipv4,10.0.8.129/32#32,21772177#48;2177#9,0
ADD,ipv4,10.0.8.130/32#32,21782178#48;2178#9,0
ADD,ipv4,10.0.8.131/32#32,21792179#48;2179#9,0
ADD,ipv4,10.0.8.132/32#32,21802180#48;2180#9,0
ADD,ipv4,10.0.8.133/32#32,21812181#48;2181#9,0
ADD,ipv4,10.0.8.134/32#32,21822182#48;2182#9,0
ADD,ipv4,10.0.8.135/32#32,21832183#48;2183#9,0
ADD,ipv4,10.0.8.136/32#32,21842184#48;2184#9,0
ADD,ipv4,10.0.8.137/32#32,21852185#48;2185#9,0
ADD,ipv4,10.0.8.138/32#32,21862186#48;2186#9,0
ADD,ipv4,10.0.8.139/32#32,21872187#48;2187#9,0
ADD,ipv4,10.0.8.140/32#32,21882188#48;2188#9,0
ADD,ipv4,10.0.8.141/32#32,21892189#48;2189#9,0
ADD,ipv4,10.0.8.142/32#32,21902190#48;2190#9,0
ADD,ipv4,10.0.8.143/32#32,21912191#48;2191#9,0
ADD,ipv4,10.0.8.144/32#32,21922192#48;2192#9,0
ADD,ipv4,10.0.8.145/32#32,21932193#48;2193#9,0
ADD,ipv4,10.0.8.146/32#32,21942194#48;2194#9,0
ADD,ipv4,10.0.8.147/32#32,21952195#48;2195#9,0
ADD,ipv4,10.0.8.148/32#32,21962196#48;2196#9,0
ADD,ipv4,10.0.8.149/32#32,21972197#48;2197#9,0
ADD,ipv4,10.0.8.150/32#32,21982198#48;2198#9,0
ADD,ipv4,10.0.8.151/32#32,21992199#48;2199#9,0
ADD,ipv4,10.0.8.152/32#32,22002200#48;2200#9,0
ADD,ipv4,10.0.8.153/32#32,22012201#48;2201#9,0
ADD,ipv4,10.0.8.154/32#32,22022202#48;2202#9,0
ADD,ipv4,10.0.8.155/32#32,22032203#48;2203#9,0
ADD,ipv4,10.0.8.156/32#32,22042204#48;2204#9,0
ADD,ipv4,10.0.8.157/32#32,22052205#48;2205#9,0
ADD,ipv4,10.0.8.158/32#32,22062206#48;2206#9,0
ADD,ipv4,10.0.8.159/32#32,22072207#48;2207#9,0
ADD,ipv4,10.0.8.160/32#32,22082208#48;2208#9,0
ADD,ipv4,10.0.8.161/32#32,22092209#48;2209#9,0
ADD,ipv4,10.0.8.162/32#32,22102210#48;2210#9,0
ADD,ipv4,10.0.8.163/32#32,22112211#48;2211#9,0
ADD,ipv4,10.0.8.164/32#32,22122212#48;2212#9,0
ADD,ipv4,10.0.8.165/32#32,22132213#48;2213#9,0
ADD,ipv4,10.0.8.166/32#32,22142214#48;2214#9,0
ADD,ipv4,10.0.8.167/32#32,22152215#48;2215#9,0
ADD,ipv4,10.0.8.168/32#32,22162216#48;2216#9,0
ADD,ipv4,10.0.8.169/32#32,22172217#48;2217#9,0
ADD,ipv4,10.0.8.170/32#32,22182218#48;2218#9,0
ADD,ipv4,10.0.8.171/32#32,22192219#48;2219#9,0
ADD,ipv4,10.0.8.172/32#32,22202220#48;2220#9,0
ADD,ipv4,10.0.8.173/32#32,22212221#48;2221#9,0
ADD,ipv4,10.0.8.174/32#32,22222222#48;2222#9,0
ADD,ipv4,10.0.8.175/32#32,22232223#48;2223#9,0
ADD,ipv4,10.0.8.176/32#32,22242224#48;2224#9,0
ADD,ipv4,10.0.8.177/32#32,22252225#48;2225#9,0
ADD,ipv4,10.0.8.178/32#32,22262226#48;2226#9,0
ADD,ipv4,10.0.8.179/32#32,22272227#48;2227#9,0
ADD,ipv4,10.0.8.180/32#32,22282228#48;2228#9,0
ADD,ipv4,10.0.8.181/32#32,22292229#48;2229#9,0
ADD,ipv4,10.0.8.182/32#32,22302230#48;2230#9,0
ADD,ipv4,10.0.8.183/32#32,22312231#48;2231#9,0
ADD,ipv4,10.0.8.184/32#32,22322232#48;2232#9,0
ADD,ipv4,10.0.8.185/32#32,22332233#48;2233#9,0
ADD,ipv4,10.0.8.186/32#32,22342234#48;2234#9,0
ADD,ipv4,10.0.8.187/32#32,22352235#48;2235#9,0
ADD,ipv4,10.0.8.188/32#32,22362236#48;2236#9,0
ADD,ipv4,10.0.8.189/32#32,22372237#48;2237#9,0
ADD,ipv4,10.0.8.190/32#32,22382238#48;2238#9,0
ADD,ipv4,10.0.8.191/32#32,22392239#48;2239#9,0
ADD,ipv4,10.0.8.192/32#32,22402240#48;2240#9,0
ADD,ipv4,10.0.8.193/32#32,22412241#48;2241#9,0
ADD,ipv4,10.0.8.194/32#32,22422242#48;2242#9,0
ADD,ipv4,10.0.8.195/32#32,22432243#48;2243#9,0
ADD,ipv4,10.0.8.196/32#32,22442244#48;2244#9,0
ADD,ipv4,10.0.8.197/32#32,22452245#48;2245#9,0
ADD,ipv4,10.0.8.198/32#32,22462246#48;2246#9,0
ADD,ipv4,10.0.8.199/32#32,22472247#48;2247#9,0
ADD,ipv4,10.0.8.200/32#32,22482248#48;2248#9,0
ADD,ipv4,10.0.8.201/32#32,22492249#48;2249#9,0
ADD,ipv4,10.0.8.202/32#32,22502250#48;2250#9,0
ADD,ipv4,10.0.8.203/32#32,22512251#48;2251#9,0
ADD,ipv4,10.0.8.204/32#32,22522252#48;2252#9,0
ADD,ipv4,10.0.8.205/32#32,22532253#48;2253#9,0
ADD,ipv4,10.0.8.206/32#32,22542254#48;2254#9,0
ADD,ipv4,10.0.8.207/32#32,22552255#48;2255#9,0
ADD,ipv4,10.0.8.208/32#32,22562256#48;2256#9,0
ADD,ipv4,10.0.8.209/32#32,22572257#48;2257#9,0
ADD,ipv4,10.0.8.210/32#32,22582258#48;2258#9,0
ADD,ipv4,10.0.8.211/32#32,22592259#48;2259#9,0
ADD,ipv4,10.0.8.212/32#32,22602260#48;2260#9,0
ADD,ipv4,10.0.8.213/32#32,22612261#48;2261#9,0
ADD,ipv4,10.0.8.214/32#32,22622262#48;2262#9,0
ADD,ipv4,10.0.8.215/32#32,22632263#48;2263#9,0
ADD,ipv4,10.0.8.216/32#32,22642264#48;2264#9,0
ADD,ipv4,10.0.8.217/32#32,22652265#48;2265#9,0
ADD,ipv4,10.0.8.218/32#32,22662266#48;2266#9,0
ADD,ipv4,10.0.8.219/32#32,22672267#48;2267#9,0
ADD,ipv4,10.0.8.220/32#32,22682268#48;2268#9,0
ADD,ipv4,10.0.8.221/32#32,22692269#48;2269#9,0
ADD,ipv4,10.0.8.222/32#32,22702270#48;2270#9,0
ADD,ipv4,10.0.8.223/32#32,22712271#48;2271#9,0
ADD,ipv4,10.0.8.224/32#32,22722272#48;2272#9,0
ADD,ipv4,10.0.8.225/32#32,22732273#48;2273#9,0
ADD,ipv4,10.0.8.226/32#32,22742274#48;2274#9,0
ADD,ipv4,10.0.8.227/32#32,22752275#48;2275#9,0
ADD,ipv4,10.0.8.228/32#32,22762276#48;2276#9,0
ADD,ipv4,10.0.8.229/32#32,22772277#48;2277#9,0
ADD,ipv4,10.0.8.230/32#32,22782278#48;2278#9,0
ADD,ipv4,10.0.8.231/32#32,22792279#48;2279#9,0
ADD,ipv4,10.0.8.232/32#32,22802280#48;2280#9,0
ADD,ipv4,10.0.8.233/32#32,22812281#48;2281#9,0
ADD,ipv4,10.0.8.234/32#32,22822282#48;2282#9,0
ADD,ipv4,10.0.8.235/32#32,22832283#48;2283#9,0
ADD,ipv4,10.0.8.236/32#32,22842284#48;2284#9,0
ADD,ipv4,10.0.8.237/32#32,22852285#48;2285#9,0
ADD,ipv4,10.0.8.238/32#32,22862286#48;2286#9,0
ADD,ipv4,10.0.8.239/32#32,22872287#48;2287#9,0
ADD,ipv4,10.0.8.240/32#32,22882288#48;2288#9,0
ADD,ipv4,10.0.8.241/32#32,22892289#48;2289#9,0
ADD,ipv4,10.0.8.242/32#32,22902290#48;2290#9,0
ADD,ipv4,10.0.8.243/32#32,22912291#48;2291#9,0
ADD,ipv4,10.0.8.244/32#32,22922292#48;2292#9,0
ADD,ipv4,10.0.8.245/32#32,22932293#48;2293#9,0
ADD,ipv4,10.0.8.246/32#32,22942294#48;2294#9,0
ADD,ipv4,10.0.8.247/32#32,22952295#48;2295#9,0
ADD,ipv4,10.0.8.248/32#32,22962296#48;2296#9,0
ADD,ipv4,10.0.8.249/32#32,22972297#48;2297#9,0
ADD,ipv4,10.0.8.250/32#32,22982298#48;2298#9,0
ADD,ipv4,10.0.8.251/32#32,22992299#48;2299#9,0
ADD,ipv4,10.0.8.252/32#32,23002300#48;2300#9,0
ADD,ipv4,10.0.8.253/32#32,23012301#48;2301#9,0
ADD,ipv4,10.0.8.254/32#32,23022302#48;2302#9,0
ADD,ipv4,10.0.8.255/32#32,23032303#48;2303#9,0
ADD,ipv4,10.0.9.0/32#32,23042304#48;2304#9,0
ADD,ipv4,10.0.9.1/32#32,23052305#48;2305#9,0
ADD,ipv4,10.0.9.2/32#32,23062306#48;2306#9,0
ADD,ipv4,10.0.9.3/32#32,23072307#48;2307#9,0
ADD,ipv4,10.0.9.4/32#32,23082308#48;2308#9,0
ADD,ipv4,10.0.9.5/32#32,23092309#48;2309#9,0
ADD,ipv4,10.0.9.6/32#32,23102310#48;2310#9,0
ADD,ipv4,10.0.9.7/32#32,23112311#48;2311#9,0
ADD,ipv4,10.0.9.8/32#32,23122312#48;2312#9,0
ADD,ipv4,10.0.9.9/32#32,23132313#48;2313#9,0
ADD,ipv4,10.0.9.10/32#32,23142314#48;2314#9,0
ADD,ipv4,10.0.9.11/32#32,23152315#48;2315#9,0
ADD,ipv4,10.0.9.12/32#32,23162316#48;2316#9,0
ADD,ipv4,10.0.9.13/32#32,23172317#48;2317#9,0
ADD,ipv4,10.0.9.14/32#32,23182318#48;2318#9,0
ADD,ipv4,10.0.9.15/32#32,23192319#48;2319#9,0
ADD,ipv4,10.0.9.16/32#32,23202320#48;2320#9,0
ADD,ipv4,10.0.9.17/32#32,23212321#48;2321#9,0
ADD,ipv4,10.0.9.18/32#32,23222322#48;2322#9,0
ADD,ipv4,10.0.9.19/32#32,23232323#48;2323#9,0
ADD,ipv4,10.0.9.20/32#32,23242324#48;2324#9,0
ADD,ipv4,10.0.9.21/32#32,23252325#48;2325#9,0
ADD,ipv4,10.0.9.22/32#32,23262326#48;2326#9,0
ADD,ipv4,10.0.9.23/32#32,23272327#48;2327#9,0
ADD,ipv4,10.0.9.24/32#32,23282328#48;2328#9,0
ADD,ipv4,10.0.9.25/32#32,23292329#48;2329#9,0
ADD,ipv4,10.0.9.26/32#32,23302330#48;2330#9,0
ADD,ipv4,10.0.9.27/32#32,23312331#48;2331#9,0
ADD,ipv4,10.0.9.28/32#32,23322332#48;2332#9,0
ADD,ipv4,10.0.9.29/32#32,23332333#48;2333#9,0
ADD,ipv4,10.0.9.30/32#32,23342334#48;2334#9,0
ADD,ipv4,10.0.9.31/32#32,23352335#48;2335#9,0
ADD,ipv4,10.0.9.32/32#32,23362336#48;2336#9,0
ADD,ipv4,10.0.9.33/32#32,23372337#48;2337#9,0
ADD,ipv4,10.0.9.34/32#32,23382338#48;2338#9,0
ADD,ipv4,10.0.9.35/32#32,23392339#48;2339#9,0
ADD,ipv4,10.0.9.36/32#32,23402340#48;2340#9,0
ADD,ipv4,10.0.9.37/32#32,23412341#48;2341#9,0
ADD,ipv4,10.0.9.38/32#32,23422342#48;2342#9,0
ADD,ipv4,10.0.9.39/32#32,23432343#48;2343#9,0
ADD,ipv4,10.0.9.40/32#32,23442344#48;2344#9,0
ADD,ipv4,10.0.9.41/32#32,23452345#48;2345#9,0
ADD,ipv4,10.0.9.42/32#32,23462346#48;2346#9,0
ADD,ipv4,10.0.9.43/32#32,23472347#48;2347#9,0
ADD,ipv4,10.0.9.44/32#32,23482348#48;2348#9,0
ADD,ipv4,10.0.9.45/32#32,23492349#48;2349#9,0
ADD,ipv4,10.0.9.46/32#32,23502350#48;2350#9,0
ADD,ipv4,10.0.9.47/32#32,23512351#48;2351#9,0
ADD,ipv4,10.0.9.48/32#32,23522352#48;2352#9,0
ADD,ipv4,10.0.9.49/32#32,23532353#48;2353#9,0
ADD,ipv4,10.0.9.50/32#32,23542354#48;2354#9,0
ADD,ipv4,10.0.9.51/32#32,23552355#48;2355#9,0
ADD,ipv4,10.0.9.52/32#32,23562356#48;2356#9,0
ADD,ipv4,10.0.9.53/32#32,23572357#48;2357#9,0
ADD,ipv4,10.0.9.54/32#32,23582358#48;2358#9,0
ADD,ipv4,10.0.9.55/32#32,23592359#48;2359#9,0
ADD,ipv4,10.0.9.56/32#32,23602360#48;2360#9,0
ADD,ipv4,10.0.9.57/32#32,23612361#48;2361#9,0
ADD,ipv4,10.0.9.58/32#32,23622362#48;2362#9,0
ADD,ipv4,10.0.9.59/32#32,23632363#48;2363#9,0
ADD,ipv4,10.0.9.60/32#32,23642364#48;2364#9,0
ADD,ipv4,10.0.9.61/32#32,23652365#48;2365#9,0
ADD,ipv4,10.0.9.62/32#32,23662366#48;2366#9,0
ADD,ipv4,10.0.9.63/32#32,23672367#48;2367#9,0
ADD,ipv4,10.0.9.64/32#32,23682368#48;2368#9,0
ADD,ipv4,10.0.9.65/32#32,23692369#48;2369#9,0
ADD,ipv4,10.0.9.66/32#32,23702370#48;2370#9,0
ADD,ipv4,10.0.9.67/32#32,23712371#48;2371#9,0
ADD,ipv4,10.0.9.68/32#32,23722372#48;2372#9,0
ADD,ipv4,10.0.9.69/32#32,23732373#48;2373#9,0
ADD,ipv4,10.0.9.70/32#32,23742374#48;2374#9,0
ADD,ipv4,10.0.9.71/32#32,23752375#48;2375#9,0
ADD,ipv4,10.0.9.72/32#32,23762376#48;2376#9,0
ADD,ipv4,10.0.9.73/32#32,23772377#48;2377#9,0
ADD,ipv4,10.0.9.74/32#32,23782378#48;2378#9,0
ADD,ipv4,10.0.9.75/32#32,23792379#48;2379#9,0
ADD,ipv4,10.0.9.76/32#32,23802380#48;2380#9,0
ADD,ipv4,10.0.9.77/32#32,23812381#48;2381#9,0
ADD,ipv4,10.0.9.78/32#32,23822382#48;2382#9,0
ADD,ipv4,10.0.9.79/32#32,23832383#48;2383#9,0
ADD,ipv4,10.0.9.80/32#32,23842384#48;2384#9,0
ADD,ipv4,10.0.9.81/32#32,23852385#48;2385#9,0
ADD,ipv4,10.0.9.82/32#32,23862386#48;2386#9,0
ADD,ipv4,10.0.9.83/32#32,23872387#48;2387#9,0
ADD,ipv4,10.0.9.84/32#32,23882388#48;2388#9,0
ADD,ipv4,10.0.9.85/32#32,23892389#48;2389#9,0
ADD,ipv4,10.0.9.86/32#32,23902390#48;2390#9,0
ADD,ipv4,10.0.9.87/32#32,23912391#48;2391#9,0
ADD,ipv4,10.0.9.88/32#32,23922392#48;2392#9,0
ADD,ipv4,10.0.9.89/32#32,23932393#48;2393#9,0
ADD,ipv4,10.0.9.90/32#32,23942394#48;2394#9,0
ADD,ipv4,10.0.9.91/32#32,23952395#48;2395#9,0
ADD,ipv4,10.0.9.92/32#32,23962396#48;2396#9,0
ADD,ipv4,10.0.9.93/32#32,23972397#48;2397#9,0
ADD,ipv4,10.0.9.94/32#32,23982398#48;2398#9,0
ADD,ipv4,10.0.9.95/32#32,23992399#48;2399#9,0
ADD,ipv4,10.0.9.96/32#32,24002400#48;2400#9,0
ADD,ipv4,10.0.9.97/32#32,24012401#48;2401#9,0
ADD,ipv4,10.0.9.98/32#32,24022402#48;2402#9,0
ADD,ipv4,10.0.9.99/32#32,24032403#48;2403#9,0
ADD,ipv4,10.0.9.100/32#32,24042404#48;2404#9,0
ADD,ipv4,10.0.9.101/32#32,24052405#48;2405#9,0
ADD,ipv4,10.0.9.102/32#32,24062406#48;2406#9,0
ADD,ipv4,10.0.9.103/32#32,24072407#48;2407#9,0
ADD,ipv4,10.0.9.104/32#32,24082408#48;2408#9,0
ADD,ipv4,10.0.9.105/32#32,24092409#48;2409#9,0
ADD,ipv4,10.0.9.106/32#32,24102410#48;2410#9,0
ADD,ipv4,10.0.9.107/32#32,24112411#48;2411#9,0
ADD,ipv4,10.0.9.108/32#32,24122412#48;2412#9,0
ADD,ipv4,10.0.9.109/32#32,24132413#48;2413#9,0
ADD,ipv4,10.0.9.110/32#32,24142414#48;2414#9,0
ADD,ipv4,10.0.9.111/32#32,24152415#48;2415#9,0
ADD,ipv4,10.0.9.112/32#32,24162416#48;2416#9,0
ADD,ipv4,10.0.9.113/32#32,24172417#48;2417#9,0
ADD,ipv4,10.0.9.114/32#32,24182418#48;2418#9,0
ADD,ipv4,10.0.9.115/32#32,24192419#48;2419#9,0
ADD,ipv4,10.0.9.116/32#32,24202420#48;2420#9,0
ADD,ipv4,10.0.9.117/32#32,24212421#48;2421#9,0
ADD,ipv4,10.0.9.118/32#32,24222422#48;2422#9,0
ADD,ipv4,10.0.9.119/32#32,24232423#48;2423#9,0
ADD,ipv4,10.0.9.120/32#32,24242424#48;2424#9,0
ADD,ipv4,10.0.9.121/32#32,24252425#48;2425#9,0
ADD,ipv4,10.0.9.122/32#32,24262426#48;2426#9,0
ADD,ipv4,10.0.9.123/32#32,24272427#48;2427#9,0
ADD,ipv4,10.0.9.124/32#32,24282428#48;2428#9,0
ADD,ipv4,10.0.9.125/32#32,24292429#48;2429#9,0
ADD,ipv4,10.0.9.126/32#32,24302430#48;2430#9,0
ADD,ipv4,10.0.9.127/32#32,24312431#48;2431#9,0
ADD,ipv4,10.0.9.128/32#32,24322432#48;2432#9,0
ADD,ipv4,10.0.9.129/32#32,24332433#48;2433#9,0
ADD,ipv4,10.0.9.130/32#32,24342434#48;2434#9,0
ADD,ipv4,10.0.9.131/32#32,24352435#48;2435#9,0
ADD,ipv4,10.0.9.132/32#32,24362436#48;2436#9,0
ADD,ipv4,10.0.9.133/32#32,24372437#48;2437#9,0
ADD,ipv4,10.0.9.134/32#32,24382438#48;2438#9,0
ADD,ipv4,10.0.9.135/32#32,24392439#48;2439#9,0
ADD,ipv4,10.0.9.136/32#32,24402440#48;2440#9,0
ADD,ipv4,10.0.9.137/32#32,24412441#48;2441#9,0
ADD,ipv4,10.0.9.138/32#32,24422442#48;2442#9,0
ADD,ipv4,10.0.9.139/32#32,24432443#48;2443#9,0
ADD,ipv4,10.0.9.140/32#32,24442444#48;2444#9,0
ADD,ipv4,10.0.9.141/32#32,24452445#48;2445#9,0
ADD,ipv4,10.0.9.142/32#32,24462446#48;2446#9,0
ADD,ipv4,10.0.9.143/32#32,24472447#48;2447#9,0
ADD,ipv4,10.0.9.144/32#32,24482448#48;2448#9,0
ADD,ipv4,10.0.9.145/32#32,24492449#48;2449#9,0
ADD,ipv4,10.0.9.146/32#32,24502450#48;2450#9,0
ADD,ipv4,10.0.9.147/32#32,24512451#48;2451#9,0
ADD,ipv4,10.0.9.148/32#32,24522452#48;2452#9,0
ADD,ipv4,10.0.9.149/32#32,24532453#48;2453#9,0
ADD,ipv4,10.0.9.150/32#32,24542454#48;2454#9,0
ADD,ipv4,10.0.9.151/32#32,24552455#48;2455#9,0
ADD,ipv4,10.0.9.152/32#32,24562456#48;2456#9,0
ADD,ipv4,10.0.9.153/32#32,24572457#48;2457#9,0
ADD,ipv4,10.0.9.154/32#32,24582458#48;2458#9,0
ADD,ipv4,10.0.9.155/32#32,24592459#48;2459#9,0
ADD,ipv4,10.0.9.156/32#32,24602460#48;2460#9,0
ADD,ipv4,10.0.9.157/32#32,24612461#48;2461#9,0
ADD,ipv4,10.0.9.158/32#32,24622462#48;2462#9,0
ADD,ipv4,10.0.9.159/32#32,24632463#48;2463#9,0
ADD,ipv4,10.0.9.160/32#32,24642464#48;2464#9,0
ADD,ipv4,10.0.9.161/32#32,24652465#48;2465#9,0
ADD,ipv4,10.0.9.162/32#32,24662466#48;2466#9,0
ADD,ipv4,10.0.9.163/32#32,24672467#48;2467#9,0
ADD,ipv4,10.0.9.164/32#32,24682468#48;2468#9,0
ADD,ipv4,10.0.9.165/32#32,24692469#48;2469#9,0
ADD,ipv4,10.0.9.166/32#32,24702470#48;2470#9,0
ADD,ipv4,10.0.9.167/32#32,24712471#48;2471#9,0
ADD,ipv4,10.0.9.168/32#32,24722472#48;2472#9,0
ADD,ipv4,10.0.9.169/32#32,24732473#48;2473#9,0
ADD,ipv4,10.0.9.170/32#32,24742474#48;2474#9,0
ADD,ipv4,10.0.9.171/32#32,24752475#48;2475#9,0
ADD,ipv4,10.0.9.172/32#32,24762476#48;2476#9,0
ADD,ipv4,10.0.9.173/32#32,24772477#48;2477#9,0
ADD,ipv4,10.0.9.174/32#32,24782478#48;2478#9,0
ADD,ipv4,10.0.9.175/32#32,24792479#48;2479#9,0
ADD,ipv4,10.0.9.176/32#32,24802480#48;2480#9,0
ADD,ipv4,10.0.9.177/32#32,24812481#48;2481#9,0
ADD,ipv4,10.0.9.178/32#32,24822482#48;2482#9,0
ADD,ipv4,10.0.9.179/32#32,24832483#48;2483#9,0
ADD,ipv4,10.0.9.180/32#32,24842484#48;2484#9,0
ADD,ipv4,10.0.9.181/32#32,24852485#48;2485#9,0
ADD,ipv4,10.0.9.182/32#32,24862486#48;2486#9,0
ADD,ipv4,10.0.9.183/32#32,24872487#48;2487#9,0
ADD,ipv4,10.0.9.184/32#32,24882488#48;2488#9,0
ADD,ipv4,10.0.9.185/32#32,24892489#48;2489#9,0
ADD,ipv4,10.0.9.186/32#32,24902490#48;2490#9,0
ADD,ipv4,10.0.9.187/32#32,24912491#48;2491#9,0
ADD,ipv4,10.0.9.188/32#32,24922492#48;2492#9,0
ADD,ipv4,10.0.9.189/32#32,24932493#48;2493#9,0
ADD,ipv4,10.0.9.190/32#32,24942494#48;2494#9,0
ADD,ipv4,10.0.9.191/32#32,24952495#48;2495#9,0
ADD,ipv4,10.0.9.192/32#32,24962496#48;2496#9,0
ADD,ipv4,10.0.9.193/32#32,24972497#48;2497#9,0
ADD,ipv4,10.0.9.194/32#32,24982498#48;2498#9,0
ADD,ipv4,10.0.9.195/32#32,24992499#48;2499#9,0
ADD,ipv4,10.0.9.196/32#32,25002500#48;2500#9,0
